HDP ID,Project number,Active status,Archive date,Study name,Year Awarded,Registered,Clinical Trials ID,SLMD completion %,Repository selection,Data link(s) submitted,VLMD submitted - Data Dictionary,VLMD submitted - CDE,HEAL Research Program,NIH RePORTER link,Study PIs,DOI Identifier
HDP00001,1R43DA046998-01,live,,Development of a multiplex peptide array to identify patients with an autoantibody signature for chronic pain,2019,No,,11.5,,,No,No,Small Business Programs,https://reporter.nih.gov/project-details/9608089,Martyn  Darby,
HDP00002,1U24HD107621-01,live,,HEAL Evaluation of Limited Pharmacotherapies for Neonatal Opioid Withdrawal Syndrome (HELP for NOWS) - Data Coordinating Center,2021,Yes,,17.3,NICHD DASH,,Yes,No,Advancing Clinical Trials in Neonatal Opioid Withdrawal (ACT NOW),https://reporter.nih.gov/project-details/10378283,Abhik  Das,
HDP00003,1U01DA055343-01,archived,2024-05-30T13:43:29.646239,1/2 Assessing the Cumulative Impact of Early Life Substance and Environment Exposure on Child Neurodevelopment and Health,2021,No,,11.5,,,No,No,HEALthy Brain and Child Development Study (HBCD),https://reporter.nih.gov/project-details/10381103,"Viren Andrew D'Sa, Sean CL Deoni",
HDP00004,1K24AT011995-01,archived,2024-08-22T14:57:46.930602,Providing training in effective non-opioid options for the treatment of pain conditions.,2021,No,,11.5,,,No,No,,https://reporter.nih.gov/project-details/10439270,Ardith Z Doorenbos,
HDP00005,1U24NS113850-01,archived,2023-08-22T13:45:13.587225,Clinical Coordinating Center for the Health Initiative in Early Phase Pain Investigation Clinical Network,2019,No,,11.5,,,No,No,Early Phase Pain Investigation Clinical Network (EPPIC-Net),https://reporter.nih.gov/project-details/9867358,"Robert H Dworkin, ROBERT R EDWARDS, MAURIZIO  FAVA, JAMES P. RATHMELL",
HDP00006,1R34DA050285-01,archived,2024-08-06T11:25:05.951825,3/5 The Cumulative Risk of Substance Exposure and Early Life Adversity on Child Health Development and Outcomes,2019,No,,11.5,,,No,No,HEALthy Brain and Child Development Study (HBCD),https://reporter.nih.gov/project-details/9900258,Nathan A Fox,
HDP00007,1U18EB029257-01,live,,Temporal Patterns of Spinal Cord Stimulation,2019,Yes,,46.2,SPARC,https://doi.org/10.26275/aexe-anbk,No,No,Translating Discoveries into Effective Devices to Treat Pain,https://reporter.nih.gov/project-details/9898687,Warren M. Grill,
HDP00008,1UG3DA054799-01,live,,Development of Lofexidine as a First-line Non-Opioid Pharmacologic Treatment for Neonatal Opioid Withdrawal Syndrome,2021,No,,11.5,,,No,No,Focusing Medication Development to Prevent and Treat Opioid Use Disorder and Overdose,https://reporter.nih.gov/project-details/10320676,"Kristen Leann Gullo, Randal  Seburg",
HDP00009,1U18EB029354-01,live,,Treating pain in sickle cell disease by means of focused ultrasound neuromodulation,2019,Yes,,69.2,Figshare,"https://doi.org/10.6084/m9.figshare.24867198, https://doi.org/10.6084/m9.figshare.25036925, https://doi.org/10.6084/m9.figshare.25006901, https://doi.org/10.6084/m9.figshare.24867261, https://doi.org/10.6084/m9.figshare.25036364, https://doi.org/10.6084/m9.figshare.25036019, https://doi.org/10.6084/m9.figshare.25006955",No,No,Translating Discoveries into Effective Devices to Treat Pain,https://reporter.nih.gov/project-details/9932691,BIN  HE,10.60490/HDP00009
HDP00010,1UG1DA049467-01,archived,2025-01-07T13:03:11.983069,Great Lakes Node of the Drug Abuse Clinical Trials Network,2019,No,,11.5,,,No,No,Enhancing the National Drug Abuse Treatment Clinical Trials Network to Address Opioids,https://reporter.nih.gov/project-details/9839124,Niranjan  Karnik,
HDP00011,1UG3DA050250-01,archived,2024-09-24T10:57:04.885210,Preventing Opioid Use Among Justice-Involved Youth as They Transition to Adulthood: Leveraging Safe Adults (LeSA),2019,Yes,NCT04678960,88.5,,,No,No,Preventing Opioid Use Disorder,https://reporter.nih.gov/project-details/9893173,DANICA K KNIGHT,10.60490/HDP00011
HDP00012,1UG3NS123964-01,live,,Disease Modifying Analgesia with CA8 Gene Therapy,2021,No,,11.5,,,No,No,Development and Optimization of Non-Addictive Therapies to Treat Pain,https://reporter.nih.gov/project-details/10304570,ROY C. LEVITT,
HDP00013,1R34DA050262-01,archived,2024-08-06T11:25:09.989030,"1/5, HEAL Consortium: Establishing Innovative Approaches for the HEALthy Brain and Child Development Study",2019,No,,11.5,,,No,No,HEALthy Brain and Child Development Study (HBCD),https://reporter.nih.gov/project-details/9900350,"JOHN Horace GILMORE, Karen M Grewen, Hendree E Jones, Weili  Lin",
HDP00014,1U18EB030607-01,live,,Non-invasive Nonpharmaceutical Treatment for Neck Pain: Development of Cervical Spine-specific MR-guided Focused Ultrasound System.,2020,Yes,,7.7,SPARC,https://doi.org/10.26275/s6ps-bshx,No,No,Translating Discoveries into Effective Devices to Treat Pain,https://reporter.nih.gov/project-details/10113291,VIOLA  RIEKE,
HDP00015,1R43NS119087-01A1,live,,Evaluating the Blood-Brain Barrier Bioavailability and in vivo Efficacy Potential of a Novel TAK1 Inhibitor Targeting Chronic Pain,2021,Yes,,51.9,,,No,No,Small Business Programs,https://reporter.nih.gov/project-details/10151730,"TIMOTHY A HAYSTEAD, Scott  Scarneo",10.60490/HDP00015
HDP00016,1U2CDA050098-01,archived,2024-10-29T14:09:43.304562,Methodology and Advanced Analytics Resource Center (MAARC),2019,No,,11.5,,,No,No,Justice Community Opioid Innovation Network,https://reporter.nih.gov/project-details/9882805,"HAROLD Alexander POLLACK, John  Schneider",
HDP00017,1U01HL150568-01,live,,"Effects of experimental sleep disruption and fragmentation on cerebral Mu-opioid receptor function, Mu-opioid receptor agonist analgesia, and abuse liability.",2019,No,,11.5,,,No,No,Sleep Dysfunction as a Core Feature of Opioid Use Disorder and Recovery,https://reporter.nih.gov/project-details/9882011,Michael T Smith,
HDP00018,1UG3DA047680-01,live,,A novel therapeutic to ameliorate chronic pain and reduce opiate use,2019,Yes,,75.0,,,No,No,Focusing Medication Development to Prevent and Treat Opioid Use Disorder and Overdose,https://reporter.nih.gov/project-details/9667901,Boris  Tabakoff,10.60490/HDP00018
HDP00019,1R41NS115460-01,live,,Minimally Invasive Intercostal Nerve Block Device to Treat Severe Pain and Reduce Usage of Opiates,2019,No,,11.5,,,No,No,Small Business Programs,https://reporter.nih.gov/project-details/9908680,"Stephen  Popielarski, Changfeng  Tai",
HDP00020,1R44DA049630-01,live,,Opioid-Sparing pain management for Chronic Low Back Pain patients using TMC-CP01 - A VANISH (Virtual Autonomic Neuromodulation Induced Systemic Healing) based program,2019,No,,11.5,,,No,No,Small Business Programs,https://reporter.nih.gov/project-details/9848085,"Gale  Lucas, Aman  Mahajan, Celine  Tien",
HDP00021,1UG3DA050311-01,live,,Mu Opioid Receptor Modulator Development to Treat Opioid Use Disorder,2019,No,,11.5,,,No,No,Focusing Medication Development to Prevent and Treat Opioid Use Disorder and Overdose,https://reporter.nih.gov/project-details/9904032,YAN  ZHANG,
HDP00022,1R41DA047837-01,live,,Mobile Peer Support for Opioid Use Disorders: Refinement of an Innovative Machine Learning Tool,2019,No,,11.5,,,No,No,,https://reporter.nih.gov/project-details/9679778,Francesca  Beaudoin,
HDP00023,1UG3DA053123-01,live,,Bacteriophage virus-like particle vaccines for fentanyl and heroin overdose,2021,Yes,,7.7,,,No,No,Focusing Medication Development to Prevent and Treat Opioid Use Disorder and Overdose,https://reporter.nih.gov/project-details/10157937,Bryce C Chackerian,
HDP00024,1R43DA050384-01,live,,NarcoBond: Opioid Targeted Biomimetic Nanosponges for Treatment of Opioid Overdose,2019,No,,11.5,,,No,No,,https://reporter.nih.gov/project-details/9912595,Babak  Esmaeli-Azad,
HDP00025,1K24NS126861-01,archived,2023-12-06T11:02:57.556442,Promoting high-quality pain treatment trials through mentorship of junior investigators: A focus on study conduct and method development,2021,No,,11.5,,,No,No,,https://reporter.nih.gov/project-details/10436556,Jennifer  Gewandter,
HDP00026,1R43DA050395-01,live,,Fixed dose analgesic combination with non-opioid mechanism to prevent opioid misuse,2019,No,,11.5,,,No,No,Small Business Programs,https://reporter.nih.gov/project-details/9912257,ARTOUR  GOMTSIAN,
HDP00027,1U01HL150551-01,live,,Dual-orexin antagonism as a mechanism for improving sleep and drug abstinence in opioid use disorder,2019,Yes,NCT04262193,84.6,National Sleep Research Resource (NSRR),,No,No,Sleep Dysfunction as a Core Feature of Opioid Use Disorder and Recovery,https://reporter.nih.gov/project-details/9881407,"Mark K Greenwald, TIMOTHY A ROEHRS",10.60490/HDP00027
HDP00028,1U01DK123816-01,archived,2024-05-14T10:52:05.864855,The Hemodialysis Opioid Prescription Effort Consortium,2019,No,,11.5,NIDA Data Share,,No,No,Integrated Approach to Pain and Opioid Use in Hemodialysis Patients,https://reporter.nih.gov/project-details/9902068,"GAVIN  BART, KIRSTEN L. JOHANSEN, Erin Elizabeth Krebs, Jiannong  Liu",
HDP00029,1U01DA055360-01,archived,2024-05-30T13:43:38.722613,4/24 Healthy Brain and Child Development National Consortium,2021,No,,11.5,,,No,No,HEALthy Brain and Child Development Study (HBCD),https://reporter.nih.gov/project-details/10378974,"Claire D Coles, Julie A Kable",
HDP00030,1ZIATR000375-01,live,,"HEAL: Development of Clinical Candidate Drugs for Pain, Addiction and Overdose",2019,No,,11.5,,,No,No,,https://reporter.nih.gov/project-details/9994056,Donald  Lo,
HDP00031,1U24NS115689-01,archived,2023-08-22T13:45:13.587225,Specialized Clinical Center at MGH for the Early Phase Pain Investigation Clinical Network,2019,No,,11.5,,,No,No,Early Phase Pain Investigation Clinical Network (EPPIC-Net),https://reporter.nih.gov/project-details/9939753,JIANREN  MAO,
HDP00032,1R34DA050261-01,archived,2024-08-06T11:25:08.184782,3/5 HEAL Consortium: Establishing Innovative Approaches  for the HEALthy Brain and Child Development Study,2019,No,,11.5,,,No,No,HEALthy Brain and Child Development Study (HBCD),https://reporter.nih.gov/project-details/9900353,"ASHLEY  ACHESON, Xiawei  Ou",
HDP00033,1R61NS113258-01A1,live,,Multi-Omic Biomarkers for Neuropathic Pain Secondary to Chemotherapy,2020,Yes,,78.8,Vivli,,Yes,Yes,"Discovery and Validation of Biomarkers, Endpoints, and Signatures for Pain Conditions",https://reporter.nih.gov/project-details/10056337,"JOSEPH F FOSS, Kenward B Johnson, Daniel  Rotroff",10.60490/HDP00033
HDP00034,1R44NS120541-01,live,,Development of a Novel Chemokine Receptor Antagonist Peptide as a Non-Opioid Treatment for Relief of Chronic Pain,2021,No,,11.5,,,No,No,,https://reporter.nih.gov/project-details/10138162,Michael R Ruff,
HDP00035,1U44NS115692-01,live,,Development and Optimization of MNK Inhibitors for the Treatment of Neuropathic Pain,2019,Yes,,7.7,,,No,No,Development and Optimization of Non-Addictive Therapies to Treat Pain,https://reporter.nih.gov/project-details/9940967,James Jeffrey Sahn,
HDP00036,1UM1DA049412-01,live,,MassHEAL - Reducing overdose deaths by 40% (2019-2023),2019,Yes,,82.7,ICPSR,,Yes,No,HEALing Communities Study,https://reporter.nih.gov/project-details/9837108,JEFFREY H. SAMET,10.60490/HDP00036
HDP00037,1UG1HD107653-01,archived,2024-11-04T13:39:32.560211,Incorporating nonpharmacologic approaches into a comparative effectiveness pharmacologic trial for neonates with neonatal opioid withdrawal syndrome (NOWS),2021,No,,11.5,,,No,No,Advancing Clinical Trials in Neonatal Opioid Withdrawal (ACT NOW),https://reporter.nih.gov/project-details/10380398,Gregory M. Sokol,
HDP00038,1R21NS113335-01,live,,Targeting the Vgf signaling system for new chronic pain treatments,2019,Yes,,61.5,Open Science Framework,,No,No,Discovery and Validation of Novel Targets for Safe and Effective Treatment of Pain,https://reporter.nih.gov/project-details/9828246,LYUDMILA H VULCHANOVA,10.60490/HDP00038
HDP00039,1RM1DA055301-01,live,,Integrative Treatment for Achieving Holistic Recovery from Comorbid Chronic Pain and Opioid Use Disorder (OPTIC),2021,Yes,,80.8,NAHDAP,,No,No,Integrative Management of chronic Pain and OUD for Whole Recovery (IMPOWR),https://reporter.nih.gov/project-details/10378422,"Matthew Ryan Pearson, Katie A Witkiewitz",10.60490/HDP00039
HDP00040,1U01HL150596-01,live,,The Collaboration Linking Opioid Use Disorder and Sleep ('CLOUDS') Study,2019,No,,11.5,,,No,No,Sleep Dysfunction as a Core Feature of Opioid Use Disorder and Recovery,https://reporter.nih.gov/project-details/9882827,"Declan T. Barry, Nancy S Redeker, Dustin  Scheinost, Henry Klar Yaggi",
HDP00041,1UG3NS114956-01,live,,Optimization of non-addictive biologics to target sodium channels involved in pain signaling,2019,Yes,,7.7,,,No,No,Development and Optimization of Non-Addictive Therapies to Treat Pain,https://reporter.nih.gov/project-details/9888733,"HEIKE  WULFF, VLADIMIR M YAROV-YAROVOY",
HDP00042,1UG3DA048371-01,live,,Development of Next-generation Pharmacotherapy for Opioid Use Disorders,2019,Yes,,7.7,,,No,No,Focusing Medication Development to Prevent and Treat Opioid Use Disorder and Overdose,https://reporter.nih.gov/project-details/9736585,Nurulain T Zaveri,
HDP00043,1UG3DA048775-01,live,,Novel nanovaccines against opioid use disorders,2019,No,,11.5,,,No,No,Focusing Medication Development to Prevent and Treat Opioid Use Disorder and Overdose,https://reporter.nih.gov/project-details/9796252,"Marco  Pravetoni, CHENMING M ZHANG",
HDP00044,1R43NR017575-01A1,live,,Using Virtual Reality Psychological Therapy to Develop a Non-Opioid Chronic Pain Therapy,2019,Yes,NCT04468074,34.6,,,No,No,Small Business Programs,https://reporter.nih.gov/project-details/9621475,"TASSILO  BAEUERLE, Marta  Ceko, Lynn  Webster",
HDP00045,1UG3DA047707-01,live,,Nalmefene Implant for the Long-Term Treatment of Opioid Use Disorder,2018,No,,11.5,,,No,No,Focusing Medication Development to Prevent and Treat Opioid Use Disorder and Overdose,https://reporter.nih.gov/project-details/9677008,Katherine L Beebe DeVarney,
HDP00046,1UG3DA048338-01A1,live,,A Long-Acting Bioabsorbable Naltrexone Subcutaneous Implant for Opioid Use Disorder,2019,Yes,,7.7,,,No,No,Focusing Medication Development to Prevent and Treat Opioid Use Disorder and Overdose,https://reporter.nih.gov/project-details/9796231,"Jeffrey  Benner, Steven M Cohen",
HDP00047,1K24NS126570-01,archived,2023-12-06T11:02:56.104530,Mentorship in precision pain medicine via EPPIC-NET,2021,No,,11.5,,,No,No,,https://reporter.nih.gov/project-details/10426787,ROBERT R EDWARDS,
HDP00048,1UG3DA051392-01,live,,Evaluation of the Safety and Efficacy of a New Oral Small Molecule GABA-B Receptor Positive Allosteric Modulator (PAM) as an Add-on Maintenance Therapy for Opioid Use Disorder (OUD),2020,No,,11.5,,,No,No,Focusing Medication Development to Prevent and Treat Opioid Use Disorder and Overdose,https://reporter.nih.gov/project-details/10026953,"Jay  Erdman, GERARD JOSEPH MAREK",
HDP00049,1R01HL150523-01,live,,Deconstructing sleep disruption as a major risk factor for relapse in opioid use,2019,Yes,,67.3,Figshare,https://doi.org/10.6084/m9.figshare.23767152,No,No,Sleep Dysfunction as a Core Feature of Opioid Use Disorder and Recovery,https://reporter.nih.gov/project-details/9881018,"CAROL A EVERSON, CHRISTOPHER M OLSEN, HERSHEL  RAFF",10.60490/HDP00049
HDP00050,1R34DA050255-01,archived,2024-08-06T11:24:56.183400,Planning Phase for the Healthy Brain and Child Development Study (HEALthy BCD) in Los Angeles County Area,2019,No,,11.5,,,No,No,HEALthy Brain and Child Development Study (HBCD),https://reporter.nih.gov/project-details/9900529,"Wei  Gao, Kimberly D Gregory, SCOTT P JOHNSON",
HDP00051,1RF1NS113840-01,live,,Nrf2 Activation for Addiction-Free Treatment of Neuropathic Pain,2019,No,,11.5,,,No,No,Discovery and Validation of Novel Targets for Safe and Effective Treatment of Pain,https://reporter.nih.gov/project-details/9868758,Peter M Grace,
HDP00052,1R43DA051279-01,live,,Project Motivate: A digital motivation and prediction platform to improve treatment retention and reduce relapse in opioid use disorder,2020,No,,11.5,,,No,No,,https://reporter.nih.gov/project-details/10013066,Jeremy  Guttman,
HDP00053,1UG3DA050308-01,live,,"Clinical Evaluation of C4X3256, a Non-Opioid, Highly-Selective Orexin-1 Receptor Antagonist for the Treatment of Opioid Use Disorder",2019,No,,11.5,,,No,No,Focusing Medication Development to Prevent and Treat Opioid Use Disorder and Overdose,https://reporter.nih.gov/project-details/9904355,Christian Arthur Heidbreder,
HDP00054,1UG3TR003081-01,live,,Multi-organ human-on-a-chip system to address overdose and acute and chronic efficacy and off-target toxicity,2019,Yes,,7.7,BioSystics-AP,https://eve.eveanalytics.com/assays/assaystudy/1211/,No,No,Translational Research to Advance Testing of Novel Drugs and Human Cell-Based Screening Platforms to Treat Pain and Opioid Use Disorder,https://reporter.nih.gov/project-details/9883479,"James J Hickman, MICHAEL L SHULER",
HDP00055,1U01DK123818-01,archived,2024-05-14T10:52:06.395966,Reducing Chronic Pain and Opioid Use in Hemodialysis Patients,2019,No,,11.5,,,No,No,Integrated Approach to Pain and Opioid Use in Hemodialysis Patients,https://reporter.nih.gov/project-details/9902131,"Sahir  Kalim, Sagar  Nigwekar",
HDP00056,1U18EB029353-01,live,,Development of aWireless Endovascular Nerve Stimulator for Treatment of Refractory Neuropathic Pain,2019,Yes,,55.8,Figshare,https://doi.org/10.6084/m9.figshare.27616083.v1,No,No,Translating Discoveries into Effective Devices to Treat Pain,https://reporter.nih.gov/project-details/9932702,"Peter Tze Man Kan, Jacob T. Robinson, Sunil  Sheth",10.60490/HDP00056
HDP00057,1UG3DA047682-01,live,,PF614 MPAR Abuse Deterrent opioid prodrug with overdose protection: Pre-Clinical Development and Phase 1 Clinical Trial,2018,No,,11.5,,,No,No,Focusing Medication Development to Prevent and Treat Opioid Use Disorder and Overdose,https://reporter.nih.gov/project-details/9670620,Lynn  Kirkpatrick,
HDP00058,1R01HL150432-01,live,,Cell-type specific role of circadian-dependent transcription in fentanyl-induced synaptic and behavioral plasticity,2019,No,,11.5,,,No,No,Sleep Dysfunction as a Core Feature of Opioid Use Disorder and Recovery,https://reporter.nih.gov/project-details/9876499,Ryan W Logan,
HDP00059,1UG3HD102038-01,archived,2025-01-28T10:49:58.627500,Effectiveness of an mHealth psychosocial intervention to prevent transition from acute to chronic postsurgical pain in adolescents,2019,Yes,NCT04637802,90.4,,,No,No,Pain Management Effectiveness Research Network,https://reporter.nih.gov/project-details/9868143,"Tonya M Palermo, Jennifer  Rabbitts",10.60490/HDP00059
HDP00060,1R43DA047722-01,live,,Peripherally-restricted and long-acting MAS1(LA-MAS1) agonists for pain,2019,No,,11.5,,,No,No,Small Business Programs,https://reporter.nih.gov/project-details/9674683,Pierre  Riviere,
HDP00061,1U01DA055367-01,archived,2024-05-30T13:43:30.204357,23/24 Healthy Brain and Child Development National Consortium,2021,No,,11.5,,,No,No,HEALthy Brain and Child Development Study (HBCD),https://reporter.nih.gov/project-details/10378402,"RYAN H BOGDAN, CYNTHIA Elise ROGERS",
HDP00062,1R43NS124421-01A1,live,,Development of Nav1.7 Monoclonal Antibodies for Treating Pain,2021,Yes,,7.7,,,No,No,Small Business Programs,https://reporter.nih.gov/project-details/10318547,JOSEPH Benjamin RUCKER,
HDP00063,1R01DE029074-01A1,live,,Novel target identification for treatment of chronic overlapping pain using multimodal brain imaging,2020,Yes,,7.7,Zenodo,,No,No,Discovery and Validation of Novel Targets for Safe and Effective Treatment of Pain,https://reporter.nih.gov/project-details/9966115,"Ohannes Kevork Melemedjian, RICHARD J TRAUB",
HDP00064,1R44DA049685-01,live,,Noninvasive Brain Stimulation for Treating Addiction,2019,No,,11.5,,,No,No,Small Business Programs,https://reporter.nih.gov/project-details/9846812,"Laura  Dipietro, Timothy Andrew Wagner",
HDP00065,1UG3DA050173-01,archived,2024-09-05T15:44:44.550287,Optimized Interventions to Prevent Opioid Use Disorder among Adolescents and Young Adults in the Emergency Department,2019,No,,11.5,,,No,No,Preventing Opioid Use Disorder,https://reporter.nih.gov/project-details/9889568,"Erin Elizabeth Bonar, Maureen A Walton",
HDP00066,1PL1HD101059-01,live,,HEAL Initiative: Antenatal Opioid Exposure Longitudinal Study Consortium,2019,Yes,NCT04149509,75.0,"OpenNEURO, NICHD DASH",,Yes,No,Advancing Clinical Trials in Neonatal Opioid Withdrawal (ACT NOW),https://reporter.nih.gov/project-details/9901874,CARLA M BANN,10.60490/HDP00066
HDP00067,1UG3DA047720-01,live,,Evaluation of safety and pharmacokinetics of naltrexone implant,2018,No,,11.5,,,No,No,Focusing Medication Development to Prevent and Treat Opioid Use Disorder and Overdose,https://reporter.nih.gov/project-details/9677487,"ADAM  BISAGA, Edward V. Nunes",
HDP00068,1U01DA055370-01,archived,2024-05-30T13:43:35.383610,21/24 Healthy Brain and Child Development National Consortium,2021,No,,11.5,,,No,No,HEALthy Brain and Child Development Study (HBCD),https://reporter.nih.gov/project-details/10378328,"Douglas Carl Dean III, JULIE A POEHLMANN-TYNAN",
HDP00069,1UG3DA051383-01A1,live,,Brexpiprazole as an adjunctive treatment to buprenorphine to treat Opioid Use Disorder,2020,No,,11.5,,,No,No,Focusing Medication Development to Prevent and Treat Opioid Use Disorder and Overdose,https://reporter.nih.gov/project-details/10130067,Andy  Forbes,
HDP00070,1UG3DA049598-01,live,,Novel Therapeutics for Opioid Use Disorder in the Acute Overdose and Maintenance Settings,2019,No,,11.5,,,No,No,Focusing Medication Development to Prevent and Treat Opioid Use Disorder and Overdose,https://reporter.nih.gov/project-details/9843968,"Donald  Gehlert, William K Schmidt",
HDP00071,1R03DA046011-01A1,live,,"Opioid sparing potential of light-induced analgesia: a pilot trial of a novel, non-pharmacological treatment for pain",2019,No,,11.5,,,No,No,Focusing Medication Development to Prevent and Treat Opioid Use Disorder and Overdose,https://reporter.nih.gov/project-details/9745741,Padma  Gulur,
HDP00072,1ZIATR000346-01,live,,HEAL: Probe/Drug Lead Production,2018,No,,11.5,,,No,No,,https://reporter.nih.gov/project-details/9781338,Matthew  Hall,
HDP00073,1U01HL150835-01,live,,Evaluating the Role of the Orexin System in Circadian Rhythms of Sleep and Stress in Persons on Medication-Assisted Treatments for Opioid Use Disorder,2019,Yes,,42.3,,,No,No,Sleep Dysfunction as a Core Feature of Opioid Use Disorder and Recovery,https://reporter.nih.gov/project-details/9881988,"Patrick  Finan, Andrew S Huhn",
HDP00074,1UM1DA049417-01,live,,Optimizing HEALing in Ohio Communities (OHiO),2019,Yes,NCT04111939,86.5,ICPSR,,Yes,No,HEALing Communities Study,https://reporter.nih.gov/project-details/9837189,"REBECCA D JACKSON, T John WINHUSEN",10.60490/HDP00074
HDP00075,1R43DA050360-01,live,,Transcutaneous auricular neurostimulation for neonatal abstinence syndrome,2019,Yes,NCT05129020,38.5,,,No,No,Small Business Programs,https://reporter.nih.gov/project-details/9910282,"DOROTHEA DENISE JENKINS, Navid  Khodaparast",
HDP00076,1UG1HD107631-01,archived,2024-11-04T13:39:33.010117,Neonatal Treatment Trial,2021,No,,11.5,,,No,No,Advancing Clinical Trials in Neonatal Opioid Withdrawal (ACT NOW),https://reporter.nih.gov/project-details/10379584,"Sara Bonamo DeMauro, Scott A Lorch",
HDP00077,1UG3DA048351-01,live,,A Phase I/IIa Clinical Trial Testing the Safety and Immunogenicity of a Heroin Vaccine and its Efficacy Against Morphine Challenge.,2018,Yes,,53.8,,,No,No,Focusing Medication Development to Prevent and Treat Opioid Use Disorder and Overdose,https://reporter.nih.gov/project-details/9734921,Gary R. Matyas,10.60490/HDP00077
HDP00078,1R01NS116759-01,live,,Validating ASCT2 for the Treatment of Chronic Postsurgical Pain,2020,Yes,,53.8,Figshare,,No,No,Discovery and Validation of Novel Targets for Safe and Effective Treatment of Pain,https://reporter.nih.gov/project-details/9974791,Ohannes Kevork Melemedjian,10.60490/HDP00078
HDP00079,1UG1DA049468-01,archived,2025-01-14T10:32:36.371249,"New Mexico Clinical Trials Node: Clinical research and practice to address substance use in diverse, rural and underserved populations",2019,No,,11.5,,,No,No,Enhancing the National Drug Abuse Treatment Clinical Trials Network to Address Opioids,https://reporter.nih.gov/project-details/9839338,Kimberly  Page,
HDP00080,1U24NS113844-01,archived,2023-08-22T13:45:13.587225,EPPIC-NET DCC,2019,No,,11.5,,,No,No,Early Phase Pain Investigation Clinical Network (EPPIC-Net),https://reporter.nih.gov/project-details/9868133,"Eva  Petkova, Andrea B Troxel",
HDP00081,1U24NS113800-01,archived,2023-08-22T13:45:13.587225,University of Florida Early Phase Pain Investigation Clinical Center,2019,No,,11.5,,,No,No,Early Phase Pain Investigation Clinical Network (EPPIC-Net),https://reporter.nih.gov/project-details/9864857,"Rene  Przkora, Patrick J Tighe",
HDP00082,1R21DA045092-01A1,live,,Cannabis Identity as Cognitive and Developmental Risk Factors For Adolescent Cannabis Misuse,2018,No,,11.5,,,No,No,,https://reporter.nih.gov/project-details/9599337,Jason  Ramirez,
HDP00083,1R24DA051975-01,live,,Innovations in Recovery through Infrastructure Support (IRIS),2020,Yes,,7.7,NAHDAP,,No,No,Recovery Research Networks,https://reporter.nih.gov/project-details/10058548,"Lucille Michelle Tuten, GEORGE J UNICK",
HDP00084,1UM1DA049406-01,live,,Kentucky CAN HEAL (Communities and Networks Helping End Addiction Long-term),2019,Yes,NCT04111939,84.6,ICPSR,,Yes,No,HEALing Communities Study,https://reporter.nih.gov/project-details/9836991,Sharon L. Walsh,10.60490/HDP00084
HDP00085,1UG3DA051241-01,archived,2025-01-28T10:49:59.909694,Integrated Treatment for Veterans with Co-Occurring Chronic Pain and Opioid Use Disorder,2019,Yes,NCT04648228,92.3,,,No,No,Pain Management Effectiveness Research Network,https://reporter.nih.gov/project-details/9868568,"KEVIN E VOWLES, Katie A Witkiewitz",10.60490/HDP00085
HDP00086,1R24DA055306-01,archived,2024-07-30T07:02:57.841060,Wake Forest IMPOWR Dissemination Education and Coordination Center (IDEA-CC),2021,Yes,,36.5,,,No,No,Integrative Management of chronic Pain and OUD for Whole Recovery (IMPOWR),https://reporter.nih.gov/project-details/10378786,MEREDITH C. B. ADAMS,
HDP00087,1R34DA050341-01,archived,2024-08-06T11:25:13.122769,4/6 Planning for the HEALthy Early Development Study,2019,No,,11.5,,,No,No,HEALthy Brain and Child Development Study (HBCD),https://reporter.nih.gov/project-details/9900304,CHRISTINA  CHAMBERS,
HDP00088,1UG3DA052282-01,live,,NOP Receptor Antagonist for OUD Pharmacotherapy,2020,No,,11.5,,,No,No,Focusing Medication Development to Prevent and Treat Opioid Use Disorder and Overdose,https://reporter.nih.gov/project-details/10085851,"Kathryn A. Cunningham, FREDERICK Gerard MOELLER",
HDP00089,1R44DA050375-01,live,,A Novel Workflow to Screen for Illicit Drug Exposure in Newborns,2019,No,,11.5,,,No,No,Small Business Programs,https://reporter.nih.gov/project-details/9912559,Adam David Kennedy,
HDP00090,1R34DA046635-01A1,live,,Treatment of chronic low back pain with transcutaneous auricular vagus nerve stimulation,2019,No,,11.5,NIMH Data Archive,,No,No,Focusing Medication Development to Prevent and Treat Opioid Use Disorder and Overdose,https://reporter.nih.gov/project-details/9745990,JIAN  KONG,
HDP00091,1U01DA047982-01,live,,Long-acting buprenorphine vs. naltrexone opioid treatments in CJS-involved adults,2019,Yes,NCT04219540,40.4,"JCOIN, NAHDAP",,Yes,No,Justice Community Opioid Innovation Network,https://reporter.nih.gov/project-details/9712327,"DAVID J FARABEE, Jan  Gryczynski, JOSHUA D LEE, Lisa A. Marsch, SANDRA Ann SPRINGER, Elizabeth Needham Waddell",
HDP00092,1R34DA050254-01,archived,2024-08-06T16:37:08.113417,Biological and Environmental Contributions to Healthy Baby Development in Diverse Population,2019,No,,11.5,,,No,No,HEALthy Brain and Child Development Study (HBCD),https://reporter.nih.gov/project-details/9900560,PAT  LEVITT,
HDP00093,1R43DA049617-01,live,,At-Home Virtual Reality Guided Imagery Intervention for Chronic Pain,2019,No,,11.5,,,No,No,Small Business Programs,https://reporter.nih.gov/project-details/9848425,"Benjamin  Lewis, STEVEN H RICHEIMER",
HDP00094,1U24NS114416-01,archived,2023-08-22T13:45:13.587225,Duke Pain Early-phase Research Clinical Center (PERC),2019,No,,11.5,,,No,No,Early Phase Pain Investigation Clinical Network (EPPIC-Net),https://reporter.nih.gov/project-details/9866221,"Alexander Tan Limkakeng, LAURA S PORTER",
HDP00095,1R44AR074820-01A1,live,,A phenotypic screen for osteoarthritic pain therapeutics using all-optical electrophysiology.,2019,No,,11.5,,,No,No,Small Business Programs,https://reporter.nih.gov/project-details/9909345,"Pin  Liu, Owen B. McManus",
HDP00096,1R21DA047662-01,live,,Human laboratory model to screen drugs with opioid analgesic-sparing effects: cannabidiol/morphine combinations,2019,No,,11.5,,,No,No,Focusing Medication Development to Prevent and Treat Opioid Use Disorder and Overdose,https://reporter.nih.gov/project-details/9660796,LESLIE H Lundahl,
HDP00097,1R61NS118651-01A1,live,,Prognostic biomarkers for high-impact chronic pain: Development and validation,2020,Yes,NCT04994249,76.9,,,No,Yes,"Discovery and Validation of Biomarkers, Endpoints, and Signatures for Pain Conditions",https://reporter.nih.gov/project-details/10157953,SEAN C MACKEY,
HDP00098,1U24NS113784-01,archived,2023-08-22T13:45:13.587225,University of Rochester Hub and Spokes for the EPPIC Network - Specialized Clinical Center,2019,No,,11.5,,,No,No,Early Phase Pain Investigation Clinical Network (EPPIC-Net),https://reporter.nih.gov/project-details/9860426,Jennifer  Gewandter,
HDP00099,1R61AT010806-01,live,,Enhancing Exercise and Psychotherapy to Treat Comorbid Addiction and Pain for ImprovingAdherence to Medication Assisted Treatment in Opioid Use Disorders,2019,Yes,NCT04736550,36.5,,,No,No,Behavioral Research to Improve Medication-Based Treatment,https://reporter.nih.gov/project-details/9869503,"Nora L. Nock, AMY B WACHHOLTZ",
HDP00100,1U01DA055322-01,archived,2024-05-30T13:43:36.525173,HEALthy Brain and Child Development Study at UAB and UA,2021,No,,11.5,,,No,No,HEALthy Brain and Child Development Study (HBCD),https://reporter.nih.gov/project-details/10380426,Ada Myriam Peralta-Carcelen,
HDP00101,1R01DA044745-01A1,live,,Facilitating Sustainment Through Implementation Feedback: The SIC Coaching Model,2018,No,,11.5,,,No,No,,https://reporter.nih.gov/project-details/9530717,Lisa  Saldana,
HDP00102,1R21DA049861-01,live,,"Impact of SB 273 on West Virginia Patients, Providers, and Overall Prescription Rates of Opiate Medications",2019,No,,11.5,,,No,No,Preventing Opioid Use Disorder,https://reporter.nih.gov/project-details/9869148,"Treah  Haggerty, Cara  Sedney",
HDP00103,1R34NS126032-01,live,,Stem cell-loaded microgels to treat discogenic low back pain,2021,Yes,,7.7,,,No,No,Development and Optimization of Non-Addictive Therapies to Treat Pain,https://reporter.nih.gov/project-details/10398627,Dmitriy  Sheyn,
HDP00104,1R01MH128904-01,live,,Supporting Treatment Access and Recovery for Co-Occurring Opioid Use and Mental Health Disorders (STAR-COD),2021,Yes,NCT05138614,82.7,NIMH Data Archive,https://nda.nih.gov/edit_collection.html?id=4128,Yes,No,Optimizing Care for People with Opioid Use Disorder and Mental Health Conditions,https://reporter.nih.gov/project-details/10373400,"Gerardo  Gonzalez, Wenjun  Li, Todd Alden Olmstead, DAVID A SMELSON",10.60490/HDP00104
HDP00105,1UG3DA047699-01,live,,"Development of ITI-333, a -opioid Receptor Partial Agonist and 5HT2A and D1 Receptor Antagonist, for the Treatment of Opioid Use Disorders",2019,No,,11.5,,,No,No,Focusing Medication Development to Prevent and Treat Opioid Use Disorder and Overdose,https://reporter.nih.gov/project-details/9675407,"SANDRA D COMER, GRETCHEN L SNYDER, Dean Foster Wong",
HDP00106,1RM1DA055437-01,archived,2025-04-28T12:16:46.309809,Trial of Buprenorphine Microdosing During Hospitalization (IMPOWR-ME),2021,Yes,,96.2,,,No,No,Integrative Management of chronic Pain and OUD for Whole Recovery (IMPOWR),https://reporter.nih.gov/project-details/10391075,"JULIA H. ARNSTEN, Vilma  Gabbay, Joanna L. Starrels",
HDP00107,1R01DA045695-01A1,live,,Treating Chronic Pain in Buprenorphine Patients in Primary Care Settings,2019,Yes,NCT03698669,38.5,,,No,No,Focusing Medication Development to Prevent and Treat Opioid Use Disorder and Overdose,https://reporter.nih.gov/project-details/9661530,"Michael D Stein, RISA B WEISBERG",
HDP00108,1OT2OD031940-01,archived,2026-03-02T13:13:53.464773,A Strategy for Heal Federated Data Ecosystem,2021,Yes,,23.1,,,No,No,,https://reporter.nih.gov/project-details/10328176,Stanley Carlton Ahalt,
HDP00109,1R34DA050258-01,archived,2024-08-06T11:25:07.352823,3/3; Promoting resilience in children:Protocol Development for a Birth Cohort Study to Access Factors Impacting Neurodevelopment,2019,No,,11.5,,,No,No,HEALthy Brain and Child Development Study (HBCD),https://reporter.nih.gov/project-details/9900395,ANDREW L ALEXANDER,
HDP00110,1UG3NR019196-01,live,,Pain Response Evaluation of a Combined Intervention to Cope Effectively (PRECICE),2020,Yes,NCT04395001,80.8,Vivli,https://doi.org/10.25934/PR00011355,Yes,Yes,Pain Management Effectiveness Research Network,https://reporter.nih.gov/project-details/9870024,Dennis Chua Ang,10.60490/HDP00110
HDP00111,1R61NS114954-01,live,,The Inflammatory Index as a Biomarker for Pain in Patients with Sickle Cell Disease,2019,Yes,,59.6,Vivli,,Yes,Yes,"Discovery and Validation of Biomarkers, Endpoints, and Signatures for Pain Conditions",https://reporter.nih.gov/project-details/9888821,Amanda M Brandow,10.60490/HDP00111
HDP00112,1UG3DA048502-01A1,live,,Non-Invasive Vagal Nerve Stimulation in Patients with Opioid Use Disorders,2020,No,,11.5,,,No,No,Focusing Medication Development to Prevent and Treat Opioid Use Disorder and Overdose,https://reporter.nih.gov/project-details/9983431,"James Douglas Bremner, Omer Tolga Inan",
HDP00113,1R01DE029951-01,live,,Targeting Endosomal Receptors for Treatment of Chronic Pain,2020,Yes,,7.7,Zenodo,"https://zenodo.org/records/13738027, https://zenodo.org/records/13361918",No,No,Discovery and Validation of Novel Targets for Safe and Effective Treatment of Pain,https://reporter.nih.gov/project-details/9974866,"NIGEL W BUNNETT, Brian L Schmidt",
HDP00114,1RF1AG068997-01,live,,Subchondral Bone Cavities in Osteoarthritis Pain,2020,Yes,,88.5,Mendeley Data,,No,No,Discovery and Validation of Novel Targets for Safe and Effective Treatment of Pain,https://reporter.nih.gov/project-details/10054792,"Xu  Cao, Yun  Guan",10.60490/HDP00114
HDP00115,1U01DK123813-01,archived,2024-10-11T13:57:55.318498,UPENN Scientific and Data Research Center for the HOPE Consortium to Reduce Pain and Opioid Use in Hemodialysis,2019,Yes,,92.3,NIDDK Central Repository,,No,No,Integrated Approach to Pain and Opioid Use in Hemodialysis Patients,https://reporter.nih.gov/project-details/9901764,"Laura M Dember, JOHN T FARRAR, Jesse Yenchih Hsu, KYLE Matthew KAMPMAN",
HDP00116,1R44NS119036-01,live,,Development of a novel analgesic for mixed inflammatory and neuropathic pain states,2021,No,,11.5,,,No,No,Small Business Programs,https://reporter.nih.gov/project-details/10082913,Andrea  Ghetti,
HDP00117,1R01DE029202-01,live,,Validation of blocking TSP4/Cava2d1 interaction as a new target for neuropathic pain,2019,Yes,,59.6,"Rat Genome Database (RGD), Dryad",,No,No,Discovery and Validation of Novel Targets for Safe and Effective Treatment of Pain,https://reporter.nih.gov/project-details/9870482,ZHIGANG David LUO,10.60490/HDP00117
HDP00118,1R43NS113726-01,live,,"Pharmacokinetic and toxicology studies of AYX2, a transcription factor decoy, non-opioid, disease modifying drug candidate for the long-term treatment of chronic pain",2019,No,,11.5,,,No,No,Small Business Programs,https://reporter.nih.gov/project-details/9845965,Julien  Mamet,
HDP00119,1UG3AT010621-01,archived,2025-01-28T12:29:24.345781,Group-based mindfulness for patients with chronic low back pain in the primary care setting,2019,No,,11.5,,,No,No,Pragmatic and Implementation Studies for the Management of Pain to Reduce Opioid Prescribing (PRISM),https://reporter.nih.gov/project-details/9869182,Natalia E. Morone,
HDP00120,1RF1NS113256-01,live,,Dnmt3a as an epigenetic target for chronic pain treatment,2019,Yes,,7.7,Figshare,https://doi.org/10.6084/m9.figshare.28431152,No,No,Discovery and Validation of Novel Targets for Safe and Effective Treatment of Pain,https://reporter.nih.gov/project-details/9828185,ZHIZHONG Z. PAN,
HDP00121,1UG3DA047714-01,live,,Feasibility of Deep Brain Stimulation as a Novel Treatment for Refractory Opioid Use Disorder,2018,No,,11.5,,,No,No,,https://reporter.nih.gov/project-details/9674144,Ali R Rezai,
HDP00122,1UH2AR076736-01,archived,2024-09-24T14:27:07.856328,Focused Ultrasound Neuromodulation of Dorsal Root Ganglion for Noninvasive Mitigation of Low Back Pain,2019,Yes,,7.7,,,No,No,Back Pain Consortium Research Program,https://reporter.nih.gov/project-details/9898129,"VIOLA  RIEKE, LUBDHA  SHAH",
HDP00123,1R43DA050349-01,live,,"A Novel Chemokine Receptor Antagonist to Block Opioid Reinforcement, Relapse and Physical Dependence",2019,No,,11.5,,,No,No,Small Business Programs,https://reporter.nih.gov/project-details/9908597,Michael R Ruff,
HDP00124,1R34DA050342-01,archived,2024-08-06T11:25:04.553525,'1/6' Planning for the HEALthy Early Development Study,2019,No,,11.5,,,No,No,HEALthy Brain and Child Development Study (HBCD),https://reporter.nih.gov/project-details/9899542,Lynn T Singer,
HDP00125,1UG3AR076387-01,archived,2025-02-24T11:28:14.670960,Fibromyalgia TENS in Physical Therapy Study (TIPS):an embedded pragmatic clinical trial,2019,Yes,NCT04683042,92.3,ICPSR,,Yes,No,Pragmatic and Implementation Studies for the Management of Pain to Reduce Opioid Prescribing (PRISM),https://reporter.nih.gov/project-details/9869089,"Leslie J Crofford, KATHLEEN A SLUKA",10.60490/HDP00125
HDP00126,1UG3DA050942-01A1,live,,An Intranasal GDNF Gene Therapy for Opioid Relapse Reduction,2021,Yes,,65.4,"Rat Genome Database (RGD), Mendeley Data",", https://doi.org/10.17632/38hmy7ssgm.1",No,No,Focusing Medication Development to Prevent and Treat Opioid Use Disorder and Overdose,https://reporter.nih.gov/project-details/10154341,"ELIZABETH M BYRNES, EMMANUEL N POTHOS, BARBARA LEE WASZCZAK",10.60490/HDP00126
HDP00127,1U01DA055371-01,archived,2024-05-30T13:43:27.367580,17/24 Healthy Brain and Child Development National Consortium,2021,No,,11.5,,,No,No,HEALthy Brain and Child Development Study (HBCD),https://reporter.nih.gov/project-details/10378274,"Michael K. Georgieff, Sylia  Wilson, Anna  Zilverstand",
HDP00128,1R34DA050286-01,archived,2024-08-06T11:25:12.658656,THE CUMULATIVE RISK OF SUBSTANCE EXPOSURE AND EARLY LIFE ADVERSITY ON CHILD HEALTH DEVELOPMENT AND OUTCOMES,2019,No,,11.5,,,No,No,HEALthy Brain and Child Development Study (HBCD),https://reporter.nih.gov/project-details/9900281,James  Blair,
HDP00129,1R42DA049448-01,live,,Reward-based technology to improve opioid use disorder treatment initiation after an ED visit,2019,Yes,NCT05180669,71.2,,,No,No,Small Business Programs,https://reporter.nih.gov/project-details/9838457,Edwin D Boudreaux,10.60490/HDP00129
HDP00130,1U01DK123821-01,archived,2024-05-14T10:52:09.601433,Vanderbilt-West Virginia (VWV) Collaborative: A HOPE Consortium Clinical Center,2019,No,,11.5,,,No,No,Integrated Approach to Pain and Opioid Use in Hemodialysis Patients,https://reporter.nih.gov/project-details/9902582,"Kerri  Cavanaugh, David Allan Edwards",
HDP00131,1R44NS113740-01,live,,An Instrument to Assess the Functional Impact of Chronic Pain,2019,No,,11.5,,,No,No,Small Business Programs,https://reporter.nih.gov/project-details/9841017,Brian R Clark,
HDP00132,1UF1MH121949-01,live,,"Patient-centered team-based primary care to Treat Opioid Use Disorder, Depression, and Other conditions",2019,No,,11.5,,,No,No,Optimizing Care for People with Opioid Use Disorder and Mental Health Conditions,https://reporter.nih.gov/project-details/9905308,"KATHARINE ANTHONY BRADLEY, LYNN L. DeBAR",
HDP00133,1R34DA050291-01,archived,2024-08-06T11:25:11.748401,1/4 Investigation of opioid exposure and neurodevelopment (iOPEN),2019,No,,11.5,,,No,No,HEALthy Brain and Child Development Study (HBCD),https://reporter.nih.gov/project-details/9898100,"Damien A Fair, Alice M Graham",
HDP00134,1R24DA051946-01,live,,Family-based Recovery Support Service Network for Youth OUD,2020,Yes,,82.7,,,No,No,,https://reporter.nih.gov/project-details/10057199,Aaron  Hogue,10.60490/HDP00134
HDP00135,1R44DA046316-01A1,live,,A Phase 1 Randomized Single Oral Dose Four Period Cross-Over Study Investigating Omnitram Dose Proportionality and Food Effect in Normal Human Subjects,2019,No,,11.5,,,No,No,Small Business Programs,https://reporter.nih.gov/project-details/9621132,"STUART J KAHN, JOHN A ZEBALA",
HDP00136,1U18EB029251-01,live,,The Injectrode - A Truly Injectable Electrode for Dorsal Root Ganglion Stimulation to Treat Pain,2019,No,,11.5,,,No,No,Translating Discoveries into Effective Devices to Treat Pain,https://reporter.nih.gov/project-details/9899464,"Kip A Ludwig, Douglas J Weber",
HDP00137,1ZIATR000344-01,live,,"HEAL: New Chemical Structures for Pain, Addiction and Overdose Targets",2018,No,,11.5,,,No,No,,https://reporter.nih.gov/project-details/9770484,Samuel  Michael,
HDP00138,1UG3DA047717-01,live,,MOR/DOR Heterodimer Antagonists: A Novel Treatment for Opioid Dependence,2019,No,,11.5,,,No,No,Focusing Medication Development to Prevent and Treat Opioid Use Disorder and Overdose,https://reporter.nih.gov/project-details/9677597,MICHAEL M MORGAN,
HDP00139,1R44DA050357-01,live,,An optimized screening platform for identifying and quantifying biased agonists as drugs for the treatment of Opioid Use Disorder,2019,Yes,,55.8,,,No,No,Small Business Programs,https://reporter.nih.gov/project-details/9911512,"THOMAS E HUGHES, Anne Marie  Quinn",10.60490/HDP00139
HDP00140,1R43NS120335-01,live,,Closed-Loop Micromagnetic Neuromodulation as a Non-Opioid Treatment for Neuropathic Pain.,2021,No,,11.5,,,No,No,Small Business Programs,https://reporter.nih.gov/project-details/10139200,Thomas  Reilly,
HDP00141,1R43DA050358-01,live,,A Project to Test The Efficacy And Safety Of An Innovative Treatment Of Opiate Use Disorders,2019,No,,11.5,,,No,No,Small Business Programs,https://reporter.nih.gov/project-details/9910942,"Fredric  Schiffer, MARTIN H TEICHER",
HDP00142,1UG3DA048234-01,live,,Development of a novel drug for treating opioid use disorder,2019,No,NCT05724797,11.5,,,No,No,Focusing Medication Development to Prevent and Treat Opioid Use Disorder and Overdose,https://reporter.nih.gov/project-details/9730818,"Nikej  Shah, FRANK J. VOCCI",
HDP00143,1R21DA048074-01,live,,"Prescription Opioid Formulation to Deter Extraction, Injection, Insufflation, and Smoking",2019,Yes,,7.7,,,No,No,Focusing Medication Development to Prevent and Treat Opioid Use Disorder and Overdose,https://reporter.nih.gov/project-details/9713551,Luis  Solorio,
HDP00144,1U01DA055363-01,archived,2024-05-30T13:43:40.945158,12/24 Healthy Brain and Child Development National Consortium,2021,No,,11.5,,,No,No,HEALthy Brain and Child Development Study (HBCD),https://reporter.nih.gov/project-details/10378922,"Alice M Graham, Bonnie J Nagel, Elinor L. Sullivan",
HDP00145,1UG1DA050072-01,live,,"Transitions Clinic Network: Post Incarceration Addiction Treatment, Healthcare, and Social Support (TCN PATHS) study",2019,Yes,NCT04309565,32.7,"JCOIN, NAHDAP",,Yes,No,Justice Community Opioid Innovation Network,https://reporter.nih.gov/project-details/9882727,Emily Ai-hua Wang,
HDP00146,1UG3DA048768-01A1,live,,Novel LAAM formulations to treat Opioid Use Disorder (UG3 DA048768-01A1),2019,No,,11.5,,,No,No,Focusing Medication Development to Prevent and Treat Opioid Use Disorder and Overdose,https://reporter.nih.gov/project-details/9844337,"Matthew Sean Halquist, FREDERICK Gerard MOELLER, Charles  O'Keeffe, QINGGUO  XU",
HDP00147,1K24AR081143-01,archived,2024-12-17T12:19:41.946817,Mentorship of Junior Investigators on HEAL-SKOAP,2021,No,,11.5,,,No,No,,https://reporter.nih.gov/project-details/10426755,Claudia Michelle Campbell,
HDP00148,1R01HL150566-01,live,,Arousal circuitry and opiate-associated memories,2019,No,,11.5,,,No,No,Sleep Dysfunction as a Core Feature of Opioid Use Disorder and Recovery,https://reporter.nih.gov/project-details/9882650,"Xiaoke  Chen, Luis  De Lecea",
HDP00149,1U24NS113847-01,archived,2023-08-22T13:45:13.587225,Early Phase Pain Investigation Clinical Network: Greater New York Clinical Center,2019,No,,11.5,,,No,No,Early Phase Pain Investigation Clinical Network (EPPIC-Net),https://reporter.nih.gov/project-details/9868113,"Lisa  Doan, Richard B. LIPTON",
HDP00150,1UM1DA049415-01,live,,CHASE: An Innovative County-Level Public Health Response to the Opioid Epidemic in New York State,2019,Yes,NCT04111939,86.5,ICPSR,,Yes,No,HEALing Communities Study,https://reporter.nih.gov/project-details/9837181,"Nabila  El-Bassel, Daniel J Feaster, Louisa  Gilbert, Edward V. Nunes",10.60490/HDP00150
HDP00151,1UH3NS115118-01,live,,Transcranial focused ultrasound for head and neck cancer pain.  A pilot study,2019,Yes,NCT03894553,92.3,OpenNEURO,https://doi.org/10.18112/openneuro.ds007347.v1.0.0,No,No,Translating Discoveries into Effective Devices to Treat Pain,https://reporter.nih.gov/project-details/9899660,William Jeffrey Elias,10.60490/HDP00151
HDP00152,1U24NS115691-01,archived,2023-08-22T13:45:13.587225,UPENN HEAL - Pain Clinical Trial Network Specialized Clinical Center,2019,No,,11.5,,,No,No,Early Phase Pain Investigation Clinical Network (EPPIC-Net),https://reporter.nih.gov/project-details/9940239,"Michael Alan Ashburn, JOHN T FARRAR",
HDP00153,1R43NS110117-01,live,,Development of a novel anti-migraine therapeutics,2019,No,,11.5,,,No,No,Small Business Programs,https://reporter.nih.gov/project-details/9678382,SHEAU-YU Teddy HSU,
HDP00154,1R43DA049300-01A1,live,,Prapela SVS: A cost-effective stochastic vibrotactile stimulation device to improve the clinical course of infants with neonatal abstinence syndrome.,2019,No,,11.5,,,No,No,Small Business Programs,https://reporter.nih.gov/project-details/9776979,John Phillip Konsin,
HDP00155,1UH3NS115647-01A1,live,,"A Double-Blind, Randomized, Controlled Trial of Epidural Conus Medullaris Stimulation to Alleviate Pain and Augment Rehabilitation in Patients with Subacute Thoracic Spinal Cord Injury (SCI)",2020,Yes,NCT04894734,92.3,,,No,No,Translating Discoveries into Effective Devices to Treat Pain,https://reporter.nih.gov/project-details/9954760,Shivanand P Lad,10.60490/HDP00155
HDP00156,1R44DA049493-01,live,,A Prescription Digital Therapeutic to Promote Adherence to Buprenorphine Pharmacotherapy for Patients with Opioid Use Disorder,2019,Yes,,7.7,,,No,No,Small Business Programs,https://reporter.nih.gov/project-details/9839289,Hilary F Luderer,
HDP00157,1R34NS126036-01,live,,Synthesis of peripherally active CB1 agonists as analgesics,2021,Yes,,51.9,Open Science Framework,https://osf.io/dhju7/,No,No,Development and Optimization of Non-Addictive Therapies to Treat Pain,https://reporter.nih.gov/project-details/10398527,"Ron  Dror, Robert W Gereau, Susruta  Majumdar",10.60490/HDP00157
HDP00158,1UH2AR076729-01,archived,2024-09-24T14:27:09.301493,The Spine Phenome Project: Enabling Technology for Personalized Medicine,2019,Yes,,44.2,,,No,No,Back Pain Consortium Research Program,https://reporter.nih.gov/project-details/9898031,"Safdar N. Khan, William Steven Marras, Tristan E. Weaver",
HDP00159,1R43DA050393-01,archived,2026-02-20T15:05:00.822669,Evaluation of the therapeutic potential of exclusive antagonists of extrasynaptic NMDA receptors for treatment of opioid use disorders,2019,No,,11.5,,,No,No,Small Business Programs,https://reporter.nih.gov/project-details/9912345,ELENA  MOLOKANOVA,
HDP00160,1R61AT010802-01,live,,A Mindfulness and Peer Mentoring Program to Improve Adherence to Medication Assisted Treatment for Opioid Use Disorders,2019,Yes,NCT05363371,36.5,,,No,No,Behavioral Research to Improve Medication-Based Treatment,https://reporter.nih.gov/project-details/9869416,Mercy N Mumba,
HDP00161,1R41NS118992-01,live,,Development of selective calpain-1 inhibitors for chronic pain,2021,No,,11.5,,,No,No,Small Business Programs,https://reporter.nih.gov/project-details/10078437,Jennifer O Nwankwo,
HDP00162,1R01DK123138-01,live,,Validation of peripheral CGRP signaling as a target for the treatment of pain in chronic pancreatitis,2019,No,,11.5,,,No,No,Discovery and Validation of Novel Targets for Safe and Effective Treatment of Pain,https://reporter.nih.gov/project-details/9870237,PANKAJ J PASRICHA,
HDP00163,1UG1DA050065-01,live,,Improving Retention across the OUD Service Cascade upon Re-entry from Jail using Recovery Management Checkups,2019,Yes,NCT04365920,36.5,"JCOIN, NAHDAP",,Yes,No,Justice Community Opioid Innovation Network,https://reporter.nih.gov/project-details/9882856,Christy K Scott,
HDP00164,1R01NS116704-01,live,,Validation of Fibroblast-Derived PI16 as a Novel Target for pain Treatment,2020,No,,11.5,Figshare,https://figshare.com/articles/figure/Figures_and_supplementary_data_showing_effect_of_PI16_deletion_on_CFA-induced_inflammatory_pain/26165962,No,No,Discovery and Validation of Novel Targets for Safe and Effective Treatment of Pain,https://reporter.nih.gov/project-details/9974863,Andrew John Shepherd,
HDP00165,1R43NS115312-01,live,,Long-acting ghrelin for neuropathy,2019,No,,11.5,,,No,No,Small Business Programs,https://reporter.nih.gov/project-details/9907592,Tarik  Soliman,
HDP00166,1UG1DA050069-01,live,,Kentucky Women's Justice Community Opioid Innovation Network (WJCOIN),2019,Yes,NCT04069624,38.5,"JCOIN, NAHDAP",,Yes,No,Justice Community Opioid Innovation Network,https://reporter.nih.gov/project-details/9882789,Michele  Staton,10.60490/xjx8-d328
HDP00167,1R34NS126030-01,live,,Profiling the human gut microbiome for potential analgesic bacterial therapies,2021,Yes,,7.7,Harvard Dataverse,,No,No,Development and Optimization of Non-Addictive Therapies to Treat Pain,https://reporter.nih.gov/project-details/10398329,"Jack Anthony Gilbert, Philip Peter Strandwitz",
HDP00168,1U01DA047713-01,live,,PTPRD ligands for stimulant and opiate use disorders,2019,No,,11.5,,,No,No,Focusing Medication Development to Prevent and Treat Opioid Use Disorder and Overdose,https://reporter.nih.gov/project-details/9674194,George Richard Uhl,
HDP00169,1U01DK123817-01,archived,2024-05-14T10:52:10.063132,Video-Telecare Collaborative Pain Management to Improve Function and Reduce Opioid Risk in Patients with End Stage Renal Disease Receiving Hemodialysis,2019,No,,11.5,,,No,No,Integrated Approach to Pain and Opioid Use in Hemodialysis Patients,https://reporter.nih.gov/project-details/9902084,"WILLIAM C BECKER, Susan T Crowley, Denise  Esserman, Alicia  Heapy",
HDP00170,1R43DA049684-01,live,,Non-intrusive detection of temporary neurologic impairment by opioids,2019,No,,11.5,,,No,No,Small Business Programs,https://reporter.nih.gov/project-details/9846901,Richard  Besserman,
HDP00171,1UG3NS115108-01A1,live,,Home-based transcutaneous electrical acustimulation for abdominal pain,2020,Yes,NCT05519683,76.9,Protocols.io,,No,No,Translating Discoveries into Effective Devices to Treat Pain,https://reporter.nih.gov/project-details/10045379,Jiande  Chen,10.60490/HDP00171
HDP00172,1R41DA049390-01,live,,Smartphone-based rewards as a bridge to treatment for naloxone reversal patients,2019,Yes,,5.8,openICPSR,"https://www.openicpsr.org/openicpsr/project/164762, https://www.openicpsr.org/openicpsr/project/201604",No,No,,https://reporter.nih.gov/project-details/9832226,Anthony  DeFulio,
HDP00173,1RF1NS113883-01,live,,Sympathetic-mediated sensory neuron cluster firing as a novel therapeutic target for neuropathic pain,2019,Yes,,7.7,Figshare,https://figshare.com/articles/dataset/cluster_firing_data_qz_xlsx/26311492,No,No,Discovery and Validation of Novel Targets for Safe and Effective Treatment of Pain,https://reporter.nih.gov/project-details/9869461,"Xinzhong  Dong, Jun-Ming  Zhang",
HDP00174,1U19NS126038-01,archived,2023-10-31T12:45:31.065299,Efficacy and PK/PD Studies,2021,No,,11.5,,,No,No,,https://reporter.nih.gov/project-details/10398393,GREGORY O DUSSOR,
HDP00175,1R34DA050288-01,archived,2024-08-06T11:24:59.531145,2/5 The Cumulative Risk of Substance Exposure and Early Life Adversity on Child Health Development and Outcomes,2019,No,,11.5,,,No,No,HEALthy Brain and Child Development Study (HBCD),https://reporter.nih.gov/project-details/9899486,Amy J Elliott,
HDP00176,1R43DE029379-01,live,,Therapeutic in Situ Analgesic Implant for improved Oral-Facial Post-Operative Pain Outcomes,2019,No,,11.5,,,No,No,Small Business Programs,https://reporter.nih.gov/project-details/9909401,"ROBERT M CAUDLE, Craig  Friedman",
HDP00177,1R61AT010800-01,live,,"Effectiveness of a CBT-based mHealth Intervention Targeting MOUD Retention, Adherence, and Opioid Use",2019,Yes,,78.8,,,No,No,Small Business Programs,https://reporter.nih.gov/project-details/9869738,Suzette V Glasner-Edwards,10.60490/HDP00177
HDP00178,1UG1DA050077-01,live,,A comparative effectiveness trial of extended release naltrexone versus extended-release buprenorphine with individuals leaving jail,2019,Yes,NCT04408313,36.5,"JCOIN, NAHDAP",,Yes,No,Justice Community Opioid Innovation Network,https://reporter.nih.gov/project-details/9882422,"Michael Scott Gordon, Shannon Gwin Mitchell",10.60490/sefk-sg33
HDP00179,1R34DA046730-01,live,,Web-Based Treatment for Perinatal Opioid Use Disorder,2019,No,,11.5,,,No,No,Focusing Medication Development to Prevent and Treat Opioid Use Disorder and Overdose,https://reporter.nih.gov/project-details/9585836,CONSTANCE  GUILLE,
HDP00180,1U01DA055358-01,archived,2024-05-30T13:43:39.816648,15/24- Healthy Brain and Child Development National Consortium,2021,No,,11.5,,,No,No,HEALthy Brain and Child Development Study (HBCD),https://reporter.nih.gov/project-details/10379506,"Kelly K. Gurka, Matthew James Gurka, Lisa S. Scott",
HDP00181,1UG3DA050323-01,live,,Cannabidiol in the treatment of opioid use disorder,2019,No,,11.5,,,No,No,Focusing Medication Development to Prevent and Treat Opioid Use Disorder and Overdose,https://reporter.nih.gov/project-details/9905182,YASMIN L. HURD,
HDP00182,1R41DA047779-01,live,,Development of a tracheal sound sensor for early detection of hypoventilation due to opioid overdose.,2019,No,,11.5,,,No,No,Small Business Programs,https://reporter.nih.gov/project-details/9680488,Jeffrey I Joseph,
HDP00183,1UG1DA050074-01,live,,Justice Community Opioid Innovation Network (JCOIN): TCU Clinical Research Center,2019,Yes,NCT04276792,30.8,"JCOIN, NAHDAP",,Yes,No,Justice Community Opioid Innovation Network,https://reporter.nih.gov/project-details/9882684,"Timothy P Condon, DANICA K KNIGHT, KEVIN  KNIGHT, David  Olson",
HDP00184,1R44DA049629-01,live,,Connected Pharmacy Platform to Improve Adherence to Buprenorphine-Naloxone Prescription Treatment of Opioid Use Disorder,2019,No,,11.5,,,No,No,Small Business Programs,https://reporter.nih.gov/project-details/9848092,"Jeffrey  LeBrun, Sterling M McPherson",
HDP00185,1UG1HD107627-01,archived,2024-11-04T13:39:27.375488,HEAL Initiative: Neonatal Opioid Withdrawal Syndrome Pharmacological Treatments Comparative Effectiveness Trial New Mexico Site,2021,No,,11.5,,,No,No,Advancing Clinical Trials in Neonatal Opioid Withdrawal (ACT NOW),https://reporter.nih.gov/project-details/10378942,LAWRENCE M LEEMAN,
HDP00186,1R43DA046974-01,live,,"IMPACT-Instrument to Measure Pain and Assess Correlation to Treatment. Create a smartphone pupillometry to objectively determine the presence of acute pain, evaluate opioid as the treatment for pain.",2019,No,,11.5,,,No,No,Small Business Programs,https://reporter.nih.gov/project-details/9608532,Tony Xuyen Ma,
HDP00187,1K24NS126781-01,archived,2024-06-05T09:10:39.898364,Mentoring in Discovery and Validation of Clinical Chronic Pain Biomarkers,2021,No,,11.5,,,No,No,,https://reporter.nih.gov/project-details/10429456,SEAN C MACKEY,
HDP00188,1R43NS112088-01A1,live,,Repression of Sodium Channels via a Gene Therapy for Treatment of Chronic Neuropathic Pain,2019,No,,11.5,,,No,No,Small Business Programs,https://reporter.nih.gov/project-details/9845353,"Fernando  Aleman Guillen, Ana Maria Moreno",
HDP00189,1R34DA050290-01,archived,2024-08-06T11:24:59.026515,2/4: Investigation of Opioid Exposure and Neurodevelopment (iOPEN),2019,No,,11.5,,,No,No,HEALthy Brain and Child Development Study (HBCD),https://reporter.nih.gov/project-details/9898919,"Elizabeth E Krans, BEATRIZ  LUNA, Ashok  Panigrahy",
HDP00190,1R21AT009932-01,archived,2023-10-11T08:34:30.255845,Mindful Body Awareness Training as an Adjunct to Medication Assisted Treatment for Opioid Use Disorder,2018,Yes,,73.1,,,No,No,,https://reporter.nih.gov/project-details/9537037,"JOSEPH O MERRILL, CYNTHIA J PRICE",10.60490/HDP00190
HDP00191,1U44NS115732-01,live,,Selective Kv7.2/3 activators for the treatment of neuropathic pain,2019,No,,11.5,,,No,No,Development and Optimization of Non-Addictive Therapies to Treat Pain,https://reporter.nih.gov/project-details/9944015,"Lynn  Resnick, Armando  Signore",
HDP00192,1U2CDA050097-01,archived,2024-10-29T14:09:40.043871,JCOIN Coordination and Translation Center,2019,No,,11.5,,,No,No,Justice Community Opioid Innovation Network,https://reporter.nih.gov/project-details/9882828,"Warren J. Ferguson, REBEKAH K HERSCH, Todd David Molfenter, Danielle  Rudes, Faye S Taxman",
HDP00193,1R34DA050237-01,archived,2024-08-06T11:25:02.817617,6/6 Planning for the HEALthy Early Development Study,2019,No,,11.5,,,No,No,HEALthy Brain and Child Development Study (HBCD),https://reporter.nih.gov/project-details/9899070,"Ludmila Nicole Bakhireva, LAWRENCE M LEEMAN, JULIA MARIE STEPHEN",
HDP00194,1R44DA049631-01,live,,Addressing Opioid Use Disorder with an External Multimodal Neuromodulation Device: Development and Clinical Evaluation of DuoTherm for Opioid-Sparing in Acute and Chronic Low Back Pain.,2019,Yes,NCT04494698,71.2,,,No,No,Small Business Programs,https://reporter.nih.gov/project-details/9848027,Amy Lynn Baxter,10.60490/HDP00194
HDP00195,1UG3TR003149-01,live,,hiPSC-based DRG Tissue Mimics on Multi-well Microelectrode Arrays as a Tissue Chip Model of Acute and Chronic Nociception,2019,No,,11.5,,,No,No,Translational Research to Advance Testing of Novel Drugs and Human Cell-Based Screening Platforms to Treat Pain and Opioid Use Disorder,https://reporter.nih.gov/project-details/9883281,Bryan James Black,
HDP00196,1UF1DA054817-01A1,live,,Preclinical Development of Novel Dual OXR/KOR Antagonists for Treatment of Substance Use Disorder,2021,No,,11.5,,,No,No,Focusing Medication Development to Prevent and Treat Opioid Use Disorder and Overdose,https://reporter.nih.gov/project-details/10400321,John A Butera,
HDP00197,1U01DK123814-01,archived,2024-05-14T10:52:06.852476,"Pain, Opioids, and ESRD risk reduction with Mindfulness and Buprenorphine (POEM-B): A 3-arm multi-site randomized trial in hemodialysis patients",2019,No,,11.5,,,No,No,Integrated Approach to Pain and Opioid Use in Hemodialysis Patients,https://reporter.nih.gov/project-details/9901871,"David M Charytan, JOSHUA D LEE, Amanda J Shallcross",
HDP00198,1U19AR076734-01,archived,2024-09-24T14:27:14.001991,Administrative Core,2019,No,,11.5,,,No,No,,https://reporter.nih.gov/project-details/9898107,Daniel J Clauw,
HDP00199,1R34DA050343-01,archived,2024-08-06T11:25:04.133442,3/6 Planning for the HEALthy Early Development Study,2019,No,,11.5,,,No,No,HEALthy Brain and Child Development Study (HBCD),https://reporter.nih.gov/project-details/9899405,"Julie May Croff, AMANDA S MORRIS",
HDP00200,1UG3AT011265-01,archived,2025-02-24T11:28:12.008253,Hybrid Effectiveness-Implementation Trial of Guided Relaxation and Acupuncture for Chronic Sickle Cell Disease Pain,2020,Yes,NCT04906447,96.2,ICPSR,,No,No,Pragmatic and Implementation Studies for the Management of Pain to Reduce Opioid Prescribing (PRISM),https://reporter.nih.gov/project-details/10135213,"Ardith Z Doorenbos, Miriam Omelebele Ezenwa, ROBERT E MOLOKIE, Judith Michelle Schlaeger, Nirmish R Shah",
HDP00201,1UF1MH121942-01,live,,Collaborating to Heal Addiction and Mental Health in Primary care (CHAMP),2019,Yes,NCT04600414,88.5,NIMH Data Archive,https://nda.nih.gov/edit_collection.html?id=3382,Yes,No,Optimizing Care for People with Opioid Use Disorder and Mental Health Conditions,https://reporter.nih.gov/project-details/9902764,"JOHN C. FORTNEY, Anna  Ratzliff, ANDREW J SAXON",10.60490/HDP00201
HDP00202,1UG3TR003090-01,live,,Joint Pain on a Chip: Mechanistic Analysis Therapeutic Targets and an Empirical Strategy for Personalized Pain Management,2019,No,,11.5,,,No,No,Translational Research to Advance Testing of Novel Drugs and Human Cell-Based Screening Platforms to Treat Pain and Opioid Use Disorder,https://reporter.nih.gov/project-details/9882772,"MICHAEL S GOLD, Hang  Lin",
HDP00203,1U24DA050182-01,archived,2025-08-18T10:31:46.450473,HEAL Initiative: Coordinating Center to Support NIDA Preventing Opioid Use Disorder in Older Adolescents and Young Adults,2019,No,,11.5,,,No,No,Preventing Opioid Use Disorder,https://reporter.nih.gov/project-details/9891612,TY A RIDENOUR,
HDP00204,1UG3DA050325-01,live,,Use of a GLP-1 Agonist to Treat Opioid Use Disorder in Rats and Man,2019,No,,11.5,,,No,No,Focusing Medication Development to Prevent and Treat Opioid Use Disorder and Overdose,https://reporter.nih.gov/project-details/9905170,"SCOTT C BUNCE, Patricia Sue Grigson",
HDP00205,1U24AT010961-01,archived,2024-04-05T10:37:54.507407,HEAL Collaboratory Resource Coordinating Center (PRISM) (U24),2019,No,,11.5,,,No,No,Pragmatic and Implementation Studies for the Management of Pain to Reduce Opioid Prescribing (PRISM),https://reporter.nih.gov/project-details/9974940,"LESLEY H CURTIS, Adrian  Hernandez, Kevin P Weinfurt",
HDP00206,1R41DA050364-01,live,,Optimization of Betulinic Acid analogs for T-type calcium channel inhibition for non-addictive relief of chronic pain,2019,No,,11.5,,,No,No,Small Business Programs,https://reporter.nih.gov/project-details/9907601,Rajesh  Khanna,
HDP00207,1R34DA050283-01,archived,2024-08-06T11:25:03.650510,"3 of 4, Investigation of opioid exposure and neurodevelopment (iOPEN)",2019,No,,11.5,,,No,No,HEALthy Brain and Child Development Study (HBCD),https://reporter.nih.gov/project-details/9900443,"HUGH P. GARAVAN, Sarah H Heil, ALEXANDRA S POTTER",
HDP00208,1R44DA046151-01,live,,"RAE (Realize, Analyze, Engage)- A Digital Biomarker Based Detection and Intervention System for Stress and Craving During Recovery from Substance Abuse Disorders",2019,Yes,NCT05227339,76.9,NAHDAP,,No,No,Small Business Programs,https://reporter.nih.gov/project-details/9545385,"STEPHANIE P CARREIRO, Premananda Pai Indic, Megan Rois Reinhardt",10.60490/HDP00208
HDP00209,1R44NS113749-01,live,,Micronized salsalate in a parenteral formulation is a safe and effective analgesic for acute postoperative pain management,2019,No,,11.5,,,No,No,Small Business Programs,https://reporter.nih.gov/project-details/9847335,Joel Steven Ross,
HDP00210,1R01HD096798-01,live,,"Safety, pharmacokinetics and efficacy of extended-release naltrexone in pregnant women with opioid use disorder",2018,Yes,NCT03718104,80.8,Sequence Read Archive (SRA),,Yes,No,,https://reporter.nih.gov/project-details/9613939,Elisha  Wachman,10.60490/HDP00210
HDP00211,1UG3CA261067-01,archived,2025-01-28T10:49:59.271132,Optimizing the use of ketamine to reduce chronic postsurgical pain,2020,Yes,NCT05037123,92.3,,,No,No,Pain Management Effectiveness Research Network,https://reporter.nih.gov/project-details/10154174,"Lisa  Doan, Jing  Wang",10.60490/HDP00211
HDP00212,1UH3NS113661-01,live,,Deep Brain Stimulation of the Subgenual Cingulate Cortex for the Treatment of Medically Refractory Chronic Low Back Pain,2019,Yes,NCT04085406,34.6,,,No,No,Translating Discoveries into Effective Devices to Treat Pain,https://reporter.nih.gov/project-details/9848902,"AUSAF  BARI, NADER  POURATIAN",
HDP00213,1UG3DA047709-01,live,,An ultra-long-acting oral treatment for opioid use disorder,2018,No,,11.5,,,No,No,Focusing Medication Development to Prevent and Treat Opioid Use Disorder and Overdose,https://reporter.nih.gov/project-details/9676886,Andrew Martin Bellinger,
HDP00215,1UG3DA050235-01,archived,2024-09-05T15:44:46.468184,Development and Implementation of a Culturally Centered Opioid Prevention Intervention for American Indian/Alaska Native Young Adults in California,2019,Yes,NCT04617938,55.8,,,No,No,Preventing Opioid Use Disorder,https://reporter.nih.gov/project-details/9892437,"ELIZABETH J. D'AMICO, Daniel Lee Dickerson",
HDP00216,1R44HD107822-01,live,,An Novel Medical System for Quantitative Diagnosis and Personalized Precision Botulinum Neurotoxin Injection in Chronic Pelvic Pain Management,2021,Yes,,71.2,,,No,No,Small Business Programs,https://reporter.nih.gov/project-details/10386341,Nicholas  Dias,10.60490/HDP00216
HDP00217,1UG1DA050071-01,live,,Facilitating Opioid Care Connections: System level strategies to improve use of MAT and movement through the opioid care cascade for defendants in a new Opioid Court system,2019,Yes,NCT04216719,30.8,"JCOIN, NAHDAP",,Yes,No,Justice Community Opioid Innovation Network,https://reporter.nih.gov/project-details/9882751,"KATHERINE S ELKINGTON, Edward V. Nunes, MILTON L WAINBERG",
HDP00218,1OT2NS122680-01,archived,2023-12-06T11:02:56.578883,EPPIC-Net Pain Research - Application for Clinical Trial and Related Activities (OT2),2021,No,,11.5,,,No,No,Early Phase Pain Investigation Clinical Network (EPPIC-Net),https://reporter.nih.gov/project-details/10267804,MAURIZIO  FAVA,
HDP00219,1R61NS113341-01,live,,Discovery of the Biomarker Signature for Neuropathic Corneal Pain,2019,No,,11.5,,,Yes,Yes,"Discovery and Validation of Biomarkers, Endpoints, and Signatures for Pain Conditions",https://reporter.nih.gov/project-details/9829699,Pedram  Hamrah,
HDP00220,1UG3DA048734-01,live,,Evaluating Suvorexant for Sleep Disturbance in Opioid Use Disorder,2019,No,,11.5,,,No,No,Focusing Medication Development to Prevent and Treat Opioid Use Disorder and Overdose,https://reporter.nih.gov/project-details/9790420,"Kelly E. Dunn, Andrew S Huhn",
HDP00221,1R01AT010797-01,live,,Enhancing the impact of behavioral pain management on MAT outcomes,2019,Yes,NCT04433975,80.8,Vivli,https://doi.org/10.25934/PR00012435,Yes,No,Behavioral Research to Improve Medication-Based Treatment,https://reporter.nih.gov/project-details/9892107,"MARK A. ILGEN, Lewei Allison Lin",10.60490/HDP00221
HDP00222,1R44DA047866-01,live,,Neonatal Opioid Screening Using Aptamers and Compensated Interferometry,2019,No,,11.5,,,No,No,Small Business Programs,https://reporter.nih.gov/project-details/9680910,George W Jackson,
HDP00223,1UF1MH121944-01,live,,The Whole Health Study: Collaborative Care for OUD and Mental Health Conditions,2019,Yes,NCT04245423,34.6,NIMH Data Archive,,Yes,No,Optimizing Care for People with Opioid Use Disorder and Mental Health Conditions,https://reporter.nih.gov/project-details/9903903,"HILLARY R BOGNER, KYLE Matthew KAMPMAN, David S Mandell",
HDP00224,1UG3DA050306-01,live,,1-Year Sustained Release Naltrexone Implant for the prevention of relapse to opioid dependence,2019,No,,11.5,,,No,No,Focusing Medication Development to Prevent and Treat Opioid Use Disorder and Overdose,https://reporter.nih.gov/project-details/9904461,FRANCIS JOSEPH MARTIN,
HDP00225,1R34DA050263-01,archived,2024-08-06T11:25:10.409289,2/3; Promoting resilience in children: Protocol Development for a Birth Cohort Study to Access Factors Impacting Neurodevelopment,2019,No,,11.5,,,No,No,HEALthy Brain and Child Development Study (HBCD),https://reporter.nih.gov/project-details/9900325,Pilar N. Ossorio,
HDP00226,1R01DA047574-01,live,,In vivo characterization of opioid biased agonists,2019,No,,11.5,,,No,No,Focusing Medication Development to Prevent and Treat Opioid Use Disorder and Overdose,https://reporter.nih.gov/project-details/9653772,"JACK  BERGMAN, CAROL A PARONIS",
HDP00227,1R01NS116694-01,live,,Validation of Spinal Neurotensin Receptor 2 as an Analgesic Target,2020,No,,11.5,Dryad,https://doi.org/10.5061/dryad.kh18932mc,No,No,Discovery and Validation of Novel Targets for Safe and Effective Treatment of Pain,https://reporter.nih.gov/project-details/9976792,Amol M Patwardhan,
HDP00228,1UG3DA048386-01,live,,Vaccines for fentanyl and its derivatives: A strategy to reduce illicit use and overdose,2019,No,,11.5,,,No,No,Focusing Medication Development to Prevent and Treat Opioid Use Disorder and Overdose,https://reporter.nih.gov/project-details/9737173,Marco  Pravetoni,
HDP00229,1UG3DA050193-01,archived,2024-09-24T10:57:05.756822,Preventing Parental Opioid and/or Methamphetamine Addiction within DHS-Involved Families: FAIR,2019,Yes,,84.6,,,No,No,Preventing Opioid Use Disorder,https://reporter.nih.gov/project-details/9893665,Lisa  Saldana,10.60490/HDP00229
HDP00230,1UH3NS115631-01,live,,Multisite adaptive brain stimulation for multidimensional treatment of refractory chronic pain,2019,Yes,NCT04144972,96.2,"GitHub, Open Science Framework",,No,No,Translating Discoveries into Effective Devices to Treat Pain,https://reporter.nih.gov/project-details/9932780,Prasad  Shirvalkar,10.60490/HDP00230
HDP00231,1ZIATR000343-01,live,,"HEAL: Induced Pluripotent Stem Cell (iPSC)-Derived Neurons for Pain, Addiction and Overdose",2018,No,,11.5,,,No,No,,https://reporter.nih.gov/project-details/9770483,Ilyas  Singec,
HDP00232,1R41DA048689-01,archived,2026-02-20T15:05:03.654221,BEST-OUD: Behavioral Economic Screening Tool of Opioid Use Disorder for use in clinical practice,2019,No,,11.5,,,No,No,Small Business Programs,https://reporter.nih.gov/project-details/9777758,Sarah Emily Snider,
HDP00233,1UG3AR076573-01,live,,Randomized-controlled trial of virtual reality for chronic low back pain to improve patient-reported outcomes and physical activity,2019,Yes,,86.5,Vivli,,Yes,Yes,Back Pain Consortium Research Program,https://reporter.nih.gov/project-details/9881202,Brennan  Spiegel,10.60490/HDP00233
HDP00234,1U01DA055355-01,archived,2024-05-30T13:43:34.781564,9/24- Healthy Brain and Child Development National Consortium,2021,Yes,,75.0,,,No,No,HEALthy Brain and Child Development Study (HBCD),https://reporter.nih.gov/project-details/10379583,"Elizabeth Spencer Norton, LAUREN S WAKSCHLAG",10.60490/HDP00234
HDP00235,1R01DE029342-01,live,,Identification and Validation of a Novel Central Analgesia Circuit,2019,No,,11.5,,,No,No,Discovery and Validation of Novel Targets for Safe and Effective Treatment of Pain,https://reporter.nih.gov/project-details/9869813,"Joseph P Mathew, Fan  Wang",
HDP00236,1R41NS113705-01,live,,Targeting lipid rafts for treatment of migraine,2019,No,,11.5,,,No,No,,https://reporter.nih.gov/project-details/9846177,"Kevin  Bacon, LINDA S SORKIN",
HDP00237,1R01NS113243-01,live,,Targeting sensory ganglia and glial signaling for the treatment of acute and chronic pain,2019,Yes,,30.8,"Gene Expression Omnibus (GEO), Sequence Read Archive (SRA)","https://www.ncbi.nlm.nih.gov/geo/query/acc.cgi?acc=GSE236914, https://www.ncbi.nlm.nih.gov/sra/SRX20960184",No,No,Discovery and Validation of Novel Targets for Safe and Effective Treatment of Pain,https://reporter.nih.gov/project-details/9827701,Temugin  Berta,
HDP00238,1U24NS113846-01,archived,2023-08-22T13:45:13.587225,Medical University of South Carolina Specialized Clinical Center of EPPIC-Net,2019,No,,11.5,,,No,No,Early Phase Pain Investigation Clinical Network (EPPIC-Net),https://reporter.nih.gov/project-details/9868114,"KATHLEEN T. BRADY, Jeffrey J Borckardt",
HDP00239,1UH2AR076723-01,live,,Wearable nanocomposite sensor system for diagnosing mechanical sources of low back pain and guiding rehabilitation,2019,Yes,,7.7,Vivli,,Yes,Yes,Back Pain Consortium Research Program,https://reporter.nih.gov/project-details/9897908,Anton E. Bowden,
HDP00240,1R43DA050397-01,archived,2024-10-16T14:04:13.336338,Development of cannabinoid-opioid combination with opioid sparing and synergistic analgesic effects to prevent opioid use disorder and overdose.,2019,No,,11.5,,,No,No,Small Business Programs,https://reporter.nih.gov/project-details/9912141,Marisa  Briones,
HDP00241,1UG3DA047711-01,live,,Phase 1a/1b Clinical Trials of Multivalent Opioid Vaccine Components,2018,No,,11.5,,,No,No,Focusing Medication Development to Prevent and Treat Opioid Use Disorder and Overdose,https://reporter.nih.gov/project-details/9676787,"SANDRA D COMER, Marco  Pravetoni",
HDP00242,1UG3AG067493-01,archived,2025-01-28T10:49:57.966919,Tailored Non-Pharmacotherapy Services for Chronic Pain: Testing Scalable and Pragmatic Approaches,2019,Yes,NCT04523714,80.8,,,No,No,Pain Management Effectiveness Research Network,https://reporter.nih.gov/project-details/9869480,LYNN L. DeBAR,10.60490/HDP00242
HDP00243,1UG1HD107650-01,archived,2024-11-04T13:39:31.147625,HEAL Initiative: Neonatal Opioid Withdrawal Syndrome Pharmacological Treatments Comparative Effectiveness Trial Clinical Site,2021,No,,11.5,,,No,No,Advancing Clinical Trials in Neonatal Opioid Withdrawal (ACT NOW),https://reporter.nih.gov/project-details/10380359,RICHARD Whittington HALL,
HDP00244,1UG3DA049694-01,live,,Combining Pregabalin with Lofexidine: Can it Increase the Success of Transition to Naltrexone?,2019,No,,11.5,,,No,No,Focusing Medication Development to Prevent and Treat Opioid Use Disorder and Overdose,https://reporter.nih.gov/project-details/9852022,"KYLE Matthew KAMPMAN, GEORGE Edward WOODY",
HDP00245,1U18EB030609-01,live,,Novel Implantable Device to Negate Post-Amputation Pain,2021,Yes,,7.7,Harvard Dataverse,,No,No,Translating Discoveries into Effective Devices to Treat Pain,https://reporter.nih.gov/project-details/10113197,"SANDEEP  KATHJU, MOHAMED E LABIB",
HDP00246,1R43DA050338-01,live,,A universal approach for improving the limit of detection for fentanyl and fentanyl derivatives in urine,2019,No,,11.5,,,No,No,Small Business Programs,https://reporter.nih.gov/project-details/9906345,Benjamin Scott Lepene,
HDP00247,1R01NS118563-01A1,live,,FKBP51 antagonism to prevent chronic pain: optimizing efficacy & evaluating safety and mechanisms,2020,Yes,,7.7,Sequence Read Archive (SRA),https://www.ncbi.nlm.nih.gov/bioproject/PRJNA1173314,No,No,Discovery and Validation of Novel Targets for Safe and Effective Treatment of Pain,https://reporter.nih.gov/project-details/10055490,"Sarah  Linnstaedt, SAMUEL A. MCLEAN",
HDP00248,1R61AT010799-01,live,,"Peer-Delivered Behavioral Activation Intervention to Improve Adherence to MAT Among Low-Income, Minority Individuals With OUD",2019,Yes,NCT04248933,86.5,NAHDAP,https://doi.org/10.3886/ICPSR39305,No,No,Behavioral Research to Improve Medication-Based Treatment,https://reporter.nih.gov/project-details/9867903,Jessica F Magidson,10.60490/wex7-wn23
HDP00249,1UG3TR003148-01,live,,Multi-organ-on-chip device for modeling opioid reinforcement and withdrawal and the negative affective component of pain: a therapeutic screening tool.,2019,Yes,,61.5,Harvard Dataverse,https://dataverse.harvard.edu/dataset.xhtml?persistentId=doi:10.7910/DVN/PC5QR0,No,No,Translational Research to Advance Testing of Novel Drugs and Human Cell-Based Screening Platforms to Treat Pain and Opioid Use Disorder,https://reporter.nih.gov/project-details/9883563,"Nureddin  Ashammakhi, Ali  Khademhosseini, Nigel T Maidment, CLIVE Niels SVENDSEN, Stephanie Kristin Seidlits",10.60490/HDP00249
HDP00250,1UG3DA048353-01,live,,Opioid use disorders: UF Pharmacy medications discovery and development,2019,No,,11.5,,,No,No,Focusing Medication Development to Prevent and Treat Opioid Use Disorder and Overdose,https://reporter.nih.gov/project-details/9734706,"Christopher R McCurdy, Lance R McMahon",
HDP00251,1UG1HD107616-01,archived,2024-11-04T13:39:31.622188,HEAL initiative: Neonatal Opioid Withdrawal Syndrome Pharmacological Treatments Comparative Effectiveness Trial: Cincinnati site,2021,No,,11.5,,,No,No,Advancing Clinical Trials in Neonatal Opioid Withdrawal (ACT NOW),https://reporter.nih.gov/project-details/10377726,STEPHANIE L MERHAR,
HDP00252,1RF1NS113839-01,live,,Target validation of a novel CGRP receptor in migraine,2019,Yes,,7.7,Figshare,https://figshare.com/articles/dataset/Amylin_Dia_Figure_Cohorts_JW_9_14_22_xlsxamylin_diarrhea_study_cohorts_and_mouse_IDs/26121730,No,No,Discovery and Validation of Novel Targets for Safe and Effective Treatment of Pain,https://reporter.nih.gov/project-details/9868783,"Debbie L Hay, Andrew F Russo",
HDP00253,1R61NS114926-01,live,,SPRINT: Signature for Pain Recovery IN Teens,2019,Yes,,71.2,Open Science Framework,,Yes,Yes,"Discovery and Validation of Biomarkers, Endpoints, and Signatures for Pain Conditions",https://reporter.nih.gov/project-details/9889726,LAURA E SIMONS,10.60490/HDP00253
HDP00254,1UG3DA054825-01,live,,A novel and highly selective orexin 1 receptor antagonist for the treatment of patients with opioid use disorder.,2021,Yes,NCT05233085,32.7,,,No,No,Focusing Medication Development to Prevent and Treat Opioid Use Disorder and Overdose,https://reporter.nih.gov/project-details/10322644,"Thor  Ostenfeld, Fiona J. Thomson",
HDP00255,1R43AR074369-01,live,,Development of a fixed-dose combination therapy for the treatment of chronic musculoskeletal pain,2019,No,,11.5,,,No,No,Small Business Programs,https://reporter.nih.gov/project-details/9622295,Matthew Alexander Toczko,
HDP00256,1R44NS115196-01,live,,A Single Dose Long-Acting Non-Addictive Polymer Conjugate Formulation of Buprenorphine that Provides Immediate and Prolonged Analgesia for Post-Operative Pain,2019,No,,11.5,,,No,No,Small Business Programs,https://reporter.nih.gov/project-details/9905086,"RANDALL W MOREADITH, Tacey Xavier Viegas",
HDP00257,1UG3NS123958-01,live,,Development of a CCKBR-targeting scFv as Therapy for Chronic Pain Patients,2021,No,,11.5,,,No,No,Development and Optimization of Non-Addictive Therapies to Treat Pain,https://reporter.nih.gov/project-details/10304029,"Sascha R Alles, KARIN N. WESTLUND-HIGH",
HDP00258,1U24AR076730-01,live,,"Back Pain Consortium (BACPAC) Research Program Data Integration, Algorithm Development and Operations Management Center",2019,Yes,NCT05396014,82.7,,,Yes,No,Back Pain Consortium Research Program,https://reporter.nih.gov/project-details/9898044,"Kevin J Anstrom, ANASTASIA  IVANOVA, LISA  LAVANGE",10.60490/HDP00258
HDP00259,1R41DA050386-01,live,,Prevention of renarcotization from synthetic opioids,2019,No,,11.5,,,No,No,Small Business Programs,https://reporter.nih.gov/project-details/9912548,Saadyah  Averick,
HDP00260,1U01DA051071-01A1,live,,"Process Development, Manufacturing, and Preclinical Evaluation of a Monoclonal Antibody for Fentanyl Overdose",2020,Yes,,50.0,Figshare,https://springernature.figshare.com/articles/dataset/Investigation_of_a_Novel_Monoclonal_Antibody_CSX-1004_for_Fentanyl_Overdose/24354346,No,No,Focusing Medication Development to Prevent and Treat Opioid Use Disorder and Overdose,https://reporter.nih.gov/project-details/10155301,Paul T Bremer,10.60490/HDP00260
HDP00261,1UG3AR077360-01,archived,2025-01-28T10:49:57.271180,A sequenced-strategy for improving outcomes in patients with knee osteoarthritis pain,2019,Yes,NCT04504812,92.3,,,No,No,Pain Management Effectiveness Research Network,https://reporter.nih.gov/project-details/9870205,"Claudia Michelle Campbell, Renan C Castillo, Steven P Cohen",10.60490/HDP00261
HDP00262,1UG1DA050067-01,live,,Massachusetts Justice Community Opioid Innovation Network (JCOIN) Clinical Research Center,2019,Yes,,7.7,"JCOIN, NAHDAP",,Yes,No,Justice Community Opioid Innovation Network,https://reporter.nih.gov/project-details/9882834,"Elizabeth A. Evans, Peter D Friedmann",
HDP00263,1UG3DA052166-01A1,live,,"CVL-354, a kappa opioid receptor antagonist for treatment of opioid use disorder, withdrawal and relapse",2021,No,,11.5,,,No,No,Focusing Medication Development to Prevent and Treat Opioid Use Disorder and Overdose,https://reporter.nih.gov/project-details/10321502,"Philip  Iredale, Matthew  Leoni",
HDP00264,1R21AT010118-01,archived,2026-01-23T16:04:31.382112,Comprehensive CBT via reSET for a Hub and Spoke MAT System of Care,2018,Yes,NCT03826966,82.7,Vivli,,No,No,,https://reporter.nih.gov/project-details/9627201,"Sarah Sharfstein Kawasaki, Edward V. Nunes",10.60490/HDP00264
HDP00265,1R01NS120663-01A1,live,,Genetic and Pharmacological Validation of CRMP2 Phosphorylation as a Novel therapeutic Target for Neuropathic Pain,2020,Yes,,7.7,,,No,No,Discovery and Validation of Novel Targets for Safe and Effective Treatment of Pain,https://reporter.nih.gov/project-details/9966187,Rajesh  Khanna,
HDP00266,1U24NS115678-01,archived,2023-08-22T13:45:13.587225,EPPIC-Net Hub at University of Washington,2019,No,,11.5,,,No,No,Early Phase Pain Investigation Clinical Network (EPPIC-Net),https://reporter.nih.gov/project-details/9939241,"Michele  Curatolo, Kushang  Patel, Brett  Stacey",
HDP00267,1UG1HD107649-01,archived,2024-11-04T13:39:28.791738,Neonatal Opioid Withdrawal Syndrome (NOWS) in Kentucky: Improving Outcomes for Infants,2021,No,,11.5,,,No,No,Advancing Clinical Trials in Neonatal Opioid Withdrawal (ACT NOW),https://reporter.nih.gov/project-details/10380355,"Lori Ann Devlin-Phinney, Sucheta  Telang",
HDP00268,1R43NS120617-01A1,live,,Chemokine-receptor profiling for painful diabetic neuropathy in biological samples from human clinical trials,2021,Yes,,80.8,,,No,No,Small Business Programs,https://reporter.nih.gov/project-details/10326651,"Thomas P Richardson, Yiping  Wang",10.60490/HDP00268
HDP00269,1R34DA050272-01,archived,2024-08-06T11:25:00.883713,"1/2 - Optimizing access, engagement and assessment to elucidate prenatal influences on neurodevelopment: The Brains Begin Before Birth (B4) Midwest Consortium",2019,No,,11.5,,,No,No,HEALthy Brain and Child Development Study (HBCD),https://reporter.nih.gov/project-details/9900193,"CYNTHIA Elise ROGERS, Christopher Daniel Smyser",
HDP00270,1R43DA049495-01,live,,Removing implementation obstacles and tailoring reward-based technology programs to patient psychographic characteristics to sustainably increase adherence to substance use disorder pharmacotherapies,2019,No,,11.5,,,No,No,Small Business Programs,https://reporter.nih.gov/project-details/9839232,WILLIAM Z TAN,
HDP00271,1UG3NS115718-01,live,,Development of MRGPRX1 positive allosteric modulators as non-addictive therapies for neuropathic pain,2019,No,,11.5,,,No,No,Development and Optimization of Non-Addictive Therapies to Treat Pain,https://reporter.nih.gov/project-details/9941708,Takashi  Tsukamoto,
HDP00272,1R44AR076885-01,live,,Enhancing Physical Therapy: Noninvasive Brain Stimulation System for Treating Carpal Tunnel Syndrome,2019,No,,11.5,,,No,No,Small Business Programs,https://reporter.nih.gov/project-details/9908734,"Laura  Dipietro, Timothy Andrew Wagner",
HDP00273,1R34DA050266-01,archived,2024-08-06T11:25:06.860964,"2/2 Optimizing access, engagement and assessment to elucidate prenatal influences on neurodevelopment: The Brains Begin Before Birth(B4 ) Midwest Consortium",2019,No,,11.5,,,No,No,HEALthy Brain and Child Development Study (HBCD),https://reporter.nih.gov/project-details/9900287,LAUREN S WAKSCHLAG,
HDP00274,1UG3DA048745-01A1,live,,Nalmefene Long-Acting Injectable (AP007) for the Treatment of Opioid Use Disorder,2019,No,,11.5,,,No,No,Focusing Medication Development to Prevent and Treat Opioid Use Disorder and Overdose,https://reporter.nih.gov/project-details/9905066,Andrew  Walker,
HDP00275,1U24NS115714-01,archived,2023-08-22T13:45:13.587225,California Clinical and Translational Pain Research Consortium,2019,No,,11.5,,,No,No,Early Phase Pain Investigation Clinical Network (EPPIC-Net),https://reporter.nih.gov/project-details/9942319,MARK S WALLACE,
HDP00276,1UF1MH121954-01,live,,Improving Access and Treatment for Co-occurring Opioid Use Disorders and Mental Illness,2019,Yes,NCT04634279,86.5,NIMH Data Archive,https://nda.nih.gov/edit_collection.html?id=3384,Yes,No,Optimizing Care for People with Opioid Use Disorder and Mental Health Conditions,https://reporter.nih.gov/project-details/9905069,"Miriam  Komaromy, Katherine E Watkins",10.60490/HDP00276
HDP00277,1UG3DA050252-01,archived,2024-09-24T10:57:03.540670,Does Treating Young Persons Psychopathology Prevent the Onset of Opioid and other Substance Use Disorders?,2019,Yes,,57.7,NIDA Data Share,,No,No,Preventing Opioid Use Disorder,https://reporter.nih.gov/project-details/9892783,"Timothy E Wilens, Amy  Yule",10.60490/HDP00277
HDP00278,1R43DA049620-01,live,,"NeoGUARD: An easy-to-use, low-cost brain monitor for objective screening and treatment of opioid-exposed infants",2019,No,,11.5,,,No,No,Small Business Programs,https://reporter.nih.gov/project-details/9848378,TATJANA  ZIKOV,
HDP00279,1UG3DA047793-01,archived,2024-05-23T08:20:53.958384,tDCS to Decrease Opioid Relapse,2018,No,,11.5,,,No,No,Translational Research to Advance Testing of Novel Drugs and Human Cell-Based Screening Platforms to Treat Pain and Opioid Use Disorder,https://reporter.nih.gov/project-details/9683950,"Ana M Abrantes, Michael D Stein",
HDP00280,1RM1DA055310-01,live,,Pain Care at Home to Amplify Function (Pain CHAMP),2021,Yes,NCT05333341,86.5,NAHDAP,,Yes,Yes,Integrative Management of chronic Pain and OUD for Whole Recovery (IMPOWR),https://reporter.nih.gov/project-details/10378910,"WILLIAM C BECKER, Declan T. Barry, David  Fiellin",10.60490/HDP00280
HDP00281,1U01DA046430-01A1,live,,Efficacy of buprenorphine and XR-naltrexone combination for relapse prevention in opioid use disorder,2020,Yes,NCT05011266,44.2,,,No,No,Focusing Medication Development to Prevent and Treat Opioid Use Disorder and Overdose,https://reporter.nih.gov/project-details/9738472,ADAM  BISAGA,
HDP00282,1R01HD096796-01,live,,Pharmacologically-based Strategies for Buprenorphine Treatment During Pregnancy,2018,No,NCT03831113,11.5,,,No,No,,https://reporter.nih.gov/project-details/9613911,STEVE N CARITIS,
HDP00283,1R21AT010109-01,live,,Mindfulness Oriented Recovery Enhancement as an Adjunct to Methadone Treatment for Opioid Use and Chronic Pain Management,2018,Yes,NCT04491968,38.5,,,No,No,,https://reporter.nih.gov/project-details/9626713,"Nina  Cooperman, Anna  Kline",
HDP00284,1R01NS111929-01A1,live,,"Anatomic, Physiologic and Transcriptomic Mechanisms of Neuropathic Pain in Human DRG",2020,No,,11.5,Database of Genotypes and Phenotypes (dbGaP),https://www.ncbi.nlm.nih.gov/projects/gap/cgi-bin/study.cgi?study_id=phs001158,Yes,No,,https://reporter.nih.gov/project-details/9997567,"Patrick M Dougherty, Theodore J Price",
HDP00285,1UG3DA050251-01,archived,2024-09-24T10:57:04.040889,A digital intervention to prevent the initiation of opioid misuse in adolescents in school-based health centers,2019,Yes,NCT04941950,32.7,NIDA Data Share,,No,No,Preventing Opioid Use Disorder,https://reporter.nih.gov/project-details/9890338,Lynn Elizabeth Fiellin,
HDP00286,1U01DK123787-01,archived,2024-05-14T10:52:07.313042,University of Illinois at Chicago Hemodialysis Opioid Prescription Effort (HOPE) Clinical  Center,2019,No,,11.5,,,No,No,Integrated Approach to Pain and Opioid Use in Hemodialysis Patients,https://reporter.nih.gov/project-details/9900385,"Ardith Z Doorenbos, Michael J. Fischer",
HDP00287,1R41NS116784-01,live,,Discovery of T-type Calcium Channel Antagonists from Multicomponent Reactions and Their Application in Paclitaxel-induced Peripheral Neuropathy,2019,No,,11.5,,,No,No,Small Business Programs,https://reporter.nih.gov/project-details/9552022,Rajesh  Khanna,
HDP00288,1UG3DA050234-01,archived,2024-09-24T10:57:05.352430,Community Randomized Trial in the Cherokee Nation: CONNECT and CMCA for Preventing Drug Misuse among Older Adolescents,2019,No,,11.5,,,No,No,Preventing Opioid Use Disorder,https://reporter.nih.gov/project-details/9892321,KELLI Ann KOMRO,
HDP00289,1R21AT010117-01,live,,Mindful Moms in Recovery: Yoga-based mindfulness relapse prevention for pregnant women with opioid disorder,2018,No,,11.5,,,No,No,Behavioral Research to Improve Medication-Based Treatment,https://reporter.nih.gov/project-details/9627136,"Daisy J Goodman, SARAH E LORD",
HDP00290,1RM1DA055311-01,archived,2024-09-19T16:27:45.097586,Tailored Retention and Engagement for Equitable Treatment of OUD and Pain (TREETOP) - Engagement Project,2021,Yes,,7.7,,,No,No,Integrative Management of chronic Pain and OUD for Whole Recovery (IMPOWR),https://reporter.nih.gov/project-details/10378923,"Megan  Hamm, KEVIN L KRAEMER, Jessica S Merlin",
HDP00291,1R43NS120410-01A1,live,,Optimization of a Gene Therapy for Chronic Pain in Human DRGs,2021,Yes,,65.4,,,No,No,Small Business Programs,https://reporter.nih.gov/project-details/10259387,"Fernando  Aleman Guillen, Ana Maria Moreno",10.60490/HDP00291
HDP00292,1UG3DA048774-01,live,,Injectable naltrexone 2-month depot formulations,2019,No,,11.5,,,No,No,Focusing Medication Development to Prevent and Treat Opioid Use Disorder and Overdose,https://reporter.nih.gov/project-details/9796274,KINAM  PARK,
HDP00293,1R61NS113316-01,live,,Discovery and Analytical Validation of Inflammatory Bio-Signatures of the Human Pain Experience,2019,Yes,,59.6,ICPSR,,Yes,Yes,"Discovery and Validation of Biomarkers, Endpoints, and Signatures for Pain Conditions",https://reporter.nih.gov/project-details/9829469,Alan Rodney Prossin,10.60490/HDP00293
HDP00294,1U24NS113849-01,archived,2023-08-22T13:45:13.587225,The Icahn School of Medicine at Mount Sinai (ISMMS) EPPIC-Net Specialized Clinical Center,2019,No,,11.5,,,No,No,Early Phase Pain Investigation Clinical Network (EPPIC-Net),https://reporter.nih.gov/project-details/9867952,Jessica  Robinson-Papp,
HDP00295,1R01HD096800-01,live,,Effects of Opioid Use Disorder in Pregnancy on Long-Term Maternal and Child Outcomes,2018,No,,11.5,,,No,No,,https://reporter.nih.gov/project-details/9614028,Senthilkumar  Sadhasivam,
HDP00296,1R01DA047094-01A1,archived,2024-12-20T12:05:28.462954,Guanfacine Target Engagement and Validation to Improve Substance Use Outcomes in Women,2019,No,,11.5,,,No,No,Focusing Medication Development to Prevent and Treat Opioid Use Disorder and Overdose,https://reporter.nih.gov/project-details/9739674,Rajita  Sinha,
HDP00297,1UG3DA050174-01,archived,2024-09-24T10:57:06.217665,"Prevention of OUD: The HOME (Housing, Opportunities, Motivation and Engagement) Randomized Trial",2019,Yes,NCT04135703,73.1,,,No,No,Preventing Opioid Use Disorder,https://reporter.nih.gov/project-details/9888864,"Kelly J Kelleher, NATASHA  SLESNICK",10.60490/HDP00297
HDP00298,1U01DA055338-01,archived,2024-05-30T13:43:26.232863,8/24 The Healthy Brain and Child Development National Consortium,2021,No,,11.5,,,No,No,HEALthy Brain and Child Development Study (HBCD),https://reporter.nih.gov/project-details/10379745,"Obianuju  Berry, Moriah E Thomason",
HDP00299,1R44GM140795-01A1,live,,Non-Opioid Post-Operative Pain Management Using Bupivacaine-loaded Poly(ester urea) Mesh,2021,No,,11.5,,,No,No,Small Business Programs,https://reporter.nih.gov/project-details/10322523,Jiayi  Yu,
HDP00300,1UG3DA050310-01,live,,A once-weekly oral methadone for maintenance therapy for opioid use disorder,2019,No,,11.5,,,No,No,Focusing Medication Development to Prevent and Treat Opioid Use Disorder and Overdose,https://reporter.nih.gov/project-details/9904278,"Richard  Scranton, Stephen  Zale",
HDP00301,1UG3DA050189-01,archived,2024-09-05T15:44:45.999786,Using SMART Design to Identify an Effective and Cost-Beneficial Approach to Preventing OUD in Justice-Involved Youth,2019,No,,11.5,,,No,No,Preventing Opioid Use Disorder,https://reporter.nih.gov/project-details/9892763,"KYM R AHRENS, Kevin P Haggerty",
HDP00302,1UG1HD107580-01,archived,2024-11-04T13:39:32.083294,UAB Clinical Site HEAL Neonatal Opioid Withdrawal Pharmacological Treatments,2021,No,,11.5,,,No,No,Advancing Clinical Trials in Neonatal Opioid Withdrawal (ACT NOW),https://reporter.nih.gov/project-details/10372486,Namasivayam  Ambalavanan,
HDP00303,1RF1NS113991-01,live,,Disrupting ion channel scaffolding to treat neuropathic pain,2019,No,,11.5,Figshare,"https://figshare.com/articles/dataset/Magi-2_Project/26933014, https://figshare.com/articles/dataset/Prism_Data/26824222",No,No,Discovery and Validation of Novel Targets for Safe and Effective Treatment of Pain,https://reporter.nih.gov/project-details/9870070,Arindam  Bhattacharjee,
HDP00304,1UG3DA048767-01,live,,Development of a Soluble Epoxide Hydrolase Inhibitor to Spare or Replace Opioid Analgesics,2019,No,,11.5,,,No,No,Focusing Medication Development to Prevent and Treat Opioid Use Disorder and Overdose,https://reporter.nih.gov/project-details/9796632,"Alan R Buckpitt, BRUCE D HAMMOCK",
HDP00305,1R43DA049623-01,live,,Non-invasive Neuromodulation Device for Decreasing Withdrawal Symptoms and Craving during Treatment of Opioid Use Disorder,2019,No,,11.5,,,No,No,Small Business Programs,https://reporter.nih.gov/project-details/9848313,Daniel Rogers Burnett,
HDP00306,1U24DA055325-01,archived,2024-05-30T13:43:25.655187,The Healthy Brain and Child Development National Consortium Administrative Core,2021,No,,11.5,,,No,No,HEALthy Brain and Child Development Study (HBCD),https://reporter.nih.gov/project-details/10380522,"CHRISTINA  CHAMBERS, CHARLES Alexander NELSON",
HDP00307,1R43DA049650-01,live,,Patient-level Risk Identifier Models for a Multifactor Opioid Abuse Risk Assessment Strategy,2019,No,,11.5,,,No,No,Small Business Programs,https://reporter.nih.gov/project-details/9845104,Paul  DuBose,
HDP00308,1UH2AR076719-01,live,,Novel imaging of endplate biomarkers in chronic low back pain,2019,Yes,,78.8,Vivli,,Yes,Yes,Back Pain Consortium Research Program,https://reporter.nih.gov/project-details/9897867,"Aaron J Fields, Roland  Krug",10.60490/HDP00308
HDP00309,1UG3NR019943-01,archived,2025-02-24T11:28:12.658157,Nonpharmacologic Pain Management in FQHC primary care clinics,2020,Yes,NCT04923334,40.4,,,No,No,Pragmatic and Implementation Studies for the Management of Pain to Reduce Opioid Prescribing (PRISM),https://reporter.nih.gov/project-details/10156594,Julie M Fritz,
HDP00310,1UG3NS114947-01,live,,Novel HCN1-selective small molecule inhibitors for the treatment of neuropathic pain,2019,No,,11.5,,,No,No,Development and Optimization of Non-Addictive Therapies to Treat Pain,https://reporter.nih.gov/project-details/9888896,PETER A GOLDSTEIN,
HDP00311,1R01DA043476-01A1,archived,2024-10-29T14:09:39.226323,Buprenorphine for probationers and parolees: Bridging the gap into treatment,2018,No,,11.5,,,No,No,,https://reporter.nih.gov/project-details/9444707,Michael Scott Gordon,
HDP00312,1UG3DA048385-01,live,,Development of novel therapeutics for opioid dependence,2018,No,,11.5,,,No,No,Focusing Medication Development to Prevent and Treat Opioid Use Disorder and Overdose,https://reporter.nih.gov/project-details/9737592,"Theodore M Kamenecka, Paul J. Kenny",
HDP00313,1UG3DA047700-01,live,,Biased Mu-Opioid Receptor Analgesics to Prevent Overdose and Opioid Use Disorders,2018,No,,11.5,,,No,No,Focusing Medication Development to Prevent and Treat Opioid Use Disorder and Overdose,https://reporter.nih.gov/project-details/9675405,"JAMES E. BARRETT, Lawrence C. Kuo",
HDP00314,1U01DK123786-01,archived,2024-05-14T10:52:09.150180,Randomized ESRD Trial COmparing CBT alone VERsus with buprenorphine (RECOVER),2019,No,,11.5,,,No,No,Integrated Approach to Pain and Opioid Use in Hemodialysis Patients,https://reporter.nih.gov/project-details/9900356,"Daniel  Cukor, RAJNISH  MEHROTRA, Mark Lynn Unruh",
HDP00315,1UG3DA048379-01,live,,"Arylepoxamides: A new class of potent, safer analgesics",2019,No,,11.5,,,No,No,Focusing Medication Development to Prevent and Treat Opioid Use Disorder and Overdose,https://reporter.nih.gov/project-details/9735589,YING-XIAN  PAN,
HDP00316,1R61HL156240-01,live,,Intranasal Leptin as A Novel Treatment of Opioid-Induced Respiratory Depression,2020,No,,11.5,,,No,No,Focusing Medication Development to Prevent and Treat Opioid Use Disorder and Overdose,https://reporter.nih.gov/project-details/10130233,Vsevolod Y Polotsky,
HDP00317,1R01AT010742-01,live,,Mindful Body Awareness Training as an Adjunct to Medication Assisted Treatment for Opioid Use Disorder: An ancillary study,2019,Yes,,76.9,Dryad,,No,No,Behavioral Research to Improve Medication-Based Treatment,https://reporter.nih.gov/project-details/9893166,"JOSEPH O MERRILL, CYNTHIA J PRICE",10.60490/HDP00317
HDP00318,1R01NS118504-01,live,,Targeting GPCRs in amygdalar and cortical neural ensembles to treat pain aversion,2020,Yes,,61.5,"Gene Expression Omnibus (GEO), Sequence Read Archive (SRA)","https://www.ncbi.nlm.nih.gov/bioproject/PRJNA1190987, https://www.ncbi.nlm.nih.gov/geo/query/acc.cgi?acc=GSE283418, https://www.ncbi.nlm.nih.gov/sra/?term=PRJNA1190987",No,No,Discovery and Validation of Novel Targets for Safe and Effective Treatment of Pain,https://reporter.nih.gov/project-details/10055582,Gregory  Scherrer,10.60490/HDP00318
HDP00319,1R34DA050267-01,archived,2024-08-06T11:24:58.561603,2/5 HEAL Consortium: Establishing Innovative Approaches for the HEALthy Brain and Child Development Study,2019,No,,11.5,,,No,No,HEALthy Brain and Child Development Study (HBCD),https://reporter.nih.gov/project-details/9900284,Phillip Brian Smith,
HDP00320,1R43DA050380-01,live,,Neurofeedback-EEG-VR (NEVR) System for Non-opioid Pain Therapy,2019,No,,11.5,,,No,No,Small Business Programs,https://reporter.nih.gov/project-details/9912651,Walid  Soussou,
HDP00321,1RF1NS113881-01,live,,Discovery and validation of a new long noncoding RNA as a novel target for neuropathic pain,2019,No,,11.5,,,No,No,Discovery and Validation of Novel Targets for Safe and Effective Treatment of Pain,https://reporter.nih.gov/project-details/9869481,"Steve  Davidson, Yuan-Xiang  Tao",
HDP00322,1R34DA050287-01,archived,2024-08-06T11:25:12.198546,4:4 Investigation of opioid exposure and neurodevelopment (iOPEN),2019,No,,11.5,,,No,No,HEALthy Brain and Child Development Study (HBCD),https://reporter.nih.gov/project-details/9899554,"Veerle  Bergink, Moriah E Thomason",
HDP00323,1UG3AR076568-01,archived,2024-07-05T13:43:06.744915,Proof of concept study to treat negative affect in chronic low back pain,2019,No,,11.5,,,No,No,Back Pain Consortium Research Program,https://reporter.nih.gov/project-details/9881969,AJAY D WASAN,
HDP00324,1U24NS115708-01,archived,2025-06-18T15:29:31.128183,University of Pittsburgh Hub and Spoke Pain Clinical Trial Network,2019,Yes,,42.3,,,No,No,Early Phase Pain Investigation Clinical Network (EPPIC-Net),https://reporter.nih.gov/project-details/9941765,"Benedict J Alter, AJAY D WASAN",
HDP00325,1UG3NS115637-01,live,,Clinical Translation of Ultrasonic Ketamine Uncaging for Non-Opioid Therapy of Chronic Pain,2019,Yes,,7.7,GitHub,https://github.com/Airan-Lab/diianni2023-ketamine-fUSI,No,No,Translating Discoveries into Effective Devices to Treat Pain,https://reporter.nih.gov/project-details/9932733,"Raag D Airan, Nolan R. Williams",
HDP00326,1UG3DA047925-01,live,,Development of a 3-month implantable depot pellet of Naltrexone for the treatment of Opioid Use Disorder.,2019,Yes,NCT04828694,76.9,,,No,No,Focusing Medication Development to Prevent and Treat Opioid Use Disorder and Overdose,https://reporter.nih.gov/project-details/9697952,Balbir  Brar,10.60490/HDP00326
HDP00327,1UG3NS123965-01,archived,2025-06-18T15:29:31.562980,"Novel, non-opioid, non-addictive intrathecal therapy for the treatment of chronic pain",2021,No,,11.5,,,No,No,Development and Optimization of Non-Addictive Therapies to Treat Pain,https://reporter.nih.gov/project-details/10304647,James N Campbell,
HDP00328,1U18EB029351-01,live,,Development of an MRgFUS system for precision-targeted neuromodulation of pain circuits with simultaneous functional MRI,2019,Yes,,7.7,OpenNEURO,https://openneuro.org/datasets/ds004265/versions/1.1.2,No,No,Translating Discoveries into Effective Devices to Treat Pain,https://reporter.nih.gov/project-details/9932739,"Charles F Caskey, Li Min  Chen, William A Grissom",
HDP00329,1U01DA055349-01,archived,2024-05-30T13:43:35.922192,10/24 Healthy Brain and Child Development National Consortium,2021,No,,11.5,,,No,No,HEALthy Brain and Child Development Study (HBCD),https://reporter.nih.gov/project-details/10380302,"Julie May Croff, Jennifer  Hays-Grudo, AMANDA S MORRIS",
HDP00330,1R61NS113269-01,live,,Validation of a novel cortical biomarker signature for pain,2019,Yes,NCT04241562,28.8,"OpenNEURO, Open Science Framework","https://openneuro.org/datasets/ds005486, https://osf.io/r3m9g/",Yes,Yes,"Discovery and Validation of Biomarkers, Endpoints, and Signatures for Pain Conditions",https://reporter.nih.gov/project-details/9828948,"Joyce Teixeira Da Silva, Siobhan  Schabrun, David  Seminowicz",
HDP00331,1R34DA050044-01,live,,Improving health and employment outcomes through workplace opioid policies,2019,Yes,NCT05387408,75.0,NAHDAP,https://www.icpsr.umich.edu/web/NAHDAP/studies/38967,Yes,No,Preventing Opioid Use Disorder,https://reporter.nih.gov/project-details/9877133,Ann Marie Dale,10.60490/HDP00331
HDP00332,1R61AT010604-01,live,,Testing the Effects of Contingency Management and Behavioral Economics on Buprenorphine-Naloxone Treatment Adherence Using a Sequential Multiple Assignment Randomized Trial (SMART) Design,2019,Yes,NCT04464421,84.6,NAHDAP,,No,No,Behavioral Research to Improve Medication-Based Treatment,https://reporter.nih.gov/project-details/9867305,Karen J Derefinko,10.60490/HDP00332
HDP00333,1UG3DA050322-01,archived,2024-12-20T12:05:28.893194,Preclinical and clinical evaluation of the NMDA modulator NYX-783 for OUD,2019,No,,11.5,,,No,No,Focusing Medication Development to Prevent and Treat Opioid Use Disorder and Overdose,https://reporter.nih.gov/project-details/9905187,"RALPH J DILEONE, ROBERT T MALISON, Rajita  Sinha, Jane R Taylor",
HDP00334,1K01DA044279-01A1,live,,Preventing Substance Use Among Youth: Behavioral and Economic Impact of Enhanced Implementation Strategies for Communities,2019,Yes,NCT04752189,84.6,NAHDAP,,No,No,Preventing Opioid Use Disorder,https://reporter.nih.gov/project-details/9524666,Andria B Eisman,10.60490/HDP00334
HDP00335,1UG1DA049444-01,archived,2025-01-07T13:03:11.209799,Greater Intermountain Node,2019,Yes,NCT03936985,25.0,,,No,No,Enhancing the National Drug Abuse Treatment Clinical Trials Network to Address Opioids,https://reporter.nih.gov/project-details/9838598,"Gerald T. Cochran, Adam Joseph Gordon",
HDP00336,1R61HL156248-01,live,,Treatment of Fentanyl Overdose-Induced Respiratory Failure by Low-Dose Dexmedetomidine,2020,No,,11.5,,,No,No,Focusing Medication Development to Prevent and Treat Opioid Use Disorder and Overdose,https://reporter.nih.gov/project-details/10132101,Philippe A Haouzi,
HDP00337,1R61NS113329-01,live,,Discovery of Biomarker Signatures Prognostic for Neuropathic Pain after Acute Spinal Cord Injury,2019,Yes,,82.7,,,Yes,Yes,"Discovery and Validation of Biomarkers, Endpoints, and Signatures for Pain Conditions",https://reporter.nih.gov/project-details/9829265,Georgene W Hergenroeder,10.60490/HDP00337
HDP00338,1U24NS115679-01,archived,2023-08-22T13:45:13.587225,MACC/EPICC-Net as a Hub for the HEAL Initiative EPICC-Net,2019,No,,11.5,,,No,No,Early Phase Pain Investigation Clinical Network (EPPIC-Net),https://reporter.nih.gov/project-details/9939270,"TOM Paul AUFDERHEIDE, Jennifer Lynn Hernandez-Meier",
HDP00339,1R43DE029369-01,live,,A Novel Opioid-Free Targeted Pain Control Method for Acute Post-Operative Localized Pain Related to Oral Surgical Procedures,2019,No,,11.5,,,No,No,Small Business Programs,https://reporter.nih.gov/project-details/9908492,"Rahul  Jadia, George  Kay",
HDP00340,1UG1HD107628-01,archived,2024-11-04T13:39:26.892680,Thomas Jefferson University Hospital Clinical Site for HEAL NOWS Pharmacologic Trial,2021,No,,11.5,,,No,No,Advancing Clinical Trials in Neonatal Opioid Withdrawal (ACT NOW),https://reporter.nih.gov/project-details/10378979,"Susan  Adeniyi-Jones, WALTER K KRAFT",
HDP00341,1UG1DA049436-01,archived,2025-01-07T13:03:08.204541,Appalachian Node,2019,No,,11.5,,,No,No,Enhancing the National Drug Abuse Treatment Clinical Trials Network to Address Opioids,https://reporter.nih.gov/project-details/9837725,"JUDITH  FEINBERG, JANE M LIEBSCHUTZ",
HDP00342,1UG3DA048508-01,live,,Combined tDCS and Cognitive Training for the Treatment of Opioid Addiction,2019,No,,11.5,,,No,No,Focusing Medication Development to Prevent and Treat Opioid Use Disorder and Overdose,https://reporter.nih.gov/project-details/9750304,KELVIN O. LIM,
HDP00343,1R01DA046532-01A1,live,,Evaluation of drug mixtures for treating pain: behavioral and pharmacological interactions between opioids and serotonin agonists,2019,No,,11.5,Harvard Dataverse,https://dataverse.harvard.edu/dataset.xhtml?persistentId=doi:10.7910/DVN/JOC9GC,No,No,Focusing Medication Development to Prevent and Treat Opioid Use Disorder and Overdose,https://reporter.nih.gov/project-details/9684195,DAVID Richard MAGUIRE,
HDP00344,1UH2AR076724-01,archived,2025-01-08T15:36:38.559224,"Technology Research Site for Advanced, Faster Quantitative Imaging for BACPAC",2019,Yes,,86.5,,,No,No,Back Pain Consortium Research Program,https://reporter.nih.gov/project-details/9897929,Sharmila  Majumdar,10.60490/HDP00344
HDP00345,1UF1DA053806-01A1,live,,Development of a novel OTC naloxone product to be affordably priced and widely accessible,2021,Yes,,75.0,NAHDAP,,No,No,Focusing Medication Development to Prevent and Treat Opioid Use Disorder and Overdose,https://reporter.nih.gov/project-details/10400589,Ashanthi  Mathai,10.60490/HDP00345
HDP00346,1R43NS115294-01,live,,Developing EXP-1801 as an imaging agent to quantify pain and analgesia,2019,No,,11.5,,,No,No,Small Business Programs,https://reporter.nih.gov/project-details/9909162,Braxton  Norwood,
HDP00347,1UG3NS116218-01,live,,Novel mGlu5 negative allosteric modulators as first-in-class non-addictive analgesic therapeutics,2019,No,,11.5,,,No,No,Development and Optimization of Non-Addictive Therapies to Treat Pain,https://reporter.nih.gov/project-details/9957953,"P Jeffrey Conn, Robert W Gereau, CRAIG  LINDSLEY, Jerri Michelle Rook",
HDP00348,1R43DA047781-01,live,,A Novel Fast Acting Nalmefene Formulation for the Prevention and Treatment of Opioid Overdose,2019,No,,11.5,,,No,No,Small Business Programs,https://reporter.nih.gov/project-details/9680193,Niraj  Vasisht,
HDP00349,1UH2AR076731-01,live,,"Development, Evaluation and Translation of Robotic Apparel for Alleviating Low Back Pain",2019,Yes,,73.1,Vivli,,Yes,Yes,Back Pain Consortium Research Program,https://reporter.nih.gov/project-details/9898052,Conor  Walsh,10.60490/HDP00349
HDP00350,1UG3DA050923-01,live,,AMPA Antagonism: A Novel Pharmacology for Launching Recovery from Opioid Addiction,2020,No,,11.5,,,No,No,Focusing Medication Development to Prevent and Treat Opioid Use Disorder and Overdose,https://reporter.nih.gov/project-details/9968676,"ROBERT ANDREW CHAMBERS, Christopher Francis Toombs",
HDP00351,1R34DA050340-01,archived,2024-08-06T11:25:06.416256,2/6 Planning for the HEALthy Early Development Study,2019,No,,11.5,,,No,No,HEALthy Brain and Child Development Study (HBCD),https://reporter.nih.gov/project-details/9900364,"Claire D Coles, Julie A Kable",
HDP00352,1R34DA050292-01,archived,2024-08-06T11:24:59.998477,HEALthy ORCHARD: Developing plans for a Baltimore site of the HEALthy BCD study,2019,No,,11.5,,,No,No,HEALthy Brain and Child Development Study (HBCD),https://reporter.nih.gov/project-details/9898784,M Daniele Fallin,
HDP00353,1R61AT010614-01,live,,The Youth Opioid Recovery Support (YORS) Intervention: An assertive community treatment model for improving medication adherence in young adults with opioid use disorder,2019,Yes,NCT04173416,38.5,NAHDAP,,No,No,Behavioral Research to Improve Medication-Based Treatment,https://reporter.nih.gov/project-details/9869524,MARC  FISHMAN,
HDP00354,1R44DA051272-01,live,,"A patient self-assessment software combining compliance protocols to improve prescriber confidence, reduce liability, and improve patient outcomes.",2020,No,,11.5,,,No,No,,https://reporter.nih.gov/project-details/10013399,ABRAHAM G HARTZEMA,
HDP00355,1U01DA055365-01,archived,2024-05-30T13:43:26.770388,3/24 Healthy Brain and Child Development National Consortium,2021,No,,11.5,,,No,No,HEALthy Brain and Child Development Study (HBCD),https://reporter.nih.gov/project-details/10378902,"Sara Bonamo DeMauro, Hao  Huang",
HDP00356,1U19AR076737-01,live,,UCSF Core Center for Patient-centric Mechanistic Phenotyping in Chronic Low Back Pain,2019,Yes,,63.5,Vivli,https://doi.org/10.25934/PR00010929,No,No,Back Pain Consortium Research Program,https://reporter.nih.gov/project-details/9898132,JEFFREY C. LOTZ,10.60490/HDP00356
HDP00357,1U01DA050442-01,live,,Using Implementation Interventions and Peer Recovery Support to Improve Opioid Treatment Outcomes in Community Supervision,2019,Yes,NCT04978168,34.6,"JCOIN, NAHDAP",,Yes,No,Justice Community Opioid Innovation Network,https://reporter.nih.gov/project-details/9917204,"Lauren  Brinkley-Rubinstein, ROSEMARIE A MARTIN, Damaris J. Rohsenow",
HDP00358,1UG3TR003150-01,live,,Human Microphysiological Model of Afferent Nociceptive Signaling,2019,No,,11.5,,,No,No,Translational Research to Advance Testing of Novel Drugs and Human Cell-Based Screening Platforms to Treat Pain and Opioid Use Disorder,https://reporter.nih.gov/project-details/9883576,"Randolph S Ashton, Michael J Moore, Swaminathan  Rajaraman",
HDP00359,1R34DA050289-01,archived,2024-08-06T11:25:13.562139,4/5 The Cumulative Risk of Substance Exposure and Early Life Adversity on Child Health Development and Outcomes,2019,No,,11.5,,,No,No,HEALthy Brain and Child Development Study (HBCD),https://reporter.nih.gov/project-details/9898607,CHARLES Alexander NELSON,
HDP00360,1UM1DA049394-01,live,,HEALing Communities Study Data Coordinating Center,2019,Yes,NCT04111939,28.8,ICPSR,,Yes,No,HEALing Communities Study,https://reporter.nih.gov/project-details/9833817,"LaShawn  Glasgow, Emmanuel Aja Oga, GARY A ZARKIN",
HDP00361,1U01DA055361-01,archived,2024-05-30T13:43:28.515501,13/24 The Healthy Brain and Child Development National Consortium,2021,No,,11.5,,,No,No,HEALthy Brain and Child Development Study (HBCD),https://reporter.nih.gov/project-details/10378969,"Koraly E Perez-Edgar, Aleksandra Ewa Zgierska",
HDP00362,1UG1DA050066-01,live,,Reducing Opioid Mortality in Illinois (ROMI),2019,Yes,NCT04925427,86.5,"JCOIN, NAHDAP",,Yes,No,Justice Community Opioid Innovation Network,https://reporter.nih.gov/project-details/9882847,"HAROLD Alexander POLLACK, Mai Tuyet Pho, John  Schneider",10.60490/rh7x-my08
HDP00363,1R01DA051067-01,live,,Hub and Spoke Opioid Treatment Networks: 2nd Generation Approaches to Improve Medication Treatment for Opioid Use Disorders,2019,Yes,,69.2,ICPSR,,No,No,Behavioral Research to Improve Medication-Based Treatment,https://reporter.nih.gov/project-details/9894581,SHARON  REIF,10.60490/HDP00363
HDP00364,1R01NS113257-01,live,,Discovery and validation of a novel orphan GPCR as a target for therapeutic intervention in neuropathic pain,2019,Yes,,7.7,Zenodo,", https://doi.org/10.5281/zenodo.13380935",No,No,Discovery and Validation of Novel Targets for Safe and Effective Treatment of Pain,https://reporter.nih.gov/project-details/9827922,"DANIELA  SALVEMINI, Gina L.C. Yosten",
HDP00365,1R01AR077890-01,live,,Validation of Novel Target for OA Treatment,2020,Yes,,7.7,Figshare,,No,No,Discovery and Validation of Novel Targets for Safe and Effective Treatment of Pain,https://reporter.nih.gov/project-details/10055369,THOMAS J ROYSTON,
HDP00366,1U19AR076725-01,live,,"HEALing LB3P: Profiling Biomechanical, Biological and Behavioral phenotypes",2019,Yes,,80.8,"Vivli, Database of Genotypes and Phenotypes (dbGaP)",", https://doi.org/10.25934/PR00011066",Yes,Yes,Back Pain Consortium Research Program,https://reporter.nih.gov/project-details/9897962,"Gwendolyn A Sowa, NAM V VO",10.60490/HDP00366
HDP00367,1U01DA055359-01,archived,2024-05-30T13:43:27.951272,18/24 Healthy Brain and Child Development National Consortium,2021,No,,11.5,,,No,No,HEALthy Brain and Child Development Study (HBCD),https://reporter.nih.gov/project-details/10378982,"Ludmila Nicole Bakhireva, LAWRENCE M LEEMAN",
HDP00368,1R43DA046973-01,live,,Device to Measure Pain using Facial Expression Recognition Integrated with Patient PAINReportIt Tablet,2019,No,,11.5,,,No,No,Small Business Programs,https://reporter.nih.gov/project-details/9608544,"Rashid  Ansari, Ahmet Enis Cetin, Zhanli  Chen, Diana  Wilkie",
HDP00369,1R61NS113315-01,live,,Biomarker Signature to Predict the Persistence of Post-Traumatic Headache,2019,Yes,,7.7,,,Yes,Yes,"Discovery and Validation of Biomarkers, Endpoints, and Signatures for Pain Conditions",https://reporter.nih.gov/project-details/9829475,Catherine Daniela Chong,
HDP00370,1R01NS117340-01,live,,B Lymphocyte-Mediated Autoimmunity in Pain After Trauma,2020,No,,11.5,,,No,No,Discovery and Validation of Novel Targets for Safe and Effective Treatment of Pain,https://reporter.nih.gov/project-details/9972347,DAVID J. CLARK,
HDP00371,1UG3DA050317-01,live,,Targeting the Ghrelin System for Novel Opioid Use Disorder Therapeutics,2019,No,,11.5,,,No,No,Focusing Medication Development to Prevent and Treat Opioid Use Disorder and Overdose,https://reporter.nih.gov/project-details/9905262,Kathryn A. Cunningham,
HDP00372,1UG3DA048387-01A1,live,,Methocinnamox (MCAM): A novel -opioid receptor antagonist for opioid use disorders,2019,Yes,,53.8,Harvard Dataverse,,No,No,Focusing Medication Development to Prevent and Treat Opioid Use Disorder and Overdose,https://reporter.nih.gov/project-details/9891326,CHARLES P FRANCE,10.60490/HDP00372
HDP00373,1R01DA048417-01,live,,A novel opioid receptor antagonist for treating abuse and overdose,2019,Yes,,7.7,Harvard Dataverse,,No,No,Focusing Medication Development to Prevent and Treat Opioid Use Disorder and Overdose,https://reporter.nih.gov/project-details/9735591,CHARLES P FRANCE,
HDP00374,1UG3DA050303-01,live,,Development of an implantable closed-loop system for delivery of naloxone for the prevention of opioid-related overdose deaths,2019,Yes,,7.7,,,No,No,Focusing Medication Development to Prevent and Treat Opioid Use Disorder and Overdose,https://reporter.nih.gov/project-details/9902945,"Robert W Gereau, John  Rogers",
HDP00375,1R34DA050299-01,archived,2024-08-06T11:25:03.226768,Florida Development in Early Childhood: Adversity and Drug Exposure (FL-DECADE) Study,2019,No,,11.5,,,No,No,HEALthy Brain and Child Development Study (HBCD),https://reporter.nih.gov/project-details/9899532,Matthew James Gurka,
HDP00376,1UG3DA049599-01,archived,2025-04-21T17:25:45.413351,Development of a Potent and Highly Selective NaV1.7 Inhibitor for the Treatment of Acute Pain with the Goal of Reducing Opioid Use and Preventing Opioid Use Disorders,2019,No,,11.5,,,No,No,Focusing Medication Development to Prevent and Treat Opioid Use Disorder and Overdose,https://reporter.nih.gov/project-details/9843839,"John Cureton Hunter, Debra  Odink",
HDP00377,1UG3DA050316-01,live,,"Development of SBI-553, an allosteric modulator of NTR1, for the treatment of substance use disorders",2019,No,,11.5,,,No,No,Focusing Medication Development to Prevent and Treat Opioid Use Disorder and Overdose,https://reporter.nih.gov/project-details/9905430,"LAWRENCE S. BARAK, Marc G. Caron, Jeffrey T Guptill, Michael  Jackson",
HDP00378,1U01DK123812-01,archived,2024-05-14T10:52:08.179599,Pain Reduction and Opioid MedIcation Safety in ESRD (PROMISE) study,2019,No,,11.5,,,No,No,Integrated Approach to Pain and Opioid Use in Hemodialysis Patients,https://reporter.nih.gov/project-details/9901704,"Manisha  Jhamb, JANE M LIEBSCHUTZ, JENNIFER L. STEEL, Jonathan G Yabes",
HDP00379,1U01DA055362-01,archived,2024-05-30T13:43:37.085390,2/24 Healthy Brain and Child Development National Consortium,2021,No,,11.5,,,No,No,HEALthy Brain and Child Development Study (HBCD),https://reporter.nih.gov/project-details/10378952,"PAT  LEVITT, Beth A Smith, Jessica L Wisnowski",
HDP00380,1UG3DA048375-01,live,,"The long-term reduction of pain and opioid usage following mastectomy and tissue expander/implant surgery with a single administration of brivoligide, a non-opioid, disease-modifying drug candidate",2019,No,,11.5,,,No,No,Focusing Medication Development to Prevent and Treat Opioid Use Disorder and Overdose,https://reporter.nih.gov/project-details/9736358,"DONALD C MANNING, Julien  Mamet",
HDP00381,1R44DA050339-01,live,,Transforming smartphones into active sonar systems to detect opioid overdose,2019,No,,11.5,,,No,No,Small Business Programs,https://reporter.nih.gov/project-details/9906080,Nicholas Maxwell Mark,
HDP00382,1U44NS115632-01,live,,Implantable Peripheral Nerve Stimulator for Treatment of Phantom Limb Pain,2019,No,,11.5,,,No,No,Translating Discoveries into Effective Devices to Treat Pain,https://reporter.nih.gov/project-details/9932778,Andrew  Wilder,
HDP00383,1R34DA050256-01,archived,2024-08-06T11:24:57.660298,5/5 HEAL Consortium: Establishing Innovative Approaches  for the HEALthy Brain and Child Development Study,2019,No,,11.5,,,No,No,HEALthy Brain and Child Development Study (HBCD),https://reporter.nih.gov/project-details/9900516,Nancy L McElwain,
HDP00384,1U44NS115111-01,live,,"High-Resolution, Spinal Cord Stimulation for Non-Opioid Treatment of Neuropathic Pain",2019,Yes,NCT05045625,28.8,Mendeley Data,https://data.mendeley.com/datasets/rmj2kngzbp,No,No,Translating Discoveries into Effective Devices to Treat Pain,https://reporter.nih.gov/project-details/9898661,Bryan L McLaughlin,
HDP00385,1U44NS111779-01,live,,Discovery of NaV1.7 Inhibitors for the Treatment of Pain,2019,No,,11.5,,,No,No,,https://reporter.nih.gov/project-details/9761823,"John Vincent Mulcahy, Debra  Odink",
HDP00386,1R21AT010125-01,archived,2023-10-17T12:55:27.291101,Effect of Mindfulness Training on Opioid Use and Anxiety During Primary Care Buprenorphine Treatment,2018,No,,11.5,,,No,No,Behavioral Research to Improve Medication-Based Treatment,https://reporter.nih.gov/project-details/9627632,Zev David Schuman Olivier,
HDP00387,1UH2AR076741-01,live,,Imaging Epigenetic Dysregulation in Patients with Low Back Pain,2019,Yes,,55.8,"OpenNEURO, Vivli",", https://openneuro.org/datasets/ds007135",Yes,Yes,Back Pain Consortium Research Program,https://reporter.nih.gov/project-details/9897251,Hsiao-Ying  Wey,10.60490/HDP00387
HDP00388,1R01DE029187-01,live,,LIGHT and Lymphotoxin targeting for the treatment of chronic orofacial pain conditions,2019,Yes,,7.7,SPARC,https://doi.org/10.26275/gaap-zlpj,No,No,Discovery and Validation of Novel Targets for Safe and Effective Treatment of Pain,https://reporter.nih.gov/project-details/9869574,"ARMEN N AKOPIAN, Shivani B Ruparel, Alexei V Tumanov",
HDP00389,1UG3DA048743-01,live,,"Advancing KNX100 for the treatment of opioid withdrawal: preclinical efficacy and toxicology, and a phase 1 clinical program.",2019,No,,11.5,,,No,No,Focusing Medication Development to Prevent and Treat Opioid Use Disorder and Overdose,https://reporter.nih.gov/project-details/9794170,"Hugh William Alsop, Michael Thomas Bowen, Iain Stewart McGregor",
HDP00390,1R43CA233371-01A1,live,,Inhibiting soluble epoxide hydrolase as a treatment for chemotherapy inducedperipheral neuropathic pain,2019,No,,11.5,,,No,No,Small Business Programs,https://reporter.nih.gov/project-details/9776687,Alan R Buckpitt,
HDP00391,1UG3AG067593-01,archived,2025-02-24T11:28:11.322938,Non-pharmacological Options in postoperative Hospital-based And Rehabilitation pain Management (NOHARM) pragmatic clinical trial,2019,Yes,NCT05166356,25.0,ICPSR,,No,No,Pragmatic and Implementation Studies for the Management of Pain to Reduce Opioid Prescribing (PRISM),https://reporter.nih.gov/project-details/9876435,"Andrea Lynne Cheville, Jon C Tilburt",
HDP00392,1ZIATR000345-01,live,,HEAL: 3D Bioprinted Tissue Models,2018,No,,11.5,,,No,No,,https://reporter.nih.gov/project-details/9770485,Marc  Ferrer-Alegre,
HDP00393,1R34DA050270-01,archived,2024-08-06T11:25:10.842463,1/3 Promoting Resilience in Children: Protocol Development for a Birth Cohort Study To Assess Factors Impacting Neurodevelopment,2019,No,,11.5,,,No,No,HEALthy Brain and Child Development Study (HBCD),https://reporter.nih.gov/project-details/9900227,"Ellen  Goldstein, Aleksandra Ewa Zgierska",
HDP00394,1UG1DA049435-01,archived,2025-01-07T13:03:11.630446,Greater Southern California Node of the Clinical Trials Network,2019,No,,11.5,,,No,No,Enhancing the National Drug Abuse Treatment Clinical Trials Network to Address Opioids,https://reporter.nih.gov/project-details/9837724,"YIH-ING  HSER, Larissa Jeanette Mooney",
HDP00395,1R21AT010106-01,live,,Psychosocial pain management to improve opioid use disorder treatment outcomes,2018,Yes,NCT04433975,80.8,Vivli,https://doi.org/10.25934/PR00012435 ,No,No,Behavioral Research to Improve Medication-Based Treatment,https://reporter.nih.gov/project-details/9625715,MARK A. ILGEN,10.60490/HDP00395
HDP00396,1R42DA050398-01,live,,Technology Improving Success of Medication-Assisted Treatment in Primary Care,2019,Yes,NCT05017272,67.3,,,No,No,,https://reporter.nih.gov/project-details/9912034,Steven Paul Jenkins,10.60490/HDP00396
HDP00397,1R01HL150836-01,live,,"Sleep, opiate withdrawal and the N/OFQ - NOP system",2019,No,,11.5,National Sleep Research Resource (NSRR),"https://sleepdata.org/datasets/nop-nhp, https://sleepdata.org/datasets/cmmw",No,No,Sleep Dysfunction as a Core Feature of Opioid Use Disorder and Recovery,https://reporter.nih.gov/project-details/9882676,"Michael R Bruchas, Thomas S Kilduff",
HDP00398,1UG3DA050271-01,live,,R-methadone-TAAP/MPAR: an abuse deterrent methadone prodrug with overdose protection: Pre-Clinical Development and Phase 1 Clinical Trial,2019,No,,11.5,,,No,No,Focusing Medication Development to Prevent and Treat Opioid Use Disorder and Overdose,https://reporter.nih.gov/project-details/9900195,Lynn  Kirkpatrick,
HDP00399,1UG3DA047708-01,live,,Development of a safe and effective novel mechanism analgesic to treat moderate to severe pain with low or absent abuse liability.,2019,No,,11.5,,,No,No,Focusing Medication Development to Prevent and Treat Opioid Use Disorder and Overdose,https://reporter.nih.gov/project-details/9676930,"MICHAEL William LARK, James E Zadina",
HDP00400,1R43DA049616-01,live,,Development and Evaluation of Computerized Chemosensory-Based Orbitofrontal Cortex Training (CBOT) for relapse preventionin patients with Opioid Use (OUD),2019,Yes,NCT04850664,36.5,,,No,No,Small Business Programs,https://reporter.nih.gov/project-details/9848428,"WILLIAM Bradford LAWSON, Evaristus A Nwulia",
HDP00401,1R01CA249939-01,live,,Identification of novel targets for the treatment of chemotherapy-induced painful peripheral neuropathy,2020,Yes,,51.9,Figshare,,No,No,Discovery and Validation of Novel Targets for Safe and Effective Treatment of Pain,https://reporter.nih.gov/project-details/9966143,Ohannes Kevork Melemedjian,10.60490/HDP00401
HDP00402,1R34DA050268-01,archived,2024-08-06T11:24:56.642276,4/5 HEAL Consortium: Establishing Innovative Approaches  for the HEALthy Brain and Child Development Study,2019,No,,11.5,,,No,No,HEALthy Brain and Child Development Study (HBCD),https://reporter.nih.gov/project-details/9900280,"STEPHANIE L MERHAR, JENNIFER J. VANNEST",
HDP00403,1UG3AT010739-01,archived,2025-02-24T11:28:13.994281,Pragmatic Trial of Acupuncture for Chronic Low Back Pain in Older Adults,2019,Yes,NCT04982315,88.5,,,No,No,Pragmatic and Implementation Studies for the Management of Pain to Reduce Opioid Prescribing (PRISM),https://reporter.nih.gov/project-details/9893381,"LYNN L. DeBAR, ANDREA COOK",10.60490/HDP00403
HDP00404,1R34DA050297-01,archived,2024-08-06T11:25:14.904637,"A feasibility study of novel technologies to minimize motion-induced biases in functional and structural MRI of young, opioid-affected cohorts",2019,No,,11.5,,,No,No,HEALthy Brain and Child Development Study (HBCD),https://reporter.nih.gov/project-details/9900231,"Allyson Patricia Mackey, Matthew Dylan Tisdall",
HDP00405,1R41NS113717-01,live,,"Pre-clinical evaluation of DT-001, a small molecule antagonist of MD2-TLR4 for utility in the treatment of pain.",2019,No,,11.5,,,No,No,Small Business Programs,https://reporter.nih.gov/project-details/9847817,"Krishnan  Chakravarthy, TONY L. YAKSH",
HDP00406,1PL1HD101059-01,archived,2024-02-08T14:17:40.283716,CWRU Site for HEAL: Longitudinal Initiative in Opioid Exposed Newborns.Outcomes of Babies Exposed to Opioids.,2019,No,,11.5,,,No,No,,https://reporter.nih.gov/project-details/9901880,Michele  WALSH,
HDP00407,1PL1HD101059-01,archived,2024-02-08T14:17:40.869489,Outcomes of Babies with Opioid Exposure (OBOE),2019,No,,11.5,,,No,No,,https://reporter.nih.gov/project-details/9901878,Sara Bonamo DeMauro,
HDP00408,1PL1HD101059-01,archived,2024-02-08T14:17:41.429572,Research Support Core - Outcomes of Babies with Opioid Exposure (OBOE),2019,No,,11.5,,,No,No,,https://reporter.nih.gov/project-details/9901876,CARLA M BANN,
HDP00409,1U19AR076725-01,archived,2024-07-05T13:43:04.080272,"HEALing LB3P: Profiling Biomechanical, Biological and Behavioral phenotypes",2019,No,,11.5,,,No,No,,https://reporter.nih.gov/project-details/9897965,NAM V VO,
HDP00410,1U19AR076725-01,archived,2024-09-24T14:27:12.784616,"HEALing LB3P: Profiling Biomechanical, Biological and Behavioral phenotypes",2019,No,,11.5,,,No,No,,https://reporter.nih.gov/project-details/9897967,CAROL MARIE GRECO,
HDP00411,1U19AR076725-01,archived,2024-03-25T13:24:13.203285,"HEALing LB3P: Profiling Biomechanical, Biological and Behavioral phenotypes",2019,Yes,,80.8,,,No,No,,https://reporter.nih.gov/project-details/9897963,Gwendolyn A Sowa,
HDP00412,1U19AR076725-01,archived,2024-09-24T14:27:15.291089,"HEALing LB3P: Profiling Biomechanical, Biological and Behavioral Phenotypes",2019,No,,11.5,,,No,No,,https://reporter.nih.gov/project-details/9897969,Sara R. Piva,
HDP00413,1PL1HD101059-01,archived,2024-02-08T14:17:42.017867,Cincinnati Outcomes of Babies with Opioid Exposure (OBOE),2019,No,,11.5,,,No,No,,https://reporter.nih.gov/project-details/9901877,Brenda  Poindexter,
HDP00414,1U19AR076725-01,archived,2024-09-24T14:27:11.808829,"HEALing LB3P: Profiling Biomechanical, Biological and Behavioral phenotypes",2019,No,,11.5,,,No,No,,https://reporter.nih.gov/project-details/9897966,Kevin M Bell,
HDP00415,1U19AR076725-01,archived,2024-07-05T13:43:03.608895,"HEALing LB3P: Profiling Biomechanical, Biological and Behavioral phenotypes",2019,No,,11.5,,,No,No,,https://reporter.nih.gov/project-details/9897968,Charity G Patterson (Moore),
HDP00416,1PL1HD101059-01,archived,2024-02-08T14:17:38.514329,Administrative Core - Outcomes of Babies with Opioid Exposure (OBOE),2019,Yes,NCT04149509,7.7,,,No,No,,https://reporter.nih.gov/project-details/9901875,Jamie Elizabeth Newman,
HDP00417,1PL1HD101059-01,archived,2024-02-08T14:17:42.592341,UAB Outcomes of Babies with Opioid Exposure (OBOE study),2019,No,,11.5,,,No,No,,https://reporter.nih.gov/project-details/9901879,Namasivayam  Ambalavanan,
HDP00418,1U2CDA050098-01,archived,2024-10-29T14:09:37.653119,Administrative Core,2019,No,,11.5,,,No,No,,https://reporter.nih.gov/project-details/9882806,John  Schneider,
HDP00419,1U2CDA050098-01,archived,2024-10-29T14:09:31.634251,Data Core,2019,No,,11.5,,,No,No,,https://reporter.nih.gov/project-details/9882807,ROBERT L. GROSSMAN,
HDP00420,1U2CDA050098-01,archived,2025-09-04T16:12:18.439495,Survey Core,2019,No,,11.5,,,No,No,,https://reporter.nih.gov/project-details/9882808,Luc  Anselin,
HDP00421,1U2CDA050098-01,archived,2024-10-29T14:09:41.298848,Methods Core,2019,No,,11.5,,,No,No,,https://reporter.nih.gov/project-details/9882809,John  Schneider,
HDP00422,1U19NS126038-01,live,,Site-directed RNA editing of Nav1.7 as a novel analgesic,2021,Yes,,71.2,Figshare,,No,No,Development and Optimization of Non-Addictive Therapies to Treat Pain,https://reporter.nih.gov/project-details/10398386,"GREGORY O DUSSOR, Sulayman D Dib-Hajj, Eli  Eisenberg, JOSHUA J.C. ROSENTHAL, Lakshmi Bangalore",10.60490/HDP00422
HDP00423,1U19NS126038-01,archived,2023-10-31T12:45:31.623783,Development and Validation of Animal Models and/or Outcome Measures,2021,No,,11.5,,,No,No,,https://reporter.nih.gov/project-details/10398390,JOSHUA J.C. ROSENTHAL,
HDP00424,1U19NS126038-01,archived,2023-10-31T12:45:32.177704,Discovery and/or Validation of Pharmacodynamic Markers,2021,No,,11.5,,,No,No,,https://reporter.nih.gov/project-details/10398392,Sulayman D Dib-Hajj,
HDP00425,1U19NS126038-01,archived,2023-10-31T12:45:32.782562,Data Management Core,2021,No,,11.5,,,No,No,,https://reporter.nih.gov/project-details/10398388,Lakshmi  Bangalore,
HDP00426,1U19NS126038-01,archived,2023-10-31T12:45:33.312630,"Assay Development, Screening and Early Optimization",2021,No,,11.5,,,No,No,,https://reporter.nih.gov/project-details/10398391,JOSHUA J.C. ROSENTHAL,
HDP00427,1U19NS126038-01,archived,2023-10-31T12:45:33.881800,Administrative Core,2021,No,,11.5,,,No,No,,https://reporter.nih.gov/project-details/10398387,JOSHUA J.C. ROSENTHAL,
HDP00428,1U19NS126038-01,archived,2023-10-31T12:45:34.436126,Resource Core,2021,No,,11.5,,,No,No,,https://reporter.nih.gov/project-details/10398389,Eli  Eisenberg,
HDP00429,1U19AR076734-01,live,,University of Michigan BACPAC Mechanistic Research Center,2019,Yes,NCT04870957,80.8,Vivli,,Yes,Yes,Back Pain Consortium Research Program,https://reporter.nih.gov/project-details/9898106,"Daniel J Clauw, Afton L Hassett",10.60490/HDP00429
HDP00430,1U19AR076734-01,archived,2024-03-25T13:24:13.837997,Research Project,2019,No,,11.5,,,No,No,,https://reporter.nih.gov/project-details/9898108,Daniel J Clauw,
HDP00431,1U19AR076734-01,archived,2024-09-24T14:27:14.849704,Behavioral Phenoptying Core,2019,No,,11.5,,,No,No,,https://reporter.nih.gov/project-details/9898110,David A Williams,
HDP00432,1U19AR076734-01,archived,2024-09-24T14:27:11.433777,Informatics Core,2019,No,,11.5,,,No,No,,https://reporter.nih.gov/project-details/9898111,Alexander  Tsodikov,
HDP00433,1U19AR076734-01,archived,2024-09-24T14:27:12.261798,Neurobiological Phenotyping Core,2019,No,,11.5,,,No,No,,https://reporter.nih.gov/project-details/9898109,RICHARD E HARRIS,
HDP00434,1U19AR076734-01,archived,2024-09-24T14:27:11.053032,Clinical Core,2019,No,,11.5,,,No,No,,https://reporter.nih.gov/project-details/9898112,Afton L Hassett,
HDP00435,1U2CDA050097-01,live,,Implementation and Translation Research Project Core,2019,Yes,,7.7,"JCOIN, NAHDAP",,No,No,,https://reporter.nih.gov/project-details/9882832,Faye S Taxman,
HDP00436,1U2CDA050097-01,archived,2024-10-29T14:09:38.436395,Admin - Core,2019,No,,11.5,,,No,No,,https://reporter.nih.gov/project-details/9882829,Faye S Taxman,
HDP00437,1U2CDA050097-01,archived,2024-10-29T14:09:38.814708,Research Education Core,2019,No,,11.5,,,No,No,,https://reporter.nih.gov/project-details/9882833,Danielle  Rudes,
HDP00438,1U2CDA050097-01,archived,2024-10-29T14:09:34.780349,Rapid Response and Pilot Research Core,2019,No,,11.5,,,No,No,,https://reporter.nih.gov/project-details/9882830,REBEKAH K HERSCH,
HDP00439,1U2CDA050097-01,archived,2024-10-29T14:09:32.028236,Dissemination and Stakeholder Engagement Core,2019,No,,11.5,,,No,No,,https://reporter.nih.gov/project-details/9882831,Pamela F. Rodriguez,
HDP00440,1U19AR076737-01,archived,2024-09-24T14:27:08.293516,Physical Function/Biomechanics Core,2019,No,,11.5,,,No,No,,https://reporter.nih.gov/project-details/9898136,Jeannie Fern Bailey,
HDP00441,1U19AR076737-01,archived,2024-09-24T14:27:13.578003,Pathophysiology Core,2019,No,,11.5,,,No,No,,https://reporter.nih.gov/project-details/9898137,Roland  Krug,
HDP00442,1U19AR076737-01,archived,2024-09-24T14:27:10.581668,Informatics Core,2019,No,,11.5,,,No,No,,https://reporter.nih.gov/project-details/9898138,Dexter D Hadley,
HDP00443,1U19AR076737-01,archived,2024-09-24T14:27:10.187606,Clinical Core,2019,No,,11.5,,,No,No,,https://reporter.nih.gov/project-details/9898139,Conor  O'Neill,
HDP00444,1U19AR076737-01,archived,2024-09-24T14:27:09.757596,Administrative Core,2019,No,,11.5,,,No,No,,https://reporter.nih.gov/project-details/9898133,JEFFREY C. LOTZ,
HDP00445,1U19AR076737-01,archived,2024-09-24T14:27:14.376941,Optimization and Validation of tools and algorithms that enable personalized care for patients with Chronic Low Back Pain,2019,No,,11.5,,,No,No,,https://reporter.nih.gov/project-details/9898134,JEFFREY C. LOTZ,
HDP00446,1U19AR076737-01,archived,2024-09-24T14:27:08.676116,Bio-Behavioral Core,2019,No,,11.5,,,No,No,,https://reporter.nih.gov/project-details/9898135,WOLF E MEHLING,
HDP00447,2R44DA050397-02,live,,Development of cannabinoid-opioid combination with opioid sparing and synergistic analgesic effects to prevent opioid use disorder and overdose.,2021,Yes,,7.7,,,No,No,Small Business Programs,https://reporter.nih.gov/project-details/10391263,Marisa  Briones,
HDP00448,2R44DA041912-03,live,,"Completion of IND-package for a novel, non-narcotic painkiller",2019,No,,11.5,,,No,No,Small Business Programs,https://reporter.nih.gov/project-details/9621873,Ajay S Yekkirala,
HDP00449,2R44DA044062-02,live,,LEVERAGING PREDICTIVE ANALYTICS WITHIN SOCIAL NETWORKS TO MAXIMIZE DRUG ANDALCOHOL TREATMENT EFFICACY AND RELAPSE PREVENTION,2019,No,,11.5,,,No,No,Small Business Programs,https://reporter.nih.gov/project-details/9681118,Christopher Neil Pesce,
HDP00450,2R44DA049300-02,live,,Prapela SVS: A cost-effective stochastic vibrotactile stimulation device toimprove the clinical course of infants with neonatal abstinence syndrome.,2021,No,,11.5,,,No,No,Small Business Programs,https://reporter.nih.gov/project-details/10259507,"John Phillip Konsin, Rachana  Singh",
HDP00451,2R44NS115460-02,live,,Drug Free Nerve Block Device for the Relief of Pain and Symptoms in Migraines and other Headaches,2021,No,,11.5,,,No,No,Small Business Programs,https://reporter.nih.gov/project-details/10386456,"Stephen  Popielarski, Hsiangkuo  Yuan",
HDP00452,2R44DA045410-02,live,,Peripherally-Restricted Long-Acting Somatostatin Receptor 4 (LA-SSTR4) Agonists for Pain,2019,No,,11.5,,,No,No,Small Business Programs,https://reporter.nih.gov/project-details/9845846,Pierre  Riviere,
HDP00453,2R44DA050360-02,live,,Delivering Transcutaneous Auricular Neurostimulation as an Adjunct Treatment for Neonatal Opioid Withdrawal Syndrome,2021,No,,11.5,,,No,No,Small Business Programs,https://reporter.nih.gov/project-details/10390149,"DOROTHEA DENISE JENKINS, Navid  Khodaparast",
HDP00454,2R44DA043288-02,live,,Mindfulness Mobile App to Reduce Adolescent Substance Use,2019,No,,11.5,,,No,No,Small Business Programs,https://reporter.nih.gov/project-details/9778453,DANA K SMITH,
HDP00455,2R44DA050349-02,live,,Development of a Novel Chemokine Receptor Antagonist as a Treatment for Opioid Use Disorder,2021,Yes,,59.6,,,No,No,Small Business Programs,https://reporter.nih.gov/project-details/10385311,Michael R Ruff,10.60490/HDP00455
HDP00456,2R44DA043325-02,live,,Sensitive and Portable Physician Office-Based Urine Analyzer to Tackle Prescription Drug Abuse,2019,No,,11.5,,,No,No,Small Business Programs,https://reporter.nih.gov/project-details/9778341,MICHAEL JOHN HEFFERNAN,
HDP00457,3UG1DA013034-20S2,archived,2024-08-06T11:36:08.591092,Clinical Trials Network: Mid-Atlantic Integrated Care Research Collaborative,2019,No,,11.5,,,No,No,Enhancing the National Drug Abuse Treatment Clinical Trials Network to Address Opioids,https://reporter.nih.gov/project-details/9882603,"GEORGE  BIGELOW, ROBERT P SCHWARTZ",
HDP00458,3R01MH112138-05S1,live,,Evaluating opioids and suicide prevention in  health care settings through the System of Safety,2020,No,NCT03104504,11.5,,,No,No,Optimizing Care for People with Opioid Use Disorder and Mental Health Conditions,https://reporter.nih.gov/project-details/10156633,"Edwin D Boudreaux, CATARINA I. KIEFE",
HDP00459,3UG1DA013727-20S5,archived,2024-08-06T11:35:59.048259,Southern Consortium Node of the Clinical Trials Network,2019,No,,11.5,,,No,No,,https://reporter.nih.gov/project-details/9990159,"KATHLEEN T. BRADY, Matthew J Carpenter",
HDP00460,3U10HD036801-21S1,live,,Data Coord Ctr-NICHD Cooperative Multicenter Maternal Medicine Units Research Net,2019,Yes,NCT04296396,96.2,NICHD DASH,,No,No,Pain Management Effectiveness Research Network,https://reporter.nih.gov/project-details/9998189,Rebecca Gersnoviez Clifton,10.60490/HDP00460
HDP00461,3UH3DA050235-02S1,archived,2025-01-28T12:11:50.216255,Development and Implementation of a Culturally Centered Opioid Prevention Intervention for American Indian/Alaska Native Young Adults in California,2020,No,,11.5,,,No,No,Preventing Opioid Use Disorder,https://reporter.nih.gov/project-details/10224983,"ELIZABETH J. D'AMICO, Daniel Lee Dickerson",
HDP00462,3UG1DA013714-17S3,archived,2024-08-06T11:36:06.196834,Clinical Trials Network: Pacific Northwest Node,2019,No,,11.5,,,No,No,Enhancing the National Drug Abuse Treatment Clinical Trials Network to Address Opioids,https://reporter.nih.gov/project-details/9806827,"DENNIS Michael DONOVAN, Mary Akiko Hatch",
HDP00463,3UG3DA044830-02S1,live,,Drug Injection Surveillance and Care Enhancement for Rural Northern New England (DISCERNNE),2018,No,,11.5,,,No,No,,https://reporter.nih.gov/project-details/9752189,Peter D Friedmann,
HDP00464,3UH3AT009763-04S1,live,,Nonpharmacologic Pain Management for Lumbar Surgery,2020,Yes,,78.8,ICPSR,,Yes,Yes,,https://reporter.nih.gov/project-details/10127813,"Julie M Fritz, Daniel  Rhon",10.60490/HDP00464
HDP00465,3UG3DA050325-02S1,live,,Use of a GLP-1 Agonist to Treat Opioid Use Disorder in Rats and Man,2020,No,,11.5,,,No,No,Sleep Dysfunction as a Core Feature of Opioid Use Disorder and Recovery,https://reporter.nih.gov/project-details/10178740,"SCOTT C BUNCE, Patricia Sue Grigson",
HDP00466,3U01HL117664-05S2,live,,Cannabinoid-based therapy and approaches to quantify pain in sickle cell disease,2018,No,,11.5,,,No,No,,https://reporter.nih.gov/project-details/9771125,Kalpna  Gupta,
HDP00467,3K23DA045085-01S1,live,,Collaborative Care Office-Based Opioid Treatment for Adolescents and Young Adults,2019,No,,11.5,Harvard Dataverse,,No,No,Preventing Opioid Use Disorder,https://reporter.nih.gov/project-details/9852791,Scott Evan Hadland,
HDP00468,3UG3DA047682-02S1,archived,2024-12-11T15:23:26.121062,PF614 MPAR Abuse Deterrent opioid prodrug with overdose protection: Pre-Clinical Development and Phase 1 Clinical Trial,2019,No,,11.5,,,No,No,,https://reporter.nih.gov/project-details/9787703,Lynn  Kirkpatrick,
HDP00469,3R01NS102432-02S1,live,,AIBP and regulation of neuropathic pain,2019,No,,11.5,,,No,No,Discovery and Validation of Novel Targets for Safe and Effective Treatment of Pain,https://reporter.nih.gov/project-details/9816541,"Yury  Miller, TONY L. YAKSH",
HDP00470,3R01NS098826-02S1,live,,Protease Activated Receptor Type 2 Targeting for Migraine Pain,2018,No,,11.5,,,No,No,,https://reporter.nih.gov/project-details/9761676,"Scott  Boitano, GREGORY O DUSSOR, Theodore J Price, JOSEF  VAGNER",
HDP00471,3U01DE027441-02S1,live,,De-Implementing Opioid Use and Implementing Optimal Pain Management Following Dental Extractions,2018,No,,11.5,,,No,No,,https://reporter.nih.gov/project-details/9775669,"Shannon Gwin Mitchell, D. Brad Rindal",
HDP00472,3R44DA044053-02S1,live,,Development and Evaluation of Video-Based Directly Observed Therapy for Office-Based Treatment of Opioid Use Disorders with Buprenorphine,2019,No,,11.5,,,No,No,Small Business Programs,https://reporter.nih.gov/project-details/9849933,"Sebastian  Seiguer, Judith  Tsui",
HDP00473,3R01DA042859-02S1,live,,oPIOIDS: Prevention of Iatrogenic Opioid Dependence after Surgery,2018,No,,11.5,,,No,No,,https://reporter.nih.gov/project-details/9693455,"Chad M Brummett, Jennifer Filip Waljee",
HDP00474,3UF1MH121954-01S1,archived,2025-10-09T13:38:02.706844,Improving Access and Treatment for Co-occurring Opioid Use Disorders and Mental Illness,2020,Yes,NCT04634279,46.2,NIMH Data Archive,,No,No,Optimizing Care for People with Opioid Use Disorder and Mental Health Conditions,https://reporter.nih.gov/project-details/10140834,"Miriam  Komaromy, Katherine E Watkins",
HDP00475,3UG1DA015831-17S6,archived,2024-08-06T11:36:15.523234,The National Drug Abuse Treatment Clinical Trials Network,2019,No,,11.5,,,No,No,Prevention of Progression to Moderate or Severe Opioid Use Disorder,https://reporter.nih.gov/project-details/9916202,"KATHLEEN M. CARROLL, Roger D. Weiss",
HDP00476,3R37DA047926-02S1,live,,Evaluation of an optimized intervention to prevent early substance use among American Indian youth: Examination of expanded impacts on youth and parents,2020,Yes,NCT04222556,78.8,,,Yes,No,Preventing Opioid Use Disorder,https://reporter.nih.gov/project-details/10224964,NANCY Rumbaugh WHITESELL,10.60490/HDP00476
HDP00477,3UG1DA040317-05S3,archived,2024-08-06T11:36:10.035272,Mid Southern Primary Care Networks Node,2019,No,,11.5,,,No,No,,https://reporter.nih.gov/project-details/9968898,Li-Tzy  Wu,
HDP00478,3S06GM128073-02S1,live,,Native American Research Centers For Health (NARCH X),2019,No,,11.5,,,No,No,Preventing Opioid Use Disorder,https://reporter.nih.gov/project-details/9913806,DANIEL J. CALAC,
HDP00479,3UG3DA047711-02S1,live,,Phase 1a/1b Clinical Trials of Multivalent Opioid Vaccine Components,2019,No,,11.5,,,No,No,Focusing Medication Development to Prevent and Treat Opioid Use Disorder and Overdose,https://reporter.nih.gov/project-details/9993692,"SANDRA D COMER, Marco  Pravetoni",
HDP00480,3U01DK123813-01S1,archived,2024-03-28T15:24:10.630359,UPENN Scientific and Data Research Center for the HOPE Consortium to Reduce Pain and Opioid Use in Hemodialysis,2020,No,,11.5,,,No,No,,https://reporter.nih.gov/project-details/10087991,"Laura M Dember, JOHN T FARRAR, KYLE Matthew KAMPMAN, J Richard Landis",
HDP00481,3U01DK123812-01S1,archived,2024-05-14T10:52:08.666006,Creating a multi-level intervention to reduce stigma for buprenorphine use for individuals with End Stage Kidney Disease (ESKD) and Chronic Pain,2020,No,,11.5,,,No,No,Integrated Approach to Pain and Opioid Use in Hemodialysis Patients,https://reporter.nih.gov/project-details/10175416,"Manisha  Jhamb, JANE M LIEBSCHUTZ, JENNIFER L. STEEL, Jonathan G Yabes",
HDP00482,3R37DA020686-13S1,live,,Role for Tas2Rs in opioid addiction,2020,No,,11.5,,,No,No,Discovery and Validation of Novel Targets for Safe and Effective Treatment of Pain,https://reporter.nih.gov/project-details/10177030,Paul J. Kenny,
HDP00483,3UG1DA015815-20S2,archived,2024-08-06T11:35:51.557474,Western States Node of the National Drug Abuse Treatment Clinical Trials Network,2021,No,,11.5,,,No,No,,https://reporter.nih.gov/project-details/10379702,"Keith N. Humphreys, Philip Todd Korthuis",
HDP00484,3UG1DA040309-05S4,archived,2024-08-06T11:35:46.696710,Northeast Node of the National Drug Abuse Clinical Trials Network,2019,No,,11.5,,,No,No,Enhancing the National Drug Abuse Treatment Clinical Trials Network to Address Opioids,https://reporter.nih.gov/project-details/9921149,Lisa A. Marsch,
HDP00485,3UG1DA013035-20S3,archived,2024-08-06T11:36:20.158669,NIDA Clinical Trials Network: New York Node,2021,No,,11.5,,,No,No,,https://reporter.nih.gov/project-details/10379688,"Edward V. Nunes, JOHN P ROTROSEN",
HDP00486,3UH3DA050174-02S1,archived,2024-09-05T15:44:45.038568,Revision to the HOME Trial: Suicide Treatment Education and Prevention (HOME + STEP),2020,Yes,,63.5,,,No,No,Optimizing Care for People with Opioid Use Disorder and Mental Health Conditions,https://reporter.nih.gov/project-details/10141532,"Kelly J Kelleher, NATASHA  SLESNICK",10.60490/HDP00486
HDP00487,3U2COD023375-05S1,archived,2024-11-04T13:39:29.251555,ECHO Administrative Supplement - Neonatal Opioid Trials,2020,Yes,NCT04057820,26.9,,,No,No,Advancing Clinical Trials in Neonatal Opioid Withdrawal (ACT NOW),https://reporter.nih.gov/project-details/10156983,"DANIEL K. BENJAMIN, Laura Kristin NEWBY, Phillip Brian Smith",
HDP00488,3U19AR076725-01S1,archived,2024-11-27T13:51:42.629782,Influence of inflammation-related genetic variants on PT treatment response in a population affected by CLBP,2020,No,,11.5,,,No,No,Back Pain Consortium Research Program,https://reporter.nih.gov/project-details/10208162,"Gwendolyn A Sowa, NAM V VO",
HDP00489,3R01DA044778-02S1,live,,Extension of risk for prescription opioid misuse in adolescents with the full age spectrum of adolescence through emerging adulthood,2019,No,,11.5,,,No,No,Preventing Opioid Use Disorder,https://reporter.nih.gov/project-details/9857979,"SARAH W. FELDSTEIN EWING, Anna Camille Wilson",
HDP00490,3UG1DA013732-20S3,archived,2024-10-01T12:32:08.454323,NIDA CTN Protocol 0080: Medication treatment for Opioid use disorder in expectant Mothers (MOMs): a pragmatic randomized trial comparing extended-release and daily buprenorphine formulations,2019,Yes,NCT03918850,88.5,,,No,No,Enhancing the National Drug Abuse Treatment Clinical Trials Network to Address Opioids,https://reporter.nih.gov/project-details/9905868,T John WINHUSEN,10.60490/HDP00490
HDP00491,3R01DE029187-01S2,live,,LIGHT and Lymphotoxin induced modulation of trigeminal ganglia sensory neuron excitability,2020,Yes,,9.6,Database of Genotypes and Phenotypes (dbGaP),,No,No,Discovery and Validation of Novel Targets for Safe and Effective Treatment of Pain,https://reporter.nih.gov/project-details/10177229,"ARMEN N AKOPIAN, Shivani B Ruparel, Alexei V Tumanov",
HDP00492,3UG1DA040316-05S5,archived,2024-08-06T11:35:49.620763,NorthStar Node of the Clinical Trials Network,2019,No,,11.5,NIDA Data Share,,No,No,Enhancing the National Drug Abuse Treatment Clinical Trials Network to Address Opioids,https://reporter.nih.gov/project-details/9902694,"GAVIN  BART, Anne  Joseph",
HDP00493,3UG3DA047709-02S1,live,,An ultra-long-acting oral treatment for opioid use disorder,2019,No,,11.5,,,No,No,,https://reporter.nih.gov/project-details/9810987,Andrew Martin Bellinger,
HDP00494,3R01NR016681-02S1,live,,Mechanisms of Music Therapy to Palliate Pain in Patients with Advanced Cancer,2018,No,,11.5,,,No,No,,https://reporter.nih.gov/project-details/9755186,Joke  Bradt,
HDP00495,3UH3AR077360-03S1,archived,2024-11-26T15:17:19.292905,A sequenced-strategy for improving outcomes in patients with knee osteoarthritis pain,2021,No,,11.5,,,No,No,Pain Management Effectiveness Research Network,https://reporter.nih.gov/project-details/10352674,"Claudia Michelle Campbell, Renan C Castillo, Steven P Cohen",
HDP00496,3U01DK123813-01S2,archived,2024-03-28T15:24:11.265728,UPENN Scientific and Data Research Center for the HOPE Consortium to Reduce Pain and Opioid Use in Hemodialysis,2021,No,,11.5,,,No,No,,https://reporter.nih.gov/project-details/10469886,"Laura M Dember, JOHN T FARRAR, KYLE Matthew KAMPMAN, J Richard Landis",
HDP00497,3U01DK123787-01S1,archived,2024-05-14T10:52:07.758657,University of Illinois at Chicago Hemodialysis Opioid Prescription Effort (HOPE) Clinical  Center,2020,No,,11.5,,,No,No,Integrated Approach to Pain and Opioid Use in Hemodialysis Patients,https://reporter.nih.gov/project-details/10208052,"Ardith Z Doorenbos, Michael J. Fischer",
HDP00498,3UH3AT010621-03S2,archived,2025-02-24T11:28:13.326730,Group-Based Mindfulness for Patients with Chronic Low Back Pain in the Primary Care,2021,Yes,,84.6,NIMH Data Archive,,No,No,,https://reporter.nih.gov/project-details/10399783,Natalia E. Morone,10.60490/HDP00498
HDP00499,3UG1CA189824-07S2,live,,Internet-delivered Management of Pain Among Cancer Treatment Survivors (IMPACTS),2020,No,,11.5,,,No,No,Pain Management Effectiveness Research Network,https://reporter.nih.gov/project-details/10219647,"DONALD BAIRD PENZIEN, Kathryn Elizabeth Weaver",
HDP00500,3UG1DA013035-17SB,archived,2024-08-06T11:35:49.115951,NIDA Clinical Trials Network: Greater New York Node,2019,No,,11.5,,,No,No,,https://reporter.nih.gov/project-details/9916032,"Edward V. Nunes, JOHN P ROTROSEN",
HDP00501,3UG1DA015815-18S6,archived,2024-08-06T11:36:09.596231,Western States Node of the National Drug Abuse Treatment Clinical Trials Network,2019,No,,11.5,,,No,No,Prevention of Progression to Moderate or Severe Opioid Use Disorder,https://reporter.nih.gov/project-details/9905155,"Philip Todd Korthuis, James L Sorensen",
HDP00502,3UG3TR002136-02S1,live,,"MicroJoint Tissue Chip to Study Osteoarthritis Pain: Mechanistic Analysis, Therapeutic Targets, and Impact of Opioids",2018,No,,11.5,,,No,No,,https://reporter.nih.gov/project-details/9770033,ROCKY S TUAN,
HDP00503,3U01DA038360-05S2,live,,NDEWS: A New Paradigm for Drug Early Warning Systems,2018,No,,11.5,,,No,No,,https://reporter.nih.gov/project-details/9742720,Eric D Wish,
HDP00504,3UG1DA040316-05S4,archived,2024-10-01T12:32:13.540901,NorthStar Node of the Clinical Trials Network,2019,Yes,NCT04345718,40.4,NIDA Data Share,,No,No,Enhancing the National Drug Abuse Treatment Clinical Trials Network to Address Opioids,https://reporter.nih.gov/project-details/9902690,"GAVIN  BART, Anne  Joseph",
HDP00505,3UG1DA040316-04S4,archived,2024-08-06T11:36:18.230439,NorthStar Node of the Clinical Trials Network,2019,No,,11.5,NIDA Data Share,,No,No,Enhancing the National Drug Abuse Treatment Clinical Trials Network to Address Opioids,https://reporter.nih.gov/project-details/9820284,"GAVIN  BART, Anne  Joseph",
HDP00506,3UG1DA040316-07S2,archived,2024-08-06T11:36:08.121489,NorthStar Node of the Clinical Trials Network,2021,No,,11.5,NIDA Data Share,,No,No,,https://reporter.nih.gov/project-details/10379705,GAVIN  BART,
HDP00507,3UG3DA047720-01S1,live,,Evaluation of safety and pharmacokinetics of naltrexone implant,2019,No,,11.5,,,No,No,Focusing Medication Development to Prevent and Treat Opioid Use Disorder and Overdose,https://reporter.nih.gov/project-details/9917086,"ADAM  BISAGA, Edward V. Nunes",
HDP00508,3UG1DA013727-20S4,archived,2024-08-06T11:36:21.075497,Southern Consortium Node of the Clinical Trials Network,2019,No,,11.5,,,No,No,Enhancing the National Drug Abuse Treatment Clinical Trials Network to Address Opioids,https://reporter.nih.gov/project-details/9918723,"KATHLEEN T. BRADY, Matthew J Carpenter",
HDP00509,3R01AA025848-03S1,live,,"AOD Use Trajectories from Age 10 to 24: Multi-level Predictors, Health and Behavioral Functioning, and Racial/ethnic Disparities",2019,No,,11.5,,,No,No,Preventing Opioid Use Disorder,https://reporter.nih.gov/project-details/9850412,ELIZABETH J. D'AMICO,
HDP00510,3U24HD095254-01S1,archived,2024-11-04T13:39:30.678171,Data Coordinating Center for the NICHD Neonatal Research Network (U24),2018,No,,11.5,,,Yes,No,,https://reporter.nih.gov/project-details/9754499,Abhik  Das,
HDP00511,3U24TR001597-06S1,live,,Utah Trial Innovation Center,2021,No,,11.5,,,No,No,,https://reporter.nih.gov/project-details/10415255,Jonathan Michael Dean,
HDP00512,3R01DA045745-02S1,live,,Intervention to Increase Naloxone Engagement and Distribution in Community Pharmacies: A Four-State Randomized Trial,2019,No,,11.5,,,No,No,Justice Community Opioid Innovation Network,https://reporter.nih.gov/project-details/9821308,TRACI C GREEN,
HDP00513,3UG1DA013714-20S3,archived,2024-08-06T11:35:57.630698,Clinical Trials Network: Pacific Northwest Node,2021,No,,11.5,,,No,No,,https://reporter.nih.gov/project-details/10401158,"Mary Akiko Hatch, John M. Roll",
HDP00514,3R44DA046316-02S1,live,,A Phase 1 Randomized Single Oral Dose Four Period Cross-Over Study Investigating Omnitram Dose Proportionality and Food Effect in Normal Human Subjects,2021,No,,11.5,,,No,No,,https://reporter.nih.gov/project-details/10372803,"STUART J KAHN, JOHN A ZEBALA",
HDP00515,3UG1CA189824-08S1,live,,Wake Forest NCORP Research Base,2021,No,,11.5,,,Yes,Yes,Pain Management Effectiveness Research Network,https://reporter.nih.gov/project-details/10454450,"GLENN J LESSER, Kathryn Elizabeth Weaver",
HDP00516,3R01DA046527-02S1,live,,Researching Effective Strategies to Prevent Opioid Death (RESPOND),2019,Yes,,32.7,Harvard Dataverse,,No,No,Preventing Opioid Use Disorder,https://reporter.nih.gov/project-details/9857901,Benjamin P. Linas,
HDP00517,3U19MH113135-04S1,live,,Social Connectedness and Behavioral Health Risks Among AI/AN Urban Adults,2020,No,,11.5,,,No,No,Preventing Opioid Use Disorder,https://reporter.nih.gov/project-details/10156320,"DEDRA S BUCHWALD, SPERO MARTIN MANSON",
HDP00518,3R61AT010806-01S1,live,,Enhancing Exercise and Psychotherapy to Treat Comorbid Addiction and Pain for ImprovingAdherence to Medication Assisted Treatment in Opioid Use Disorders,2020,No,,11.5,,,No,No,Behavioral Research to Improve Medication-Based Treatment,https://reporter.nih.gov/project-details/10253180,"Nora L. Nock, AMY B WACHHOLTZ",
HDP00519,3R01AI114697-05S1,live,,Development of Novel Adjuvants LTA and LTA1,2019,No,,11.5,,,No,No,,https://reporter.nih.gov/project-details/9862038,Elizabeth B Norton,
HDP00520,3UG3NS105703-02S1,live,,Effects of opioids on reward systems in organ chips,2018,No,,11.5,,,No,No,,https://reporter.nih.gov/project-details/9770076,CLIVE Niels SVENDSEN,
HDP00521,3U01MH114087-02S2,live,,Evaluating the Impact of Changes in Opioid Prescribing Across Health Systems Implementing Zero Suicide,2018,No,,11.5,,,No,No,Sleep Dysfunction as a Core Feature of Opioid Use Disorder and Recovery,https://reporter.nih.gov/project-details/9676620,"Brian Kenneth Ahmedani, GREGORY E. SIMON",
HDP00522,3UG3DA048502-01A1S2,archived,2026-02-27T12:00:40.013365,Non invasive vagal nerve stimulation in opioid use disorders,2021,No,,11.5,,,No,No,Focusing Medication Development to Prevent and Treat Opioid Use Disorder and Overdose,https://reporter.nih.gov/project-details/10376890,"James Douglas Bremner, Omer Tolga Inan",
HDP00523,3UM1AI144462-01S1,live,,Consortium for HIV/AIDS Vaccine Development,2019,No,,11.5,,,No,No,,https://reporter.nih.gov/project-details/9954486,Dennis R. Burton,
HDP00524,3UG1DA040314-04S4,archived,2024-08-06T11:36:13.550454,Integrating Addiction Research in Health Systems: The Addiction Research Network,2019,No,,11.5,,,No,No,Enhancing the National Drug Abuse Treatment Clinical Trials Network to Address Opioids,https://reporter.nih.gov/project-details/9730925,"KATHARINE ANTHONY BRADLEY, CYNTHIA I CAMPBELL, CONSTANCE M. WEISNER",
HDP00525,3R01HL131696-03S1,live,,Opioid vaccine development using bacteriophage virus-like particle (VLP) immunogens,2019,Yes,,55.8,,,No,No,,https://reporter.nih.gov/project-details/9830874,Bryce C Chackerian,10.60490/HDP00525
HDP00526,3UG1DA013714-17S4,archived,2024-08-06T11:36:18.787953,Clinical Trials Network: Pacific Northwest Node,2019,No,,11.5,,,No,No,,https://reporter.nih.gov/project-details/9870238,"DENNIS Michael DONOVAN, Mary Akiko Hatch",
HDP00527,3U24TR001609-06S1,archived,2024-11-26T15:17:22.337965,Johns Hopkins-Tufts Trial Innovation Center,2021,No,,11.5,,,No,No,,https://reporter.nih.gov/project-details/10415365,DANIEL F HANLEY,
HDP00528,3U24TR001579-04S1,live,,"Improving Clinical trial Education, Recruitment, and Enrollment at CTSA Hubs (I-CERCH)",2019,No,,11.5,,,No,No,Pain Management Effectiveness Research Network,https://reporter.nih.gov/project-details/9992422,"Paul A. Harris, CONSUELO HOPKINS WILKINS",
HDP00529,3UG1DA040309-05S3,archived,2024-08-06T11:36:02.071947,Northeast Node of the National Drug Abuse Clinical Trials Network,2019,No,,11.5,,,No,No,Enhancing the National Drug Abuse Treatment Clinical Trials Network to Address Opioids,https://reporter.nih.gov/project-details/9921776,Lisa A. Marsch,
HDP00530,3UG1DA049468-03S2,archived,2024-08-06T11:36:06.711700,"New Mexico Clinical Trials Node: Clinical research and practice to address substance use in diverse, rural and underserved populations",2021,No,,11.5,,,No,No,,https://reporter.nih.gov/project-details/10379715,Kimberly  Page,
HDP00531,3R01NS113257-01S1,live,,Isolation of GPR160 for biochemical analysis of the activation mechanism and development of a high throughput screening assay to identify small molecule inhibitors,2020,No,,11.5,,,No,No,Discovery and Validation of Novel Targets for Safe and Effective Treatment of Pain,https://reporter.nih.gov/project-details/10176852,"DANIELA  SALVEMINI, Gina L.C. Yosten",
HDP00532,3U19AR076725-01S3,archived,2024-07-05T13:43:04.964338,"HEALing LB3P: Profiling Biomechanical, Biological and Behavioral phenotypes",2021,No,,11.5,,,No,No,Back Pain Consortium Research Program,https://reporter.nih.gov/project-details/10406064,"Gwendolyn A Sowa, NAM V VO",
HDP00533,3UH3DA050173-02S1,live,,Optimized Interventions to Prevent Opioid Use Disorder among Adolescents and Young Adults in the Emergency Department,2021,Yes,NCT04550715,86.5,NAHDAP,,No,No,Preventing Opioid Use Disorder,https://reporter.nih.gov/project-details/10397259,"Erin Elizabeth Bonar, Maureen A Walton",10.60490/HDP00533
HDP00534,3UG1DA015831-17S4,archived,2025-01-07T13:03:12.359673,The National Drug Abuse Treatment Clinical Trials Network,2019,No,,11.5,,,No,No,,https://reporter.nih.gov/project-details/9916048,"KATHLEEN M. CARROLL, Roger D. Weiss",
HDP00535,3UG1DA040317-05S2,archived,2024-08-06T11:36:11.859397,Mid Southern Primary Care Networks Node,2019,No,,11.5,,,No,No,Enhancing the National Drug Abuse Treatment Clinical Trials Network to Address Opioids,https://reporter.nih.gov/project-details/9888546,Li-Tzy  Wu,
HDP00536,3UG1DA040316-05S3,archived,2024-08-06T11:36:05.325466,NorthStar Node of the Clinical Trials Network,2019,No,,11.5,NIDA Data Share,,No,No,Enhancing the National Drug Abuse Treatment Clinical Trials Network to Address Opioids,https://reporter.nih.gov/project-details/9901129,"GAVIN  BART, Anne  Joseph",
HDP00537,3R01NS103350-02S1,live,,Regulation of Trigeminal Nociception by TRESK Channels,2019,No,,11.5,,,No,No,Discovery and Validation of Novel Targets for Safe and Effective Treatment of Pain,https://reporter.nih.gov/project-details/9814892,YUQING  CAO,
HDP00538,3R01DE027454-02S2,live,,Modeling temporomandibular joint disorders pain: role of transient receptor potential ion channels,2019,Yes,,15.4,Figshare,https://figshare.com/articles/presentation/HEAL_REPORT_R01DE027454-02S1_YongChen_docx/25483717/1,No,No,,https://reporter.nih.gov/project-details/9998160,Yong  Chen,
HDP00539,3UG1DA015831-20S5,archived,2024-10-01T12:32:10.968381,The National Drug Abuse Clinical Trials Network: New England Consortium Node,2021,Yes,NCT04225598,36.5,NIDA Data Share,,No,No,,https://reporter.nih.gov/project-details/10450554,"Gail  D'Onofrio, Roger D. Weiss",
HDP00540,3U24HD095254-03S1,live,,Data Coordinating Center for the NICHD Neonatal Research Network (U24),2020,Yes,NCT04214834,86.5,NICHD DASH,"https://dash.nichd.nih.gov/study/424634, https://dash.nichd.nih.gov/study/229026",Yes,No,Advancing Clinical Trials in Neonatal Opioid Withdrawal (ACT NOW),https://reporter.nih.gov/project-details/10170501,Abhik  Das,10.60490/HDP00540
HDP00541,3R01NS097880-02S1,live,,Validation of Targeting Macrophage-Mediated Events in the DRG to Alleviate Chronic Spinal Cord Injury Pain,2019,Yes,,55.8,Open Data Commons for Spinal Cord Injury,https://odc-sci.org/data/940,Yes,No,Discovery and Validation of Novel Targets for Safe and Effective Treatment of Pain,https://reporter.nih.gov/project-details/9816362,MEGAN R DETLOFF,10.60490/HDP00541
HDP00542,3R61AT010800-02S1,live,,Opioid Use Disorder Stigma Mechanisms in the Context of Buprenorphine Treatment,2020,No,,11.5,,,No,No,Behavioral Research to Improve Medication-Based Treatment,https://reporter.nih.gov/project-details/10176016,Suzette V Glasner-Edwards,
HDP00543,3U24TR001579-06S1,live,,"Improving Clinical trial Education, Recruitment, and Enrollment at CTSA Hubs (I-CERCH)",2021,No,,11.5,,,No,No,,https://reporter.nih.gov/project-details/10438094,"Paul A. Harris, CONSUELO HOPKINS WILKINS",
HDP00544,3R01AR064251-07S1,live,,Osteoarthritis Progression And Sensory Pathway Alterations,2020,No,,11.5,,,No,No,Discovery and Validation of Novel Targets for Safe and Effective Treatment of Pain,https://reporter.nih.gov/project-details/10169854,"RICHARD J MILLER, Anne-Marie  Malfait",
HDP00545,3R01DA044522-16S1,live,,PROXIMAL AND DISTAL PATHWAYS TO YOUNG ADULT OPIOID MISUSE,2019,Yes,,44.2,,,No,No,Preventing Opioid Use Disorder,https://reporter.nih.gov/project-details/9856648,Sabrina  Oesterle,
HDP00546,3R61DA049382-02S2,live,,The moderation effect of social support networks on the relationship between opioid use and suicide attempts among Native American youth in New Mexico,2020,No,,11.5,,,No,No,Preventing Opioid Use Disorder,https://reporter.nih.gov/project-details/10152003,"Erin F Madden, Fares  Qeadan, Kamilla L. Venner",
HDP00547,3U24NS112873-03S2,archived,2024-04-16T09:27:57.430451,Clinical Coordinating Center for the Acute to Chronic Pain Signatures Program: Administrative Supplement,2021,No,,11.5,,,No,No,Acute to Chronic Pain Signatures Program,https://reporter.nih.gov/project-details/10414203,"CHRISTOPHER S. COFFEY, Laura A Frey Law, KATHLEEN A SLUKA",
HDP00548,3UH3AR076573-03S2,archived,2024-10-08T08:27:45.928898,Randomized-controlled trial of virtual reality for chronic low back pain to improve patient-reported outcomes and physical activity: Understanding Patient Predictors of Response,2021,Yes,NCT04409353,86.5,,,No,No,Back Pain Consortium Research Program,https://reporter.nih.gov/project-details/10350470,Brennan  Spiegel,10.60490/HDP00548
HDP00549,3UG1DA020024-14S2,archived,2024-08-06T11:36:16.602967,Clinical Trials Network:  The Texas Node,2019,No,,11.5,,,No,No,Enhancing the National Drug Abuse Treatment Clinical Trials Network to Address Opioids,https://reporter.nih.gov/project-details/9743427,MADHUKAR H. TRIVEDI,
HDP00550,3UG1DA040314-04S6,archived,2024-10-01T12:32:04.261107,Integrating Addiction Research in Health Systems: The Addiction Research Network,2019,Yes,,7.7,,,No,No,,https://reporter.nih.gov/project-details/9917054,"KATHARINE ANTHONY BRADLEY, CYNTHIA I CAMPBELL, CONSTANCE M. WEISNER",
HDP00551,3U19AR076734-01S3,archived,2024-07-05T13:43:02.697655,University of Michigan BACPAC Mechanistic Research Center,2021,No,,11.5,,,No,No,Back Pain Consortium Research Program,https://reporter.nih.gov/project-details/10415416,"Daniel J Clauw, Afton L Hassett",
HDP00552,3UH3DA050235-03S1,archived,2024-09-05T15:44:46.971821,Development and Implementation of a Culturally Centered Opioid Prevention Intervention for American Indian/Alaska Native Young Adults in California,2021,No,,11.5,,,No,No,,https://reporter.nih.gov/project-details/10440189,"ELIZABETH J. D'AMICO, Daniel Lee Dickerson",
HDP00553,3U01DA036221-05S4,archived,2024-10-29T14:09:40.817404,"TRIALS Coordinating Center to Reduce Substance Use, HIV Risk Behaviors, & Crime",2019,No,,11.5,,,No,No,Justice Community Opioid Innovation Network,https://reporter.nih.gov/project-details/9923816,"MICHAEL L DENNIS, Christy K Scott",
HDP00554,3R61AT010604-01S1,live,,Testing the Effects of Contingency Management and Behavioral Economics on Buprenorphine-Naloxone Treatment Adherence Using a Sequential Multiple Assignment Randomized Trial (SMART) Design,2020,Yes,NCT05075330,36.5,NAHDAP,,No,No,Behavioral Research to Improve Medication-Based Treatment,https://reporter.nih.gov/project-details/10253179,Karen J Derefinko,
HDP00555,3UG1DA013714-18S4,archived,2024-08-06T11:36:07.198047,Clinical Trials Network: Pacific Northwest Node,2019,No,,11.5,,,No,No,Enhancing the National Drug Abuse Treatment Clinical Trials Network to Address Opioids,https://reporter.nih.gov/project-details/9908939,"DENNIS Michael DONOVAN, Mary Akiko Hatch",
HDP00556,3R01DA044184-02S1,live,,Development & Malleability from Childhood to Adulthood,2019,No,,11.5,NAHDAP,https://www.icpsr.umich.edu/web/NAHDAP/studies/34870,Yes,No,Preventing Opioid Use Disorder,https://reporter.nih.gov/project-details/9857109,NICHOLAS S IALONGO,
HDP00557,3R61AT010799-01S2,live,,"Understanding How Peers Can Shift Stigma to Retain Low-Income, Minority Individuals in Opioid Treatment",2020,Yes,,11.5,NAHDAP,,No,No,Behavioral Research to Improve Medication-Based Treatment,https://reporter.nih.gov/project-details/10170518,Jessica F Magidson,
HDP00558,3R01DA001411-45S2,live,,Monitoring the Future: Drug Use and Lifestyles of American Youth,2019,No,,11.5,,,No,No,Preventing Opioid Use Disorder,https://reporter.nih.gov/project-details/9979208,Richard A Miech,
HDP00559,3S06GM123552-02S1,live,,Supplement to NARCH IX-AIWRE - Administrative,2018,No,,11.5,,,No,No,,https://reporter.nih.gov/project-details/9736138,STACY M RASMUS,
HDP00560,3UG1DA013035-17S7,archived,2024-08-06T11:35:54.814834,NIDA Clinical Trials Network: Greater New York Node,2019,No,,11.5,,,No,No,"Optimizing the Duration, Retention, and Discontinuation of Medication Treatment for Opioid Use Disorder",https://reporter.nih.gov/project-details/9879277,"Edward V. Nunes, JOHN P ROTROSEN",
HDP00561,3UG1DA013035-20S5,archived,2024-08-06T11:35:53.858739,NIDA Clinical Trials Network: New York Node,2021,No,,11.5,,,No,No,,https://reporter.nih.gov/project-details/10474728,"Edward V. Nunes, JOHN P ROTROSEN",
HDP00562,3U19MH121738-02S2,live,,Buprenorphine Effect on Suicidal Behavior,2020,Yes,,67.3,,,No,No,Optimizing Care for People with Opioid Use Disorder and Mental Health Conditions,https://reporter.nih.gov/project-details/10136935,GREGORY E. SIMON,10.60490/HDP00562
HDP00563,3UG1DA015815-17S4,archived,2024-08-06T11:35:47.588764,Western States Node of the National Drug Abuse Treatment Clinical Trials Network,2018,No,,11.5,,,No,No,Enhancing the National Drug Abuse Treatment Clinical Trials Network to Address Opioids,https://reporter.nih.gov/project-details/9731951,"Philip Todd Korthuis, James L Sorensen",
HDP00564,3U19AR076725-01S2,archived,2024-07-05T13:43:04.521309,"HEALing LB3P: Profiling Biomechanical, Biological and Behavioral phenotypes",2021,No,,11.5,,,No,No,Back Pain Consortium Research Program,https://reporter.nih.gov/project-details/10415626,"Gwendolyn A Sowa, NAM V VO",
HDP00565,3UG1DA015831-18S6,archived,2024-08-06T11:36:17.628268,The National Drug Abuse Treatment Clinical Trials Network,2019,No,,11.5,,,No,No,Enhancing the National Drug Abuse Treatment Clinical Trials Network to Address Opioids,https://reporter.nih.gov/project-details/9920935,"KATHLEEN M. CARROLL, Roger D. Weiss",
HDP00566,3UG1DA015831-18S7,archived,2024-10-01T12:32:14.132763,The National Drug Abuse Treatment Clinical Trials Network,2019,Yes,NCT04225598,38.5,NIDA Data Share,,No,No,Enhancing the National Drug Abuse Treatment Clinical Trials Network to Address Opioids,https://reporter.nih.gov/project-details/9913686,"KATHLEEN M. CARROLL, Roger D. Weiss",
HDP00567,3UG3DA044826-02S1,live,,"Community-based, client-centered prevention homes to address the rural opioid epidemic",2018,Yes,NCT04268173,75.0,,,No,No,,https://reporter.nih.gov/project-details/9752121,"David W Seal, Ryan Patrick Westergaard",10.60490/HDP00567
HDP00568,3UG1DA013727-22S1,archived,2025-01-07T13:03:08.955091,Southern Consortium Node of the Clinical Trials Network,2021,No,,11.5,,,No,No,,https://reporter.nih.gov/project-details/10379694,"KATHLEEN T. BRADY, Kelly S. Barth",
HDP00569,3R01MH115840-02S1,live,,Social Networks among Native American caregivers participating in an evidence-based and culturally informed intergenerational intervention,2020,No,,11.5,,,No,No,Preventing Opioid Use Disorder,https://reporter.nih.gov/project-details/10157227,Teresa  Brockie,
HDP00570,3UG1DA040314-07S1,archived,2024-08-06T11:36:17.098174,Health Systems Node of the NIDA Clinical Trials Network,2021,No,,11.5,,,No,No,,https://reporter.nih.gov/project-details/10379703,"KATHARINE ANTHONY BRADLEY, CYNTHIA I CAMPBELL, CONSTANCE M. WEISNER",
HDP00571,3UG1DA040314-05S6,archived,2024-10-01T12:32:10.350529,Integrating Addiction Research in Health Systems: The Addiction Research Network,2019,Yes,,7.7,,,No,No,Enhancing the National Drug Abuse Treatment Clinical Trials Network to Address Opioids,https://reporter.nih.gov/project-details/9906729,"KATHARINE ANTHONY BRADLEY, CYNTHIA I CAMPBELL, CONSTANCE M. WEISNER",
HDP00572,3UH3AR077360-03S2,archived,2024-11-26T15:17:19.842814,Increasing Participant Diversity in a 'Sequenced-Strategy to Improve Outcomes in people with Knee Osteoarthritis Pain (SKOAP),2021,No,,11.5,,,No,No,Pain Management Effectiveness Research Network,https://reporter.nih.gov/project-details/10400316,"Claudia Michelle Campbell, Steven P Cohen",
HDP00573,3R42TR001270-03S1,live,,Peripheral Nerve-on-a-chip for Predictive Preclinical Pharmaceutical Testing,2018,No,,11.5,,,No,No,Small Business Programs,https://reporter.nih.gov/project-details/9782089,"Jabe L Curley, Michael J Moore",
HDP00574,3U01DE025633-03S1,live,,Investigation and Modulation of the Mu-Opioid Mechanism in Chronic TMD (in vivo),2018,No,,11.5,,,No,No,,https://reporter.nih.gov/project-details/9767352,ALEXANDRE  DASILVA,
HDP00575,3R01DA043476-02S1,live,,Buprenorphine for probationers and parolees: Bridging the gap into treatment,2019,No,,11.5,,,No,No,Justice Community Opioid Innovation Network,https://reporter.nih.gov/project-details/9900629,Michael Scott Gordon,
HDP00576,3UG1CA189824-06S1,live,,An Internet-based Program to Help Cancer Survivors Manage Pain (IMPACTS),2019,Yes,NCT04462302,84.6,,,No,No,Pain Management Effectiveness Research Network,https://reporter.nih.gov/project-details/10021225,"GLENN J LESSER, Kathryn Elizabeth Weaver",10.60490/HDP00576
HDP00577,3UG1DA013035-18S6,archived,2024-08-06T11:35:53.400537,NIDA Clinical Trials Network: Greater New York Node,2019,No,,11.5,,,No,No,Prevention of Progression to Moderate or Severe Opioid Use Disorder,https://reporter.nih.gov/project-details/9924845,"Edward V. Nunes, JOHN P ROTROSEN",
HDP00578,3R44DA044053-03S1,live,,Development and Evaluation of Video-Based Directly Observed Therapy for Office-Based Treatment of Opioid Use Disorders with Buprenorphine,2019,No,,11.5,,,No,No,Small Business Programs,https://reporter.nih.gov/project-details/9980028,"Sebastian  Seiguer, Judith  Tsui",
HDP00579,3UG1DA013732-19S4,archived,2024-08-06T11:35:56.244344,Ohio Valley Node-Network (OVNN) of the NIDA Clinical Trials Network,2019,No,,11.5,,,No,No,Enhancing the National Drug Abuse Treatment Clinical Trials Network to Address Opioids,https://reporter.nih.gov/project-details/9875961,T John WINHUSEN,
HDP00580,3UH3NS113661-02S1,live,,Deep Brain Stimulation of the Subgenual Cingulate Cortex for the Treatment of Medically Refractory Chronic Low Back Pain,2020,No,,11.5,,,No,No,Translating Discoveries into Effective Devices to Treat Pain,https://reporter.nih.gov/project-details/10174456,"AUSAF  BARI, NADER  POURATIAN",
HDP00581,3U24TR001608-04S1,live,,Center for Innovative TRIals in ChilDrEN and AdulTs (TRIDENT),2019,No,,11.5,,,No,No,Pain Management Effectiveness Research Network,https://reporter.nih.gov/project-details/9980635,"DANIEL K. BENJAMIN, Gordon R Bernard",
HDP00582,3R01DA042059-04S2,live,,The Safety and Impact of Expanded Access to Naloxone in Health Systems,2019,No,,11.5,,,No,No,Preventing Opioid Use Disorder,https://reporter.nih.gov/project-details/9860339,"Ingrid A Binswanger, Jason M Glanz",
HDP00583,3R01DA038645-04S3,live,,KOR Agonist Functional Selectivity in Peripheral Sensory Neurons,2019,No,,11.5,,,No,No,,https://reporter.nih.gov/project-details/9816140,"KELLY ANN BERG, WILLIAM P CLARKE",
HDP00584,3UG1DA049467-03S2,archived,2024-08-06T11:35:44.698265,HEAL Diversity Supplement: Great Lakes Nodes Clinical Trials Network,2021,No,,11.5,,,No,No,Enhancing the National Drug Abuse Treatment Clinical Trials Network to Address Opioids,https://reporter.nih.gov/project-details/10354615,Niranjan  Karnik,
HDP00585,3U24AT009769-02S1,archived,2026-03-17T08:59:25.816672,Pain Management Collaboratory Coordinating Center (PMC3),2018,No,,11.5,,,No,No,,https://reporter.nih.gov/project-details/9748729,"CYNTHIA A. BRANDT, Robert D Kerns, Peter Natale Peduzzi",
HDP00586,3P50DA048756-01S1,live,,"Supplement to Prevention Research Center: Parenting Among Women Who Are Opioid Users, Project 2",2019,Yes,NCT05180487,82.7,NAHDAP,,No,No,Preventing Opioid Use Disorder,https://reporter.nih.gov/project-details/9993931,"Philip A Fisher, Leslie Diane Leve, ELIZABETH A STORMSHAK",10.60490/HDP00586
HDP00587,3U44NS115111-03S1,live,,"High-Resolution, Spinal Cord Stimulation for Non-Opioid Treatment of Neuropathic Pain",2021,Yes,NCT05459324,26.9,,,No,No,,https://reporter.nih.gov/project-details/10406102,Bryan L McLaughlin,
HDP00588,3UG1DA013035-17S8,archived,2024-08-06T11:35:52.044721,NIDA Clinical Trials Network: Greater New York Node,2019,No,,11.5,,,No,No,Enhancing the National Drug Abuse Treatment Clinical Trials Network to Address Opioids,https://reporter.nih.gov/project-details/9901983,"Edward V. Nunes, JOHN P ROTROSEN",
HDP00589,3UG1DA013035-18S4,archived,2024-08-06T11:36:10.717044,NIDA Clinical Trials Network: Greater New York Node,2019,No,,11.5,,,No,No,Enhancing the National Drug Abuse Treatment Clinical Trials Network to Address Opioids,https://reporter.nih.gov/project-details/9923412,"Edward V. Nunes, JOHN P ROTROSEN",
HDP00590,3UG1DA015815-17S5,archived,2024-08-06T11:35:55.748693,Western States Node of the National Drug Abuse Treatment Clinical Trials Network,2018,No,,11.5,,,No,No,,https://reporter.nih.gov/project-details/9751499,"Philip Todd Korthuis, James L Sorensen",
HDP00591,3UG1DA015831-18S8,archived,2024-08-06T11:36:04.383730,The National Drug Abuse Treatment Clinical Trials Network,2019,No,,11.5,,,No,No,"Optimizing the Duration, Retention, and Discontinuation of Medication Treatment for Opioid Use Disorder",https://reporter.nih.gov/project-details/9926627,"KATHLEEN M. CARROLL, Roger D. Weiss",
HDP00592,3UG1DA013732-22S3,archived,2025-01-07T13:03:08.574260,The Ohio Valley Node of the Clinical Trials Network,2021,No,,11.5,,,No,No,,https://reporter.nih.gov/project-details/10441986,T John WINHUSEN,
HDP00593,3R01MH120124-02S2,live,,Relationship between mental health coverage and outcomes for privately insured women with perinatal mood and anxiety disorders (PMAD),2020,Yes,,38.5,,,No,No,Optimizing Care for People with Opioid Use Disorder and Mental Health Conditions,https://reporter.nih.gov/project-details/10141694,Kara  Zivin,
HDP00594,3PL1HD101059-01S1,archived,2024-02-08T14:17:39.091997,Administrative Supplement for ACT NOW OBOE Longitudinal Study,2020,Yes,NCT04149509,7.7,,,No,No,Advancing Clinical Trials in Neonatal Opioid Withdrawal (ACT NOW),https://reporter.nih.gov/project-details/10130155,CARLA M BANN,
HDP00595,3U24HD095254-02S1,archived,2024-11-04T13:39:30.204921,Data Coordinating Center for the NICHD Neonatal Research Network (U24),2019,No,,11.5,,,No,No,,https://reporter.nih.gov/project-details/9983354,Abhik  Das,
HDP00596,3U54EB020404-05S1,live,,Center of Excellence for Mobile Sensor Data-to-Knowledge (MD2K) - OVERALL,2018,No,,11.5,,,No,No,,https://reporter.nih.gov/project-details/9752205,Santosh  Kumar,
HDP00597,3U24DK116214-02S1,live,,Illuminating Druggable Dark Matter,2018,No,,11.5,,,No,No,,https://reporter.nih.gov/project-details/9739061,"LILY Y JAN, MICHAEL T MCMANUS",
HDP00598,3UM1DA049394-01S1,archived,2024-05-03T16:10:15.049928,HEALing Communities Study Data Coordinating Center Supplement,2021,No,,11.5,,,No,No,,https://reporter.nih.gov/project-details/10353177,"Emmanuel Aja Oga, Emmanuel Aja Oga",
HDP00599,3UG1DA049468-03S3,archived,2024-08-06T11:36:03.522261,Exploring Health Beliefs for Community Engagement and Diversity in Clinical Trials,2021,No,,11.5,,,No,No,Enhancing the National Drug Abuse Treatment Clinical Trials Network to Address Opioids,https://reporter.nih.gov/project-details/10399907,Kimberly  Page,
HDP00600,3U24NS113844-03S1,archived,2023-08-22T13:45:13.587225,EPPIC-NET DCC,2021,No,,11.5,,,No,No,Early Phase Pain Investigation Clinical Network (EPPIC-Net),https://reporter.nih.gov/project-details/10474719,"Eva  Petkova, Andrea B Troxel",
HDP00601,3UG1DA013035-20S2,archived,2024-08-06T11:36:03.942629,NIDA Clinical Trials Network: New York Node,2021,No,,11.5,,,No,No,,https://reporter.nih.gov/project-details/10379690,"Edward V. Nunes, JOHN P ROTROSEN",
HDP00602,3P50DA046351-02S1,live,,Center to Advance Research Excellence (OPTIC)  Center to Advance Research Excellence (OPTIC).,2019,No,,11.5,,,No,No,Preventing Opioid Use Disorder,https://reporter.nih.gov/project-details/9919033,BRADLEY D STEIN,
HDP00603,3UG1DA013034-19S3,archived,2024-08-06T11:35:47.140153,Clinical Trials Network: Mid-Atlantic Integrated Care Research Collaborative,2019,No,,11.5,,,No,No,Enhancing the National Drug Abuse Treatment Clinical Trials Network to Address Opioids,https://reporter.nih.gov/project-details/9709506,"ROBERT P SCHWARTZ, Maxine L Stitzer",
HDP00604,3UG1DA013720-19S3,archived,2024-08-06T11:35:55.277763,The Florida Node Alliance of the National Drug Abuse Treatment Clinical Trials Network,2019,No,,11.5,,,No,No,Enhancing the National Drug Abuse Treatment Clinical Trials Network to Address Opioids,https://reporter.nih.gov/project-details/9873216,"Daniel J Feaster, Lisa R Metsch, Jose  Szapocznik",
HDP00605,3UG1DA013720-22S1,archived,2024-08-06T11:36:02.558382,The Florida Node Alliance of the National Drug Abuse Treatment Clinical Trials Network,2021,No,,11.5,,,No,No,,https://reporter.nih.gov/project-details/10379692,"Daniel J Feaster, Lisa R Metsch, Jose  Szapocznik",
HDP00606,3R01NS045594-14S1,live,,Study of Activity Dependent Sympathetic Sprouting,2019,No,,11.5,,,No,No,Discovery and Validation of Novel Targets for Safe and Effective Treatment of Pain,https://reporter.nih.gov/project-details/9812454,Jun-Ming  Zhang,
HDP00607,3UG1DA040316-04S5,archived,2024-08-06T11:36:07.652767,NorthStar Node of the Clinical Trials Network,2019,No,,11.5,NIDA Data Share,,No,No,,https://reporter.nih.gov/project-details/9856692,"GAVIN  BART, Anne  Joseph",
HDP00608,3UG1DA013727-19S1,archived,2024-08-06T11:35:45.185436,Southern Consortium Node of the Clinical Trials Network,2019,No,,11.5,,,No,No,Enhancing the National Drug Abuse Treatment Clinical Trials Network to Address Opioids,https://reporter.nih.gov/project-details/9765878,"KATHLEEN T. BRADY, Matthew J Carpenter",
HDP00609,3UG1DA015831-20S2,archived,2024-10-01T12:32:11.646872,The National Drug Abuse Clinical Trials Network: New England Consortium Node,2021,Yes,NCT04225598,36.5,NIDA Data Share,,No,No,,https://reporter.nih.gov/project-details/10380197,"Gail  D'Onofrio, Roger D. Weiss",
HDP00610,3R01DA043122-03S1,live,,Health and Justice: A Continuum of Care for HIV and SU for justice-involved youth,2018,No,,11.5,,,No,No,,https://reporter.nih.gov/project-details/9751487,KATHERINE S ELKINGTON,
HDP00611,3UH3DA050251-03S1,live,,The Role of Family Functioning and Race/Ethnicity on the Efficacy of an Opioid Misuse Prevention Videogame Intervention for Adolescents,2021,Yes,,86.5,NAHDAP,,No,No,Preventing Opioid Use Disorder,https://reporter.nih.gov/project-details/10479425,Lynn Elizabeth Fiellin,
HDP00612,3R21DA041489-02S1,live,,Improving Access to Pharmacotherapy for Opioid Use Disorder Among Justice Involved Veterans,2018,No,,11.5,,,No,No,,https://reporter.nih.gov/project-details/9743019,Andrea K Finlay,
HDP00613,3R01AT008559-02S1,live,,Mechanisms of Psychosocial Treatments for Chronic Low Back Pain,2018,Yes,NCT03916276,86.5,Vivli,,No,No,,https://reporter.nih.gov/project-details/9743912,"Melissa Anne Day, Mark P Jensen",10.60490/HDP00613
HDP00614,3UG1DA013035-17S9,archived,2024-08-30T10:38:43.867504,NIDA Clinical Trials Network: Greater New York Node,2019,Yes,NCT04218201,84.6,,,No,No,Prevention of Progression to Moderate or Severe Opioid Use Disorder,https://reporter.nih.gov/project-details/9914612,"Edward V. Nunes, JOHN P ROTROSEN",10.60490/HDP00614
HDP00615,3UG1DA013035-18S5,archived,2024-08-06T11:35:48.562807,NIDA Clinical Trials Network: Greater New York Node,2019,No,,11.5,,,No,No,"Optimizing the Duration, Retention, and Discontinuation of Medication Treatment for Opioid Use Disorder",https://reporter.nih.gov/project-details/9928319,"Edward V. Nunes, JOHN P ROTROSEN",
HDP00616,3UM1DA049412-03S2,archived,2024-07-11T16:33:56.483020,MassHEAL - Reducing overdose deaths by 40% (2019-2023),2021,Yes,NCT04111939,30.8,ICPSR,,No,No,HEALing Communities Study,https://reporter.nih.gov/project-details/10351640,JEFFREY H. SAMET,
HDP00617,3UG1DA015815-18S5,archived,2024-08-06T11:35:56.696626,Western States Node of the National Drug Abuse Treatment Clinical Trials Network,2019,No,,11.5,,,No,No,Prevention of Progression to Moderate or Severe Opioid Use Disorder,https://reporter.nih.gov/project-details/9905154,"Philip Todd Korthuis, James L Sorensen",
HDP00618,3R01AT010773-02S1,live,,Minor Cannabinoids and Terpenes: Preclinical Evaluation as Analgesics,2020,No,,11.5,,,No,No,Discovery and Validation of Novel Targets for Safe and Effective Treatment of Pain,https://reporter.nih.gov/project-details/10236683,JENNY L. WILEY,
HDP00619,3UG3DA047793-01S1,live,,tDCS to decrease opioid relapse,2019,Yes,NCT03842137,34.6,openICPSR,https://www.openicpsr.org/openicpsr/project/208170,Yes,No,Focusing Medication Development to Prevent and Treat Opioid Use Disorder and Overdose,https://reporter.nih.gov/project-details/9821520,"Ana M Abrantes, Michael D Stein",
HDP00620,3PL1HD101059-01S3,archived,2024-02-08T14:17:43.166002,HEAL Initiative: Antenatal Opioid Exposure Longitudinal Study Consortium,2021,No,,11.5,,,No,No,Advancing Clinical Trials in Neonatal Opioid Withdrawal (ACT NOW),https://reporter.nih.gov/project-details/10414223,CARLA M BANN,
HDP00621,3PL1HD101059-01S4,archived,2024-02-08T14:17:43.667832,Administrative Supplement: Peer Navigators for the ACT NOW OBOE Study,2021,No,,11.5,,,No,No,,https://reporter.nih.gov/project-details/10462326,CARLA M BANN,
HDP00622,3UG1DA013727-20S3,archived,2024-08-06T11:36:00.523553,Southern Consortium Node of the Clinical Trials Network,2019,No,,11.5,,,No,No,Enhancing the National Drug Abuse Treatment Clinical Trials Network to Address Opioids,https://reporter.nih.gov/project-details/9901274,"KATHLEEN T. BRADY, Matthew J Carpenter",
HDP00623,3UG1DA040314-04S3,archived,2024-10-01T12:32:07.251387,Integrating Addiction Research in Health Systems: The Addiction Research Network,2018,Yes,,7.7,,,No,No,Enhancing the National Drug Abuse Treatment Clinical Trials Network to Address Opioids,https://reporter.nih.gov/project-details/9728195,"KATHARINE ANTHONY BRADLEY, CYNTHIA I CAMPBELL, CONSTANCE M. WEISNER",
HDP00624,3U24NS113850-03S1,archived,2023-08-22T13:45:13.587225,Clinical Coordinating Center for the Health Initiative in Early Phase Pain Investigation Clinical Network,2021,No,,11.5,,,No,No,Early Phase Pain Investigation Clinical Network (EPPIC-Net),https://reporter.nih.gov/project-details/10489940,"Robert H Dworkin, ROBERT R EDWARDS, MAURIZIO  FAVA, JAMES P. RATHMELL",
HDP00625,3R35NS105092-03S1,live,,The biophysics of skin-neuron sensory tactile organs and their sensitivity to mechanical and chemical stress,2020,No,,11.5,,,No,No,Discovery and Validation of Novel Targets for Safe and Effective Treatment of Pain,https://reporter.nih.gov/project-details/10176122,Miriam B Goodman,
HDP00626,3U24TR001609-04S1,archived,2024-11-26T15:17:21.857458,Johns Hopkins-Tufts Trial Innovation Center,2019,No,,11.5,,,No,No,Pain Management Effectiveness Research Network,https://reporter.nih.gov/project-details/9998095,DANIEL F HANLEY,
HDP00627,3R01AT010757-02S1,live,,The study of Gpr149 in nociception and the peripheral action of minor cannabinoids,2020,Yes,,7.7,"Dryad, Mouse Phenome Database (MPD)",,No,No,Discovery and Validation of Novel Targets for Safe and Effective Treatment of Pain,https://reporter.nih.gov/project-details/10174525,"Judith  Hellman, MARK A SCHUMACHER",
HDP00628,3U54GM104942-03S1,live,,West Virginia Clinical and Translational Science Institute: Improving Health through Partnerships and Transformative Research,2018,No,,11.5,,,No,No,,https://reporter.nih.gov/project-details/9746820,Sally Lynn Hodder,
HDP00629,3UG1DA049467-03S3,archived,2024-10-01T12:32:07.866513,Quantifying How Cocaine Users Respond to Fentanyl Contamination in Cocaine,2021,Yes,,28.8,,,No,No,Enhancing the National Drug Abuse Treatment Clinical Trials Network to Address Opioids,https://reporter.nih.gov/project-details/10403871,Niranjan  Karnik,
HDP00630,3UG3TR002151-01S1,live,,Integrated Microphysiological System of Cerebral Organoid and Blood Vessel for Disease Modeling and Neuropsychiatric Drug screening,2018,No,,11.5,,,No,No,,https://reporter.nih.gov/project-details/9770072,KAM W LEONG,
HDP00631,3U24NS113784-01S1,archived,2023-08-22T13:45:13.587225,University of Rochester Hub and Spokes for the EPPIC Network - Specialized Clinical Center,2021,No,,11.5,,,No,No,Early Phase Pain Investigation Clinical Network (EPPIC-Net),https://reporter.nih.gov/project-details/10413418,"Jennifer  Gewandter, John Douglas Markman",
HDP00632,3U01AA021691-08S1,live,,National Consortium on Alcohol and Neurodevelopment in Adolescence: OHSU,2019,No,,11.5,,,No,No,Preventing Opioid Use Disorder,https://reporter.nih.gov/project-details/9860408,Bonnie J Nagel,
HDP00633,3UG1DA013035-20S1,archived,2024-10-01T12:32:06.640773,NIDA Clinical Trials Network: New York Node,2021,Yes,NCT04464980,40.4,,,No,No,,https://reporter.nih.gov/project-details/10379689,"Edward V. Nunes, JOHN P ROTROSEN",
HDP00634,3U44NS115692-01S1,archived,2024-11-06T10:47:54.202966,Development and Optimization of MNK Inhibitors for the Treatment of Neuropathic Pain,2020,No,,11.5,,,No,No,Discovery and Validation of Novel Targets for Safe and Effective Treatment of Pain,https://reporter.nih.gov/project-details/10180214,James Jeffrey Sahn,
HDP00635,3U2COD023375-06S1,archived,2024-11-04T13:39:26.411461,ECHO Administrative Supplement - Neonatal Opioid Trials,2021,No,,11.5,NICHD DASH,https://dash.nichd.nih.gov/study/424634,No,No,,https://reporter.nih.gov/project-details/10459783,"Laura Kristin NEWBY, Phillip Brian Smith",
HDP00636,3UH3CA261067-02S1,live,,Optimizing the use of ketamine to reduce chronic postsurgical pain,2021,Yes,NCT05037123,73.1,NIMH Data Archive,,No,No,Pain Management Effectiveness Research Network,https://reporter.nih.gov/project-details/10405697,"Lisa  Doan, Jing  Wang",10.60490/HDP00636
HDP00637,3UG1DA015831-18S9,archived,2024-10-01T12:32:09.731719,The National Drug Abuse Treatment Clinical Trials Network,2019,Yes,NCT04225598,38.5,NIDA Data Share,,No,No,Enhancing the National Drug Abuse Treatment Clinical Trials Network to Address Opioids,https://reporter.nih.gov/project-details/9928595,"KATHLEEN M. CARROLL, Roger D. Weiss",
HDP00638,3R01MD009063-05S1,live,,Ethnic differences in endogenous pain regulation: PET imaging of opioid receptors,2018,No,,11.5,,,No,No,,https://reporter.nih.gov/project-details/9740089,Claudia Michelle Campbell,
HDP00639,3U24TR001597-04S1,archived,2024-11-26T15:17:20.911419,Utah Trial Innovation Center,2019,No,,11.5,,,No,No,Pain Management Effectiveness Research Network,https://reporter.nih.gov/project-details/10010119,Jonathan Michael Dean,
HDP00640,3U01DA036221-05S3,archived,2024-10-29T14:09:33.868401,"TRIALS Coordinating Center to Reduce Substance Use, HIV Risk Behaviors, & Crime",2018,No,,11.5,,,No,No,,https://reporter.nih.gov/project-details/9752059,"MICHAEL L DENNIS, Christy K Scott",
HDP00641,3UG1DA013714-17S5,archived,2024-08-06T11:36:16.076805,Clinical Trials Network: Pacific Northwest Node,2019,No,,11.5,,,No,No,Enhancing the National Drug Abuse Treatment Clinical Trials Network to Address Opioids,https://reporter.nih.gov/project-details/9868842,"DENNIS Michael DONOVAN, Mary Akiko Hatch",
HDP00642,3UG3HL141800-02S1,live,,A 3D IN VITRO DISEASE MODEL OF ATRIAL CONDUCTION,2018,No,,11.5,,,No,No,,https://reporter.nih.gov/project-details/9786265,"David Terry Curiel, Steven CARL George, STACEY Lynn RENTSCHLER",
HDP00643,3UG1DA050077-03S1,archived,2024-10-29T14:09:36.427189,A comparative effectiveness trial of extended release naltrexone versus extended-release buprenorphine with individuals leaving jail,2021,No,,11.5,,,No,No,,https://reporter.nih.gov/project-details/10160255,"Michael Scott Gordon, Shannon Gwin Mitchell",
HDP00644,3R44DA044083-03S1,live,,Clinical Data Intelligence & Advanced Analytics to Reduce Drug Diversion across the Care Delivery Cycle and Drug Supply Chain in Health Systems,2019,No,,11.5,,,No,No,Small Business Programs,https://reporter.nih.gov/project-details/9927826,Thomas  Knight,
HDP00645,3U19AR076737-01S1,archived,2024-11-27T13:51:43.151377,UCSF Core Center for Patient-centric Mechanistic Phenotyping in Chronic Low Back Pain,2020,No,,11.5,,,No,No,Back Pain Consortium Research Program,https://reporter.nih.gov/project-details/10208515,JEFFREY C. LOTZ,
HDP00646,3UG3DA048351-01S2,live,,INTERACT Meeting with FDA on Cohort Design and Development of ALFQ as an Adjuvant for Heroin Vaccine,2019,No,,11.5,,,No,No,,https://reporter.nih.gov/project-details/9830397,Gary R. Matyas,
HDP00647,3U54DA038999-05S1,live,,Medication Development Center for cocaine Use Disorder,2018,Yes,NCT03495869,28.8,NAHDAP,,Yes,No,,https://reporter.nih.gov/project-details/9729182,FREDERICK Gerard MOELLER,
HDP00648,3U24NS113844-02S1,archived,2023-08-22T13:45:13.587225,EPPIC-NET DCC,2021,No,,11.5,,,No,No,Early Phase Pain Investigation Clinical Network (EPPIC-Net),https://reporter.nih.gov/project-details/10361021,"Eva  Petkova, Andrea B Troxel",
HDP00649,3UG1DA013035-17SA,archived,2024-08-06T11:36:05.775888,NIDA Clinical Trials Network: Greater New York Node,2019,No,,11.5,,,No,No,,https://reporter.nih.gov/project-details/9914688,"Edward V. Nunes, JOHN P ROTROSEN",
HDP00650,3UG1DA013035-18S3,archived,2024-08-06T11:35:58.168093,NIDA Clinical Trials Network: Greater New York Node,2019,No,,11.5,,,No,No,Enhancing the National Drug Abuse Treatment Clinical Trials Network to Address Opioids,https://reporter.nih.gov/project-details/9923866,"Edward V. Nunes, JOHN P ROTROSEN",
HDP00651,3UG1DA013720-20S3,archived,2024-08-06T11:36:03.066850,The Florida Node Alliance of the National Drug Abuse Treatment Clinical Trials Network,2019,No,,11.5,,,No,No,Enhancing the National Drug Abuse Treatment Clinical Trials Network to Address Opioids,https://reporter.nih.gov/project-details/9897152,"Daniel J Feaster, Lisa R Metsch, Jose  Szapocznik",
HDP00652,3R01DA037621-05S1,live,,Long-term activation of spinal opioid analgesia after imflammation - Supplement,2019,No,,11.5,,,No,No,Discovery and Validation of Novel Targets for Safe and Effective Treatment of Pain,https://reporter.nih.gov/project-details/9816476,BRADLEY K. TAYLOR,
HDP00653,3UG1DA015831-18S5,archived,2024-08-06T11:35:50.546467,The National Drug Abuse Treatment Clinical Trials Network,2019,No,,11.5,,,No,No,Enhancing the National Drug Abuse Treatment Clinical Trials Network to Address Opioids,https://reporter.nih.gov/project-details/9970641,"KATHLEEN M. CARROLL, Roger D. Weiss",
HDP00654,3UG1DA013732-19S3,archived,2024-10-01T12:32:03.614665,Ohio Valley Node-Network (OVNN) of the NIDA Clinical Trials Network,2019,Yes,NCT03918850,36.5,,,No,No,Enhancing the National Drug Abuse Treatment Clinical Trials Network to Address Opioids,https://reporter.nih.gov/project-details/9858490,T John WINHUSEN,
HDP00655,3UG1DA013732-22S1,archived,2025-01-07T13:03:12.722251,The Ohio Valley Node of the Clinical Trials Network,2021,No,,11.5,,,No,No,,https://reporter.nih.gov/project-details/10379697,T John WINHUSEN,
HDP00656,3U24NS115678-01S1,archived,2023-08-22T13:45:13.587225,EPPIC-Net Hub at University of Washington,2021,No,,11.5,,,No,No,Early Phase Pain Investigation Clinical Network (EPPIC-Net),https://reporter.nih.gov/project-details/10493565,"MIROSLAV MISHA BACKONJA, Michele  Curatolo, Brett  Stacey",
HDP00657,3PL1HD101059-01S2,archived,2024-02-08T14:17:39.645526,"Administrative Supplement to Increase Participant Diversity, Inclusion and Engagement in the ACT NOW OBOE Study",2021,Yes,NCT04149509,7.7,,,No,No,Advancing Clinical Trials in Neonatal Opioid Withdrawal (ACT NOW),https://reporter.nih.gov/project-details/10400379,CARLA M BANN,
HDP00658,3UG1DA040314-04S5,archived,2024-08-06T11:36:11.355515,Integrating Addiction Research in Health Systems: The Addiction Research Network,2019,No,,11.5,,,No,No,Enhancing the National Drug Abuse Treatment Clinical Trials Network to Address Opioids,https://reporter.nih.gov/project-details/9916836,"KATHARINE ANTHONY BRADLEY, CYNTHIA I CAMPBELL, CONSTANCE M. WEISNER",
HDP00659,3UG1DA040314-05S5,archived,2024-10-01T12:32:05.484203,Integrating Addiction Research in Health Systems: The Addiction Research Network,2019,Yes,,7.7,,,No,No,Enhancing the National Drug Abuse Treatment Clinical Trials Network to Address Opioids,https://reporter.nih.gov/project-details/9906533,"KATHARINE ANTHONY BRADLEY, CYNTHIA I CAMPBELL, CONSTANCE M. WEISNER",
HDP00660,3U19AR076734-01S1,archived,2024-07-05T13:43:03.145985,University of Michigan BACPAC Mechanistic Research Center,2020,No,,11.5,,,No,No,Back Pain Consortium Research Program,https://reporter.nih.gov/project-details/10202826,"Daniel J Clauw, Afton L Hassett",
HDP00661,3UG1DA015831-20S1,archived,2024-08-06T11:36:00.069520,The National Drug Abuse Clinical Trials Network: New England Consortium Node,2021,No,,11.5,NIDA Data Share,,No,No,,https://reporter.nih.gov/project-details/10380196,"Gail  D'Onofrio, Roger D. Weiss",
HDP00662,3UH3AT009293-03S1,live,,Optimization of Spinal Manipulative Therapy (SMT) Protocols,2018,No,,11.5,,,No,No,,https://reporter.nih.gov/project-details/9743910,Julie M Fritz,
HDP00663,3R01NR015642-04S1,live,,Severe Pain During Wound Care Procedures: Model and Mechanisms,2018,No,,11.5,,,No,No,,https://reporter.nih.gov/project-details/9755187,SUE E GARDNER,
HDP00664,3U01DA050442-03S1,archived,2024-10-29T14:09:36.839217,Using Implementation Interventions and Peer Recovery Support to Improve Opioid Treatment Outcomes in Community Supervision,2021,No,,11.5,,,No,No,,https://reporter.nih.gov/project-details/10438018,"Lauren  Brinkley-Rubinstein, ROSEMARIE A MARTIN, Damaris J. Rohsenow",
HDP00665,3U01DA040213-05S1,live,,Prevention of opioid diversion by young adult patients,2019,Yes,,65.4,,,No,No,Preventing Opioid Use Disorder,https://reporter.nih.gov/project-details/9980049,BROOKE S.G. MOLINA,10.60490/HDP00665
HDP00666,3R01MH107540-04S1,live,,From Irritability to Impairment:  How Neurodevelopment of Executive Function and Parent-Child Neural Synchrony Influence the Transition from Normal to Abnormal Functioning.,2018,No,,11.5,,,No,No,,https://reporter.nih.gov/project-details/9713716,Susan B Perlman,
HDP00667,3R01NS094461-04S2,live,,Targeting specific interactions between A-kinase Anchoring Proteins (AKAPs) and ion channels with cell-permeant peptides as a novel mode of therapeutic intervention against pain disorders,2019,No,,11.5,,,No,No,Discovery and Validation of Novel Targets for Safe and Effective Treatment of Pain,https://reporter.nih.gov/project-details/9815836,MARK S SHAPIRO,
HDP00668,3UH3AR076573-03S1,archived,2025-01-08T15:36:39.629488,Improving representation of non-Hispanic Black and Hispanic study participants in a trial of virtual reality for chronic lower back pain,2021,Yes,,7.7,,,No,No,Back Pain Consortium Research Program,https://reporter.nih.gov/project-details/10400468,Brennan  Spiegel,
HDP00669,3UG1DA050072-02S2,archived,2024-10-29T14:09:42.496759,"Transitions Clinic Network:  Post Incarceration Addiction Treatment, Healthcare, and Social Support (TCN PATHS) study",2020,No,,11.5,,,No,No,Sleep Dysfunction as a Core Feature of Opioid Use Disorder and Recovery,https://reporter.nih.gov/project-details/10177211,Emily Ai-hua Wang,
HDP00670,3UG1DA015831-18S4,archived,2024-08-06T11:35:48.115472,The National Drug Abuse Treatment Clinical Trials Network,2019,No,,11.5,,,No,No,Enhancing the National Drug Abuse Treatment Clinical Trials Network to Address Opioids,https://reporter.nih.gov/project-details/9914450,"KATHLEEN M. CARROLL, Roger D. Weiss",
HDP00671,3UG1DA015831-17S8,archived,2024-10-01T12:32:12.903411,The National Drug Abuse Treatment Clinical Trials Network,2019,Yes,NCT04225598,38.5,NIDA Data Share,,No,No,Enhancing the National Drug Abuse Treatment Clinical Trials Network to Address Opioids,https://reporter.nih.gov/project-details/9916346,"KATHLEEN M. CARROLL, Roger D. Weiss",
HDP00672,3R37DA047926-03S1,archived,2023-09-25T13:06:12.285833,Evaluation of an optimized intervention to prevent early substance use among American Indian youth: Examination of expanded impacts on youth and parents,2021,No,,11.5,,,No,No,,https://reporter.nih.gov/project-details/10358190,NANCY Rumbaugh WHITESELL,
HDP00673,3R01DE029951-01S1,archived,2024-08-14T13:49:36.453219,Targeting Endosomal Receptors for Treatment of Chronic Pain,2021,No,,11.5,,,No,No,Discovery and Validation of Novel Targets for Safe and Effective Treatment of Pain,https://reporter.nih.gov/project-details/10458307,"NIGEL W BUNNETT, Brian L Schmidt",
HDP00674,3R01DA045872-01A1S1,live,,"Examining the synergistic effects of cannabis and prescription opioid policies on chronic pain, opioid prescribing, and opioid overdose",2019,Yes,,7.7,NAHDAP,https://doi.org/10.3886/ICPSR39342.v1,No,No,Preventing Opioid Use Disorder,https://reporter.nih.gov/project-details/9987897,"Magdalena  Cerda, Silvia Saboia Martins",
HDP00675,3R01AR069557-03S1,live,,Use and safety of opioids in patients undergoing total joint replacement,2018,No,,11.5,,,No,No,,https://reporter.nih.gov/project-details/9707258,Seoyoung Catherine Kim,
HDP00676,3UG3TR003148-01S1,archived,2023-09-11T14:19:06.255095,"Multi-organ-on-chip device for modeling opioid reinforcement and withdrawal, and the negative affective component of pain: a therapeutic screening tool.",2021,No,,11.5,,,No,No,,https://reporter.nih.gov/project-details/10435316,"Nureddin  Ashammakhi, Ali  Khademhosseini, Nigel T Maidment, CLIVE Niels SVENDSEN, Stephanie Kristin Seidlits",
HDP00677,3UH3AR076724-03S1,archived,2024-03-25T13:24:15.067878,"Technology Research Site for Advanced, Faster Quantitative Imaging for BACPAC",2021,Yes,,7.7,,,No,No,Back Pain Consortium Research Program,https://reporter.nih.gov/project-details/10304082,Sharmila  Majumdar,
HDP00678,3UG1DA040309-07S1,archived,2024-08-06T11:36:01.568887,Northeast Node of the National Drug Abuse Clinical Trials Network,2021,No,,11.5,,,No,No,,https://reporter.nih.gov/project-details/10387466,Lisa A. Marsch,
HDP00679,3UG3DA048351-01S1,live,,A Phase I/IIa Clinical Trial Testing the Safety and Immunogenicity of a Heroin Vaccine and its Efficacy Against Morphine Challenge.,2019,No,,11.5,,,No,No,Focusing Medication Development to Prevent and Treat Opioid Use Disorder and Overdose,https://reporter.nih.gov/project-details/9829460,Gary R. Matyas,
HDP00680,3R01NS104295-02S1,live,,Cellular and Molecular Role of CXCR4 signaling in Painful Diabetic Neuropathy,2019,No,,11.5,,,No,No,,https://reporter.nih.gov/project-details/9816498,Daniela M Menichella,
HDP00681,3R01DA051067-01S1,live,,Hub and Spoke Opioid Treatment Networks: 2nd Generation Approaches to Improve Medication Treatment for Opioid Use Disorders,2020,No,,11.5,,,No,No,Optimizing Care for People with Opioid Use Disorder and Mental Health Conditions,https://reporter.nih.gov/project-details/10153043,SHARON  REIF,
HDP00682,3U24NS113849-01S1,archived,2023-08-22T13:45:13.587225,The Icahn School of Medicine at Mount Sinai (ISMMS) EPPIC-Net Specialized Clinical Center,2020,No,,11.5,,,No,No,Early Phase Pain Investigation Clinical Network (EPPIC-Net),https://reporter.nih.gov/project-details/10208322,Jessica  Robinson-Papp,
HDP00683,3R01NS093990-04S1,live,,S1P Receptor Mechanisms in Neuropathic Pain,2018,No,,11.5,,,No,No,,https://reporter.nih.gov/project-details/9775762,"Kurt F Hauser, ARON H LICHTMAN, DANA E SELLEY, Laura J Sim-Selley",
HDP00684,3UG3EB025765-02S1,live,,Multi-tissue platform for modeling systemic pathologies,2019,No,,11.5,,,No,No,,https://reporter.nih.gov/project-details/9827054,Gordana  Vunjak-Novakovic,
HDP00685,3UG1DA015831-17S5,archived,2024-08-06T11:35:45.716564,The National Drug Abuse Treatment Clinical Trials Network,2019,No,,11.5,,,No,No,"Optimizing the Duration, Retention, and Discontinuation of Medication Treatment for Opioid Use Disorder",https://reporter.nih.gov/project-details/9916056,"KATHLEEN M. CARROLL, Roger D. Weiss",
HDP00686,3U01DA038360-05S4,live,,NDEWS: A New Paradigm for Drug Early Warning Systems,2019,No,,11.5,,,No,No,,https://reporter.nih.gov/project-details/10000347,Eric D Wish,
HDP00687,3U01MH114087-04S1,live,,Patient perspectives on clinical approaches to prevent opioid related suicide attempts,2020,No,,11.5,,,No,No,,https://reporter.nih.gov/project-details/10139426,Brian Kenneth Ahmedani,
HDP00688,3UG1DA040316-05S2,archived,2024-08-06T11:35:57.150698,NorthStar Node of the Clinical Trials Network,2019,No,,11.5,NIDA Data Share,,No,No,Enhancing the National Drug Abuse Treatment Clinical Trials Network to Address Opioids,https://reporter.nih.gov/project-details/9902691,"GAVIN  BART, Anne  Joseph",
HDP00689,3UG1DA040314-05S4,archived,2024-10-01T12:32:04.893475,Integrating Addiction Research in Health Systems: The Addiction Research Network,2019,Yes,,7.7,,,No,No,Enhancing the National Drug Abuse Treatment Clinical Trials Network to Address Opioids,https://reporter.nih.gov/project-details/9898037,"KATHARINE ANTHONY BRADLEY, CYNTHIA I CAMPBELL, CONSTANCE M. WEISNER",
HDP00690,3U19AR076734-01S2,archived,2024-07-05T13:43:06.296283,University of Michigan BACPAC Mechanistic Research Center,2021,No,,11.5,,,No,No,,https://reporter.nih.gov/project-details/10395664,"Daniel J Clauw, Afton L Hassett",
HDP00691,3U19MH113136-02S2,live,,Understanding the intersection between opioids and suicide through the Southwest Hub,2018,No,,11.5,,,No,No,,https://reporter.nih.gov/project-details/9707184,"Mary Allison Barlow, Mary  Cwik",
HDP00692,3U24AR076730-01S1,archived,2024-07-05T13:43:02.234019,"Back Pain Consortium (BACPAC) Research Program Data Integration, Algorithm Development and Operations Management Center",2021,No,,11.5,,,No,No,Back Pain Consortium Research Program,https://reporter.nih.gov/project-details/10400459,"Kevin J Anstrom, ANASTASIA  IVANOVA",
HDP00693,3R01DA041434-03S1,live,,Improving Access to Substance Abuse Evidence-Based Practices for Youth in the Justice System: Strategies Used by JPOs,2019,No,,11.5,,,No,No,Preventing Opioid Use Disorder,https://reporter.nih.gov/project-details/9860960,ASHLI J SHEIDOW,
HDP00694,3U2COD023375-04S1,archived,2024-11-04T13:39:29.738050,ECHO Administrative Supplement - Neonatal Opioid Trials,2019,No,,11.5,,,No,No,,https://reporter.nih.gov/project-details/9993727,"DANIEL K. BENJAMIN, Phillip Brian Smith",
HDP00695,3UG1DA015815-17S6,archived,2024-08-06T11:36:09.097278,Western States Node of the National Drug Abuse Treatment Clinical Trials Network,2019,No,,11.5,,,No,No,Prevention of Progression to Moderate or Severe Opioid Use Disorder,https://reporter.nih.gov/project-details/9951611,"Philip Todd Korthuis, James L Sorensen",
HDP00696,3R34AA025480-02S1,live,,Implementing Medication-Assisted Therapy for Substance Use Disorders in Mental Health,2019,No,,11.5,,,No,No,Optimizing Care for People with Opioid Use Disorder and Mental Health Conditions,https://reporter.nih.gov/project-details/9755001,Katherine E Watkins,
HDP00697,3UG3TR003149-02S1,live,,hiPSC-based DRG Tissue Mimics on Multi-well Microelectrode Arrays as a Tissue Chip Model of Acute and Chronic Nociception,2020,No,,11.5,,,No,No,Discovery and Validation of Novel Targets for Safe and Effective Treatment of Pain,https://reporter.nih.gov/project-details/10263436,Bryan James Black,
HDP00698,3UG1DA040314-05S3,archived,2024-08-06T11:36:01.044704,Integrating Addiction Research in Health Systems: The Addiction Research Network,2019,No,,11.5,,,No,No,Enhancing the National Drug Abuse Treatment Clinical Trials Network to Address Opioids,https://reporter.nih.gov/project-details/9897862,"KATHARINE ANTHONY BRADLEY, CYNTHIA I CAMPBELL, CONSTANCE M. WEISNER",
HDP00699,3R01LM010685-09S1,archived,2024-09-27T17:53:47.531453,Beyond PheWAS: Recognition of Phenotype Patterns for Discovery and Translation - Administrative Supplement,2018,No,,11.5,,,No,No,,https://reporter.nih.gov/project-details/9763068,Joshua C. Denny,
HDP00700,3UG1DA013714-18S6,archived,2024-08-06T11:35:52.910486,Clinical Trials Network: Pacific Northwest Node,2019,No,,11.5,,,No,No,,https://reporter.nih.gov/project-details/9926984,"DENNIS Michael DONOVAN, Mary Akiko Hatch",
HDP00701,3UG1DA013714-18S5,archived,2024-08-06T11:35:51.060792,Clinical Trials Network: Pacific Northwest Node,2019,No,,11.5,,,No,No,Enhancing the National Drug Abuse Treatment Clinical Trials Network to Address Opioids,https://reporter.nih.gov/project-details/9919467,"DENNIS Michael DONOVAN, Mary Akiko Hatch",
HDP00702,3R01NS111929-01A1S1,archived,2025-03-28T09:48:20.989376,"Anatomic, Physiologic and Transcriptomic Mechanisms of Neuropathic Pain in Human DRG",2020,No,,11.5,,,No,No,Discovery and Validation of Novel Targets for Safe and Effective Treatment of Pain,https://reporter.nih.gov/project-details/10268154,"Patrick M Dougherty, Theodore J Price",
HDP00703,3U19TW008163-10S1,live,,Diverse Drug Lead Compounds from Bacterial Symbionts in Philippine Mollusks,2018,No,,11.5,,,No,No,,https://reporter.nih.gov/project-details/9748222,Margo Genevieve Haygood,
HDP00704,3R01DK103901-04S1,live,,TARGETING THE TRANSIENT RECEPTOR POTENTIAL CHANNELS TO IMPROVE BOWEL DYSFUNCTION,2018,No,,11.5,,,No,No,,https://reporter.nih.gov/project-details/9752844,Hongzhen  Hu,
HDP00705,3UG1CA189824-08S2,live,,Developing and Implementing a Culturally Appropriate Non-Opioid Pain Coping Skills Training Intervention for Spanish-Speaking Hispanic/Latinx Patients with Cancer Pain,2021,No,,11.5,,,No,No,Pain Management Effectiveness Research Network,https://reporter.nih.gov/project-details/10400340,"GLENN J LESSER, Kathryn Elizabeth Weaver",
HDP00706,3U19AR076737-01S2,archived,2024-09-24T14:27:13.186621,REACH Participant Diversity Program,2021,Yes,,7.7,,,No,No,Back Pain Consortium Research Program,https://reporter.nih.gov/project-details/10399813,"Yulin  Hswen, JEFFREY C. LOTZ, Conor  O'Neill",
HDP00707,3R01MD010372-03S1,live,,Prospective Study of Racial and Ethnic Disparities in Chronic Pain and Pain Burden,2018,No,,11.5,,,No,No,,https://reporter.nih.gov/project-details/9706434,GRANT  MARSHALL,
HDP00708,3R21DA044443-02S1,live,,DAT-Optimizing the impact of medication assisted treatment interventions in prison and jail settings,2018,No,,11.5,,,No,No,,https://reporter.nih.gov/project-details/9751502,JOSIAH D RICH,
HDP00709,3UG3DA048234-02S1,live,,Development of a novel drug for treating opioid use disorder,2021,No,NCT05724797,11.5,,,No,No,,https://reporter.nih.gov/project-details/10331501,"Nikej  Shah, FRANK J. VOCCI",
HDP00710,3UH3DA050174-02S2,archived,2024-09-05T15:44:45.516851,"Preventing Substance Misuse and Substance Use Disorder by Examining Service Provider Interactions, Discrimination, Ethnic Identity, Sexual Orientation Identity, and Housing First Outcomes",2021,Yes,,7.7,,,No,No,Preventing Opioid Use Disorder,https://reporter.nih.gov/project-details/10352954,"Kelly J Kelleher, NATASHA  SLESNICK",
HDP00711,3R01DA044015-02S1,live,,Supplemental Application for Clinical and Genetic Risk Profile of Opioid Use Disorder,2018,No,,11.5,,,No,No,,https://reporter.nih.gov/project-details/9719019,"Wade H Berrettini, JANET D ROBISHAW, Vanessa  Troiani",
HDP00712,3R33AT010606-03S1,live,,Adapting the HOPE Online Support Intervention to Increase MAT Uptake Among OUD Patients,2021,Yes,NCT04712981,23.1,Dryad,,No,No,Behavioral Research to Improve Medication-Based Treatment,https://reporter.nih.gov/project-details/10478434,Sean  Young,
HDP00713,3UG1DA040316-06S4,archived,2024-10-01T12:32:14.735502,NorthStar Node of the Clinical Trials Network,2020,Yes,NCT04867382,40.4,NIDA Data Share,,No,No,Enhancing the National Drug Abuse Treatment Clinical Trials Network to Address Opioids,https://reporter.nih.gov/project-details/10175741,GAVIN  BART,
HDP00714,3U19TW009872-05S1,live,,Novel therapeutic agents from the bacterial symbionts of Brazilian invertebrates,2018,No,,11.5,,,No,No,,https://reporter.nih.gov/project-details/9748228,"Jon  Clardy, Monica T Pupo",
HDP00715,3U19AR076734-01S4,archived,2024-07-05T13:43:05.848367,University of Michigan BACPAC Mechanistic Research Center,2021,No,,11.5,,,No,No,Back Pain Consortium Research Program,https://reporter.nih.gov/project-details/10398444,"Daniel J Clauw, Afton L Hassett",
HDP00716,3U01DA036221-05S2,live,,"TRIALS Coordinating Center to Reduce Substance Use, HIV Risk Behaviors, & Crime",2018,No,,11.5,,,No,No,,https://reporter.nih.gov/project-details/9740762,"MICHAEL L DENNIS, Christy K Scott",
HDP00717,3UG3TR002158-02S1,live,,A Microphysiological System for Kidney Disease Modeling and Drug Efficacy Testing,2018,No,,11.5,,,No,No,,https://reporter.nih.gov/project-details/9757837,Jonathan  Himmelfarb,
HDP00718,3R01MD008931-05S1,live,,Virtual Perspective-Taking to Reduce Race and SES Disparities in Pain Care,2018,No,,11.5,,,No,No,,https://reporter.nih.gov/project-details/9755668,ADAM T HIRSH,
HDP00719,3UG1DA049436-02S2,archived,2024-09-10T11:45:22.732831,Developing an intervention to address intersecting prescription opioid and chronic pain stigma in cancer survivors: formative work,2020,Yes,,78.8,,,No,No,Enhancing the National Drug Abuse Treatment Clinical Trials Network to Address Opioids,https://reporter.nih.gov/project-details/10173220,"JUDITH  FEINBERG, JANE M LIEBSCHUTZ",10.60490/HDP00719
HDP00720,3UG1DA040309-04S3,archived,2024-08-06T11:36:21.535282,Northeast Node of the National Drug Abuse Clinical Trials Network,2019,No,,11.5,,,No,No,Enhancing the National Drug Abuse Treatment Clinical Trials Network to Address Opioids,https://reporter.nih.gov/project-details/9743491,Lisa A. Marsch,
HDP00721,3UG1DA040309-04S4,archived,2024-08-06T11:35:58.625307,Northeast Node of the National Drug Abuse Clinical Trials Network,2019,No,,11.5,,,No,No,Enhancing the National Drug Abuse Treatment Clinical Trials Network to Address Opioids,https://reporter.nih.gov/project-details/9853679,Lisa A. Marsch,
HDP00722,3U01DA050442-02S1,archived,2024-10-29T14:09:35.597882,Using Implementation Interventions and Peer Recovery Support to Improve Opioid Treatment Outcomes in Community Supervision,2020,No,,11.5,,,No,No,,https://reporter.nih.gov/project-details/10188053,"Lauren  Brinkley-Rubinstein, ROSEMARIE A MARTIN, Damaris J. Rohsenow",
HDP00723,3UG1CA189824-07S3,live,,Promoting Training in Clinical Pain Research as an Initiative of the Internet-delivered Management of Pain Among Cancer Survivors (IMPACTS) Trial,2020,No,,11.5,,,No,No,,https://reporter.nih.gov/project-details/10166251,"DONALD BAIRD PENZIEN, Kathryn Elizabeth Weaver",
HDP00724,3UG1DA015815-17S7,archived,2024-08-06T11:35:46.180003,Western States Node of the National Drug Abuse Treatment Clinical Trials Network,2019,No,,11.5,,,No,No,Prevention of Progression to Moderate or Severe Opioid Use Disorder,https://reporter.nih.gov/project-details/9951612,"Philip Todd Korthuis, James L Sorensen",
HDP00725,3R01DA045396-02S1,live,,Brief Individual and Parent Interventions for Marijuana Misuse in Truant Adolescents,2019,No,,11.5,,,No,No,Preventing Opioid Use Disorder,https://reporter.nih.gov/project-details/9857255,Anthony  Spirito,
HDP00726,3UG1DA013720-20S2,archived,2024-10-01T12:32:12.244009,CTN0080 Participating Node: The Florida Node Alliance of the National Drug Abuse Treatment Clinical Trials Network,2019,Yes,NCT03918850,36.5,,,No,No,Enhancing the National Drug Abuse Treatment Clinical Trials Network to Address Opioids,https://reporter.nih.gov/project-details/9897014,"Daniel J Feaster, Lisa R Metsch, Jose  Szapocznik",
HDP00727,3U2CDA050097-03S1,archived,2024-10-29T14:09:41.690934,JCOIN Coordination and Translation Center,2021,No,,11.5,,,No,No,Justice Community Opioid Innovation Network,https://reporter.nih.gov/project-details/10405235,"Warren J. Ferguson, Todd David Molfenter, Danielle  Rudes, Faye S Taxman",
HDP00728,3UH3AR076568-02S1,live,,Proof of concept study to treat negative affect in chronic low back pain,2020,Yes,,86.5,Vivli,,Yes,Yes,Back Pain Consortium Research Program,https://reporter.nih.gov/project-details/10258046,AJAY D WASAN,10.60490/HDP00728
HDP00729,3UG3TR002097-02S1,live,,Drug development for tuberous sclerosis complex and other pediatric epileptogenic diseases using neurovascular and cardiac microphysiological models,2018,No,,11.5,,,No,No,,https://reporter.nih.gov/project-details/9769432,"Aaron B Bowman, KEVIN C ESS, JOHN PETER WIKSWO",
HDP00730,3R42HD088325-02A1S1,live,,Mobile Augmented Screening Tool to Increase Adolescent HIV Testing and Linkage to Care,2019,No,,11.5,,,No,No,Small Business Programs,https://reporter.nih.gov/project-details/9855321,Ian David Aronson,
HDP00731,3R01MH112148-03S1,live,,Improving the Identification and Management of Suicide Risk among Patients Using Prescription Opioids,2020,No,,11.5,,,No,No,Optimizing Care for People with Opioid Use Disorder and Mental Health Conditions,https://reporter.nih.gov/project-details/10155895,Robert H Aseltine,
HDP00732,3UG1DA040316-04S3,archived,2025-01-14T10:32:37.140683,NorthStar Node of the Clinical Trials Network,2018,No,,11.5,NIDA Data Share,,No,No,Enhancing the National Drug Abuse Treatment Clinical Trials Network to Address Opioids,https://reporter.nih.gov/project-details/9772615,"GAVIN  BART, Anne  Joseph",
HDP00733,3UG1DA040316-07S1,archived,2024-08-06T11:35:54.339630,NorthStar Node of the Clinical Trials Network,2021,No,,11.5,NIDA Data Share,,No,No,,https://reporter.nih.gov/project-details/10358343,GAVIN  BART,
HDP00734,3UG1DA040316-06S3,archived,2024-08-06T11:35:52.464325,Suicide Prediction and Prevention for People at Risk for Opioid Use Disorder,2020,No,,11.5,NIDA Data Share,,No,No,Optimizing Care for People with Opioid Use Disorder and Mental Health Conditions,https://reporter.nih.gov/project-details/10140552,"GAVIN  BART, Rebecca Clare Rossom",
HDP00735,3UG1DA040314-04S7,archived,2024-08-06T11:36:12.450788,Integrating Addiction Research in Health Systems: The Addiction Research Network,2019,No,,11.5,,,No,No,Enhancing the National Drug Abuse Treatment Clinical Trials Network to Address Opioids,https://reporter.nih.gov/project-details/9917193,"KATHARINE ANTHONY BRADLEY, CYNTHIA I CAMPBELL, CONSTANCE M. WEISNER",
HDP00736,3R21MD011767-02S1,live,,Supplement to Opioid prescribing disparities in a public health crisis,2018,No,,11.5,,,No,No,,https://reporter.nih.gov/project-details/9748773,"Deena  Chisolm, KATHERINE J DEANS",
HDP00737,3U24HD036801-24S1,archived,2024-10-24T13:59:37.372470,Prescription After CesareanTrial - (PACT) MFMU Supplement,2021,No,,11.5,,,No,No,,https://reporter.nih.gov/project-details/10434255,Rebecca Gersnoviez Clifton,
HDP00738,3U01AI124286-05S1,live,,Determining the Mechanism of Activation of Linked Agonists Synergies,2019,No,,11.5,,,No,No,,https://reporter.nih.gov/project-details/9869164,Aaron P Esser-Kahn,
HDP00739,3U24NS115691-01S2,archived,2023-08-22T13:45:13.587225,UPENN HEAL - Pain Clinical Trial Network Specialized Clinical Center,2021,No,,11.5,,,No,No,,https://reporter.nih.gov/project-details/10405954,"Michael Alan Ashburn, JOHN T FARRAR",
HDP00740,3UG1DA015815-20S1,archived,2024-08-06T11:36:04.852982,Western States Node of the National Drug Abuse Treatment Clinical Trials Network,2021,No,,11.5,,,No,No,,https://reporter.nih.gov/project-details/10379701,"Keith N. Humphreys, Philip Todd Korthuis",
HDP00741,3UG1DA049436-03S2,archived,2024-08-06T11:35:59.494637,Appalachian Node,2021,No,,11.5,,,No,No,,https://reporter.nih.gov/project-details/10379710,"JUDITH  FEINBERG, JANE M LIEBSCHUTZ",
HDP00742,3U24NS114416-01S1,archived,2023-08-22T13:45:13.587225,"Administrative Supplement to Support Strategies to Increase Participant Diversity, Inclusion and Engagement in EPPIC NET",2021,No,,11.5,,,No,No,Early Phase Pain Investigation Clinical Network (EPPIC-Net),https://reporter.nih.gov/project-details/10400476,"Francis J. Keefe, Alexander Tan Limkakeng",
HDP00743,3UG1DA040309-05S5,archived,2024-08-06T11:36:20.623153,Northeast Node of the National Drug Abuse Clinical Trials Network,2019,No,,11.5,,,No,No,Enhancing the National Drug Abuse Treatment Clinical Trials Network to Address Opioids,https://reporter.nih.gov/project-details/9901399,Lisa A. Marsch,
HDP00744,3UG3DA048379-02S1,live,,"Arylepoxamides: A new class of potent, safer analgesics",2021,No,,11.5,,,No,No,,https://reporter.nih.gov/project-details/10291187,YING-XIAN  PAN,
HDP00745,3UH3AT010739-03S1,archived,2025-01-28T12:29:26.214190,"Improving Diversity, Inclusion, and Retention in BackinAction/AcuOA",2021,No,,11.5,,,No,No,,https://reporter.nih.gov/project-details/10400307,"LYNN L. DeBAR, ANDREA COOK",
HDP00746,3R44TR001326-03S1,live,,Automation and validation of human on a chip systems for drug discovery,2019,Yes,,7.7,,,No,No,Small Business Programs,https://reporter.nih.gov/project-details/9850738,"James J Hickman, MICHAEL L SHULER",
HDP00747,3UH3DA050189-03S1,live,,Using SMART Design to Identify an Effective and Cost-Beneficial Approach to Preventing OUD in Justice-Involved Youth,2022,Yes,NCT04901312,88.5,NAHDAP,,No,No,,https://reporter.nih.gov/project-details/10663762,"KYM R AHRENS, Kevin P Haggerty",10.60490/HDP00747
HDP00748,3R01DE029951-01S2,archived,2024-08-14T13:49:37.137055,Targeting Endosomal Receptors for Treatment of Chronic Pain,2022,No,,11.5,,,No,No,,https://reporter.nih.gov/project-details/10616927,"NIGEL W BUNNETT, Brian L Schmidt",
HDP00749,3R01DE029074-01A1S1,live,,Novel target identification for treatment of chronic overlapping pain using multimodal brain imaging,2022,No,,11.5,,,No,No,,https://reporter.nih.gov/project-details/10612148,"Ohannes Kevork Melemedjian, RICHARD J TRAUB",
HDP00750,3R01DE029187-01S3,live,,LIGHT and Lymphotoxin targeting for the treatment of chronic orofacial pain conditions,2021,Yes,,67.3,Database of Genotypes and Phenotypes (dbGaP),,No,No,,https://reporter.nih.gov/project-details/10335426,"ARMEN N AKOPIAN, Shivani B Ruparel, Alexei V Tumanov",10.60490/HDP00750
HDP00751,3UG1DA050072-02S3,live,,COVID-19 testing and prevention in correctional settings,2020,No,,11.5,,,No,No,,https://reporter.nih.gov/project-details/10231558,"Lauren  Brinkley-Rubinstein, ROSEMARIE A MARTIN, Emily Ai-hua Wang",
HDP00752,3UG3TR003081-01S1,live,,Drug-drug interactions for antivirals with opioids and Narcan in a 5- organ human-on-a-chip model,2020,Yes,,59.6,,,No,No,,https://reporter.nih.gov/project-details/10224388,"James J Hickman, MICHAEL L SHULER",10.60490/HDP00752
HDP00753,3R34DA050266-01S2,archived,2025-06-10T16:11:46.487851,"2/2 Optimizing access, engagement and assessment to elucidate prenatal influences on neurodevelopment: The Brains Begin Before Birth(B4 ) Midwest Consortium",2020,No,,11.5,,,No,No,,https://reporter.nih.gov/project-details/10148206,LAUREN S WAKSCHLAG,
HDP00754,3R01DE029187-01S1,live,,LIGHT and Lymphotoxin targeting for the treatment of chronic orofacial pain conditions,2020,Yes,,9.6,Database of Genotypes and Phenotypes (dbGaP),,No,No,,https://reporter.nih.gov/project-details/10221292,"ARMEN N AKOPIAN, Shivani B Ruparel, Alexei V Tumanov",
HDP00755,3UG1DA050072-02S1,archived,2024-10-29T14:09:31.248415,"Transitions Clinic Network:  Post Incarceration Addiction Treatment, Healthcare, and Social Support (TCN PATHS) study",2020,No,,11.5,,,No,No,,https://reporter.nih.gov/project-details/10163016,Emily Ai-hua Wang,
HDP00756,3R34DA050266-01S1,archived,2025-06-10T16:11:46.183200,"2/2 Optimizing access, engagement and assessment to elucidate prenatal influences on neurodevelopment: The Brains Begin Before Birth(B4 ) Midwest Consortium",2019,No,,11.5,,,No,No,,https://reporter.nih.gov/project-details/10021744,LAUREN S WAKSCHLAG,
HDP00757,3UG3DA048387-01A1S1,archived,2024-06-20T07:40:56.402483,Methocinnamox (MCAM): A novel -opioid receptor antagonist for opioid use disorders,2022,Yes,,7.7,,,No,No,,https://reporter.nih.gov/project-details/10477526,CHARLES P FRANCE,
HDP00758,3R34DA050256-01S2,archived,2024-08-06T11:25:09.501931,Using Remote Sensing Technology to Assess Parent-Infant Interactions as a Mechanism Linking COVID-related Stress and Infant Neurobehavioral Functioning,2021,No,,11.5,,,No,No,,https://reporter.nih.gov/project-details/10239919,Nancy L McElwain,
HDP00759,3UH3DA051241-03S1,archived,2024-11-26T15:17:23.313032,INTEGRATED TREATMENT FOR VETERANS WITH CO-OCCURRING CHRONIC PAIN AND OPIOID USE DISORDER,2021,Yes,,7.7,,,No,No,,https://reporter.nih.gov/project-details/10351460,"KEVIN E VOWLES, Katie A Witkiewitz",
HDP00760,3R34DA050256-01S1,archived,2025-05-23T14:03:58.954429,5/5 HEAL Consortium: Establishing Innovative Approaches  for the HEALthy Brain and Child Development Study,2019,No,,11.5,,,No,No,,https://reporter.nih.gov/project-details/10018234,Nancy L McElwain,
HDP00761,3R34DA046635-03S1,archived,2024-08-30T13:59:11.971089,Treatment of chronic low back pain with transcutaneous auricular vagus nerve stimulation,2021,No,,11.5,,,No,No,,https://reporter.nih.gov/project-details/10402124,JIAN  KONG,
HDP00762,3UG1DA049436-03S1,archived,2025-01-14T10:32:37.542865,Appalachian Node,2021,No,,11.5,,,No,No,,https://reporter.nih.gov/project-details/10331194,"JUDITH  FEINBERG, JANE M LIEBSCHUTZ",
HDP00763,3R44DA046151-01S1,live,,RAE Health I-Corps,2020,No,,11.5,,,No,No,,https://reporter.nih.gov/project-details/10045689,"STEPHANIE P CARREIRO, Premananda Pai Indic, Megan Rois Reinhardt",
HDP00764,3UG1DA049467-02S1,archived,2025-01-14T10:32:36.770229,Great Lakes Node of the Drug Abuse Clinical Trials Network,2020,Yes,,61.5,,,No,No,,https://reporter.nih.gov/project-details/10173503,"DAVID H GUSTAFSON, Niranjan  Karnik",10.60490/HDP00764
HDP00765,3R34DA046730-02S1,live,,Reducing Racial Disparities and Maternal Mortality Associated with Untreated Peripartum Substance Use and Mental Health Disorders,2020,No,,11.5,,,No,No,,https://reporter.nih.gov/project-details/10200501,CONSTANCE  GUILLE,
HDP00766,3R43NS112088-01A1S1,live,,"Supplement to Promote Diversity and Inclusion, Female Scientist",2020,No,,11.5,,,No,No,,https://reporter.nih.gov/project-details/10057248,"Fernando  Aleman Guillen, Ana Maria Moreno",
HDP00767,3UH3DA050235-03S2,live,,Development and Implementation of a Culturally Centered Opioid Prevention Intervention for American Indian/Alaska Native Young Adults in California,2021,Yes,NCT04617938,76.9,NAHDAP,,No,No,,https://reporter.nih.gov/project-details/10475980,"ELIZABETH J. D'AMICO, Daniel Lee Dickerson",10.60490/HDP00767
HDP00768,3R34DA050263-01S1,archived,2024-08-06T11:25:11.291664,2/3; Promoting resilience in children: Protocol Development for a Birth Cohort Study to Access Factors Impacting Neurodevelopment,2019,No,,11.5,,,No,No,,https://reporter.nih.gov/project-details/10019013,Pilar N. Ossorio,
HDP00769,3R34DA050340-01S1,archived,2025-05-23T14:03:59.426368,2/6 Planning for the HEALthy Early Development Study,2019,No,,11.5,,,No,No,,https://reporter.nih.gov/project-details/10015724,"Claire D Coles, Julie A Kable",
HDP00770,3S06GM123552-02S1,live,,Native Transformations Opiate Project,2018,No,,11.5,,,No,No,,https://reporter.nih.gov/project-details/9752598,STACY M RASMUS,
HDP00771,3OT2OD031940-01S1,archived,2026-03-02T13:13:53.810335,A Strategy for Heal Federated Data Ecosystem,2022,No,,11.5,,,No,No,,https://reporter.nih.gov/project-details/10556559,Stanley Carlton Ahalt,
HDP00772,3UH3DA047700-04S1,live,,Biased Mu-Opioid Receptor Analgesics to Prevent Overdose and Opioid Use Disorders,2022,No,,11.5,,,No,No,,https://reporter.nih.gov/project-details/10539940,"JAMES E. BARRETT, Lawrence C. Kuo",
HDP00773,3UG1DA049436-02S1,archived,2024-08-06T11:35:50.091459,Appalachian Node,2020,No,,11.5,,,No,No,,https://reporter.nih.gov/project-details/10152773,"JUDITH  FEINBERG, JANE M LIEBSCHUTZ",
HDP00774,3R34DA050342-01S2,archived,2025-05-23T14:03:59.885622,'1/6' Planning for HEALthy Early Development Study,2020,No,,11.5,,,No,No,,https://reporter.nih.gov/project-details/10171050,Lynn T Singer,
HDP00775,3R34DA050290-01S2,archived,2025-06-10T16:11:44.867326,4/7: Longitudinal Evaluation of the Impact of the COVID-19 Pandemic on High-risk New and Expectant Mothers,2020,No,,11.5,,,No,No,,https://reporter.nih.gov/project-details/10148378,"Elizabeth E Krans, BEATRIZ  LUNA, Ashok  Panigrahy",
HDP00776,3R34DA050290-01S1,archived,2025-06-10T16:11:43.316030,2/4: Investigation of Opioid Exposure and Neurodevelopment (iOPEN),2019,No,,11.5,,,No,No,,https://reporter.nih.gov/project-details/10019149,"Elizabeth E Krans, BEATRIZ  LUNA, Ashok  Panigrahy",
HDP00777,3R34DA050342-01S1,archived,2025-05-23T14:04:00.363890,'1/6' Planning for the HEALthy Early Development Study,2019,No,,11.5,,,No,No,,https://reporter.nih.gov/project-details/10020579,Lynn T Singer,
HDP00778,3R01DA044745-01A1S1,live,,Facilitating Sustainment Through Implementation Feedback: The SIC Coaching Model,2018,No,,11.5,,,No,No,,https://reporter.nih.gov/project-details/9750380,Lisa  Saldana,
HDP00779,3U01DA047713-03S1,live,,Alzheimer's disease pYGSK3 pathophysiology and PTPRD positive allosteric modulators,2021,No,,11.5,,,No,No,,https://reporter.nih.gov/project-details/10286886,George Richard Uhl,
HDP00780,3UG3DA048502-01A1S1,archived,2026-02-27T12:00:39.471430,Non-Invasive Vagal Nerve Stimulation in Patients with Opioid Use Disorders,2021,No,,11.5,,,No,No,,https://reporter.nih.gov/project-details/10402169,"James Douglas Bremner, Omer Tolga Inan",
HDP00781,3R34DA050299-01S2,archived,2024-08-06T11:24:58.100990,Florida Development in Early Childhood:  Adversity and Drug Exposure (FL-DECADE) Study,2020,No,,11.5,,,No,No,,https://reporter.nih.gov/project-details/10164974,"Kelly K. Gurka, Matthew James Gurka",
HDP00782,3R41NS115460-01S1,live,,Customer discovery for minimally invasive nerve block device to treat severe pain and reduce usage of opiates,2020,No,,11.5,,,No,No,,https://reporter.nih.gov/project-details/10086831,"STEPHEN L MELONI, Stephen  Popielarski",
HDP00783,3R43DA050384-01S1,live,,NarcoBond: Opioid Targeted Biomimetic Nanosponges for Treatment of Opioid Overdose,2020,No,,11.5,,,No,No,,https://reporter.nih.gov/project-details/10179237,Babak  Esmaeli-Azad,
HDP00784,3R34DA050255-01S2,archived,2024-08-06T11:25:07.740463,5/7: Longitudinal evaluation of the impact of the COVID-19 pandemic on high-risk new and expectant mothers,2020,No,,11.5,,,No,No,,https://reporter.nih.gov/project-details/10148572,"Wei  Gao, Kimberly D Gregory",
HDP00785,3R34DA050255-01S1,archived,2024-08-06T11:25:05.040374,Planning Phase for the Healthy Brain and Child Development Study (HEALthy BCD) in Los Angeles County Area,2019,No,,11.5,,,No,No,,https://reporter.nih.gov/project-details/10017557,"Wei  Gao, Kimberly D Gregory, SCOTT P JOHNSON, Charles F Simmons",
HDP00786,3R34DA050299-01S1,archived,2025-06-10T16:11:43.636179,Florida Development in Early Childhood: Adversity and Drug Exposure (FL-DECADE) Study,2019,No,,11.5,,,No,No,,https://reporter.nih.gov/project-details/10019836,Matthew James Gurka,
HDP00787,3R21DA045092-01A1S1,live,,Evaluating Cognitive and Developmental Risk Factors for Opioid Misuse Among Adolescent Cannabis Users,2019,No,,11.5,,,No,No,Preventing Opioid Use Disorder,https://reporter.nih.gov/project-details/9856898,Jason  Ramirez,
HDP00788,3R01DA043476-01A1S1,archived,2024-10-29T14:09:39.658947,Buprenorphine for probationers and parolees: Bridging the gap into treatment,2018,No,,11.5,,,No,No,Justice Community Opioid Innovation Network,https://reporter.nih.gov/project-details/9749374,Michael Scott Gordon,
HDP00789,3UG3DA050311-02S1,live,,Novel fentanyl derivatives as counteracting agents against fentanyl,2020,No,,11.5,,,No,No,,https://reporter.nih.gov/project-details/10175594,YAN  ZHANG,
HDP00790,3R41DA050386-01S1,live,,Prevention of renarcotization from synthetic opioids,2020,No,,11.5,,,No,No,,https://reporter.nih.gov/project-details/10072782,Saadyah  Averick,
HDP00791,3R61AT010799-01S1,archived,2026-01-23T16:04:31.773478,"Understanding the Impact of COVID-19 on Methadone Treatment Retention and Adherencein an Underserved, Minority Population with OUD",2020,Yes,,7.7,NAHDAP,,No,No,,https://reporter.nih.gov/project-details/10169836,Jessica F Magidson,
HDP00792,3R34DA050292-01S1,archived,2025-05-23T14:03:58.498918,HEALthy ORCHARD: Developing plans for a Baltimore site of the HEALthy BCD study,2019,No,,11.5,,,No,No,,https://reporter.nih.gov/project-details/10021754,M Daniele Fallin,
HDP00793,3OT2NS122680-01S1,archived,2023-12-06T11:02:55.631959,EPPIC-Net Pain Research - Application for Clinical Trial and Related Activities (OT2),2022,No,,11.5,,,No,No,,https://reporter.nih.gov/project-details/10507014,MAURIZIO  FAVA,
HDP00794,3UH3AR076729-02S2,archived,2024-03-25T13:24:14.444602,An automated AI/ML platform for multi-researcher collaborations for a NIH BACPAC funded Spine Phenome Project,2022,No,,11.5,,,No,No,,https://reporter.nih.gov/project-details/10594295,"Safdar N. Khan, William Steven Marras, Tristan E. Weaver",
HDP00795,3U24AT010961-01S1,archived,2024-04-05T10:37:55.129525,HEAL Collaboratory Resource Coordinating Center (PRISM) (U24): Bioethics Supplement,2021,No,,11.5,,,No,No,,https://reporter.nih.gov/project-details/10364578,"LESLEY H CURTIS, Adrian  Hernandez, Kevin P Weinfurt",
HDP00796,3U18EB029251-01S1,live,,The Injectrode - A Truly Injectable Electrode for Dorsal Root Ganglion Stimulation to Treat Pain,2021,No,,11.5,,,No,No,,https://reporter.nih.gov/project-details/10286333,"Kip A Ludwig, Douglas J Weber",
HDP00797,3R43DA051279-01S1,live,,Project Motivate: A digital motivation and prediction platform to improve treatment retention and reduce relapse in opioid use disorder,2021,No,,11.5,,,No,No,,https://reporter.nih.gov/project-details/10339079,Jeremy  Guttman,
HDP00798,3UH3DA048353-03S1,live,,Opioid use disorders: UF Pharmacy medications discovery and development,2021,No,,11.5,,,No,No,,https://reporter.nih.gov/project-details/10403754,"Christopher R McCurdy, Lance R McMahon",
HDP00799,3U44NS115111-02S1,live,,"High-Resolution, Spinal Cord Stimulation for Non-Opioid Treatment of Neuropathic Pain",2020,Yes,,7.7,Mendeley Data,,No,No,,https://reporter.nih.gov/project-details/10148074,Bryan L McLaughlin,
HDP00800,3RM1DA055310-01S1,archived,2025-04-28T12:16:45.829447,HEAL Initiative: Integrative Management of chronic Pain and OUD for Whole Recovery (IMPOWR): Research Centers,2022,Yes,,7.7,,,No,No,,https://reporter.nih.gov/project-details/10652027,"WILLIAM C BECKER, Declan T. Barry, David  Fiellin",
HDP00801,3UH3AT010621-03S1,archived,2025-01-28T12:29:25.611494,Diversity Supplement for Group-based mindfulness for patients with chronic pain in the primary care setting,2021,No,,11.5,,,No,No,,https://reporter.nih.gov/project-details/10442798,Natalia E. Morone,
HDP00802,3UG1DA049468-03S1,archived,2025-01-07T13:03:10.469248,"New Mexico Clinical Trials Node: Clinical research and practice to address substance use in diverse, rural and underserved populations",2021,No,,11.5,,,No,No,,https://reporter.nih.gov/project-details/10336027,Kimberly  Page,
HDP00803,3R34DA050272-01S2,archived,2024-08-06T11:25:01.332157,3/7: Longitudinal Evaluation of the Impact of the COVID-19 Pandemic on High-Risk New and Expectant Mothers,2020,No,,11.5,,,No,No,,https://reporter.nih.gov/project-details/10148091,"CYNTHIA Elise ROGERS, Christopher Daniel Smyser",
HDP00804,3R34DA050272-01S1,archived,2025-06-10T16:11:44.264021,"1/2 - Optimizing access, engagement and assessment to elucidate prenatal influences on neurodevelopment: The Brains Begin Before Birth (B4) Midwest Consortium",2019,No,,11.5,,,No,No,,https://reporter.nih.gov/project-details/10020547,"CYNTHIA Elise ROGERS, Christopher Daniel Smyser",
HDP00805,3R34DA050297-01S1,archived,2025-06-10T16:11:44.575563,"A feasibility study of novel technologies to minimize motion-induced biases in functional and structural MRI of young, opioid-affected cohorts",2019,No,,11.5,,,No,No,,https://reporter.nih.gov/project-details/10020594,"Allyson Patricia Mackey, Matthew Dylan Tisdall",
HDP00806,3R34DA050285-01S1,archived,2025-05-23T14:04:04.771751,3/5 The Cumulative Risk of Substance Exposure and Early Life Adversity on Child Health Development and Outcomes,2019,No,,11.5,,,No,No,,https://reporter.nih.gov/project-details/10017414,Nathan A Fox,
HDP00807,3UG3DA050325-02S2,live,,Use of a GLP-1 Agonist to Treat Opioid Use Disorder in Rats and Man,2021,No,,11.5,,,No,No,,https://reporter.nih.gov/project-details/10419922,"SCOTT C BUNCE, Patricia Sue Grigson",
HDP00808,3R34DA050289-01S3,archived,2025-06-10T16:11:46.787836,4/5 The Cumulative Risk of Substance Exposure and Early Life Adversity on Child Health Development and Outcomes (Administrative Supplement),2021,No,,11.5,,,No,No,,https://reporter.nih.gov/project-details/10373461,CHARLES Alexander NELSON,
HDP00809,3R34DA050283-01S2,archived,2024-08-06T11:25:14.450567,6/7: Longitudinal evaluation of the impact of the COVID-19 pandemic on high-risk new and expectant mothers,2020,No,,11.5,,,No,No,,https://reporter.nih.gov/project-details/10149450,"Leigh-Anne  Cioffredi, ALEXANDRA S POTTER",
HDP00810,3R34DA050289-01S2,archived,2025-06-10T16:11:45.258656,4/5 The Cumulative Risk of Substance Exposure and Early Life Adversity on Child Health Development and Outcomes,2020,No,,11.5,,,No,No,,https://reporter.nih.gov/project-details/10170530,CHARLES Alexander NELSON,
HDP00811,3UG1DA049468-02S1,archived,2025-01-07T13:03:10.106141,"New Mexico Clinical Trials Node:  Clinical research and practice to address substance use in diverse, rural and underserved populations",2020,No,,11.5,,,No,No,,https://reporter.nih.gov/project-details/10175561,Kimberly  Page,
HDP00812,3U2COD023375-04S1,archived,2024-11-04T13:39:28.323620,Project-002,2019,No,,11.5,,,No,No,,https://reporter.nih.gov/project-details/10015866,"DANIEL K. BENJAMIN, Laura Kristin NEWBY, Phillip Brian Smith",
HDP00813,3R34DA050283-01S1,archived,2025-05-23T14:04:05.230413,"3 of 4, Investigation of opioid exposure and neurodevelopment (iOPEN)",2019,No,,11.5,,,No,No,,https://reporter.nih.gov/project-details/10020453,"HUGH P. GARAVAN, Sarah H Heil, ALEXANDRA S POTTER",
HDP00814,3R34DA050289-01S1,archived,2025-06-10T16:11:43.003319,4/5 The Cumulative Risk of Substance Exposure and Early Life Adversity on Child Health Development and Outcomes,2019,No,,11.5,,,No,No,,https://reporter.nih.gov/project-details/10018973,CHARLES Alexander NELSON,
HDP00815,3R34DA050343-01S2,archived,2024-08-06T11:25:00.428737,Understanding the effects of COVID-19 on maternal substance use,2020,No,,11.5,,,No,No,,https://reporter.nih.gov/project-details/10144277,"Julie May Croff, AMANDA S MORRIS",
HDP00816,3R34DA050268-01S2,archived,2024-08-06T11:25:09.059980,4/5 HEAL Consortium: Establishing Innovative Approaches for the HEALthy Brain and Child Development Study,2020,No,,11.5,,,No,No,,https://reporter.nih.gov/project-details/10217747,"STEPHANIE L MERHAR, JENNIFER J. VANNEST",
HDP00817,3UG1DA050066-02S1,archived,2024-10-29T14:09:38.039866,Community network driven COVID-19 testing of vulnerable populations in the Central US,2020,No,,11.5,,,No,No,,https://reporter.nih.gov/project-details/10233551,"HAROLD Alexander POLLACK, Mai Tuyet Pho, John  Schneider",
HDP00818,3UG1DA049435-02S1,archived,2025-01-07T13:03:07.453008,Greater Southern California Node of the Clinical Trials Network,2020,No,,11.5,,,No,No,,https://reporter.nih.gov/project-details/10173176,"YIH-ING  HSER, Larissa Jeanette Mooney",
HDP00819,3R34DA050343-01S1,archived,2025-05-23T14:04:00.801427,3/6 Planning for the HEALthy Early Development Study,2019,No,,11.5,,,No,No,,https://reporter.nih.gov/project-details/10016736,"Julie May Croff, AMANDA S MORRIS",
HDP00820,3R34DA050258-01S1,archived,2024-08-06T11:25:05.512740,3/3; Promoting resilience in children:Protocol Development for a Birth Cohort Study to Access Factors Impacting Neurodevelopment,2019,No,,11.5,,,No,No,,https://reporter.nih.gov/project-details/10013563,ANDREW L ALEXANDER,
HDP00821,3R34DA050268-01S1,archived,2025-05-23T14:04:01.251001,4/5 HEAL Consortium: Establishing Innovative Approaches  for the HEALthy Brain and Child Development Study,2019,No,,11.5,,,No,No,,https://reporter.nih.gov/project-details/10020661,"STEPHANIE L MERHAR, JENNIFER J. VANNEST",
HDP00822,3R33DA056230-02S1,live,,The Youth Opioid Recovery Support (YORS) Intervention: An assertive community treatment model for improving medication adherence in young adults with opioid use disorder,2022,Yes,NCT04173416,38.5,NAHDAP,,No,No,,https://reporter.nih.gov/project-details/10594594,"MARC  FISHMAN, Christopher J. Hammond",
HDP00823,3R01DE029202-01S4,archived,2024-09-17T12:11:15.248358,Validation of blocking TSP4/Cava2d1 interaction as a new target for neuropathic pain,2022,No,,11.5,,,No,No,Training the Next Generation of Researchers in HEAL,https://reporter.nih.gov/project-details/10670457,ZHIGANG David LUO,
HDP00824,3R01DE029202-01S3,archived,2024-09-17T12:11:15.610477,Validation of blocking TSP4/Cava2d1 interaction as a new target for neuropathic pain,2022,No,,11.5,,,No,No,,https://reporter.nih.gov/project-details/10499934,ZHIGANG David LUO,
HDP00825,3R33AT010125-03S2,live,,Effect of Mindfulness Training on Opioid Use and Anxiety During Primary Care Buprenorphine Treatment,2022,Yes,NCT04278586,88.5,Vivli,https://doi.org/10.25934/PR00009785,Yes,No,,https://reporter.nih.gov/project-details/10636734,Zev David Schuman Olivier,10.60490/HDP00825
HDP00826,3R01DE029202-01S1,archived,2024-09-17T12:11:16.268732,Validation of blocking TSP4/Cava2d1 interaction as a new target for neuropathic pain,2021,No,,11.5,,,No,No,,https://reporter.nih.gov/project-details/10452913,ZHIGANG David LUO,
HDP00827,3R34DA050262-01S2,archived,2024-08-06T11:25:14.013161,"1/5, HEAL Consortium:  Establishing Innovative Approaches for the HEALthy Brain and Child Development Study",2020,No,,11.5,,,No,No,,https://reporter.nih.gov/project-details/10214951,"Karen M Grewen, Weili  Lin",
HDP00828,3R33AT010125-03S1,archived,2023-09-25T13:06:11.489489,Remotely-Delivered Programs Targeting COVID-19 Stress-Related Depression and Substance Use,2020,No,,11.5,,,No,No,,https://reporter.nih.gov/project-details/10200231,"Carl  Fulwiler, Zev David Schuman Olivier",
HDP00829,3R34DA050262-01S1,archived,2025-05-23T14:04:01.688358,"1/5, HEAL Consortium: Establishing Innovative Approaches for the HEALthy Brain and Child Development Study",2019,No,,11.5,,,No,No,,https://reporter.nih.gov/project-details/10018225,"JOHN Horace GILMORE, Karen M Grewen, Hendree E Jones, Weili  Lin",
HDP00830,3U19AR076734-01S5,archived,2024-07-05T13:43:07.200453,University of Michigan BACPAC Mechanistic Research Center,2022,No,,11.5,,,No,No,Training the Next Generation of Researchers in HEAL,https://reporter.nih.gov/project-details/10650650,"Daniel J Clauw, Afton L Hassett",
HDP00831,3U19AR076734-01S5,archived,2024-07-05T13:43:01.767238,Administrative Core,2022,No,,11.5,,,No,No,,https://reporter.nih.gov/project-details/10690167,Daniel J Clauw,
HDP00832,3U01HL150568-01S1,live,,"Effects of experimental sleep disruption and fragmentation on cerebral Mu-opioid receptor function, Mu-opioid receptor agonist analgesia, and abuse liability.",2021,No,,11.5,,,No,No,,https://reporter.nih.gov/project-details/10267445,Michael T Smith,
HDP00833,3UG1DA049435-03S1,archived,2025-01-07T13:03:09.685290,Greater Southern California Node of the Clinical Trials Network,2021,No,,11.5,,,No,No,,https://reporter.nih.gov/project-details/10336684,"YIH-ING  HSER, Larissa Jeanette Mooney",
HDP00834,3U2CDA050097-02S1,archived,2024-10-29T14:09:42.877551,JCOIN Coordination and Translation Center,2021,Yes,,78.8,JCOIN,,No,No,,https://reporter.nih.gov/project-details/10403058,"Warren J. Ferguson, Todd David Molfenter, Danielle  Rudes, Faye S Taxman",10.60490/HDP00834
HDP00835,3R43DA050397-01S1,archived,2024-10-16T14:04:13.910192,Development of cannabinoid-opioid combination with opioid sparing and synergistic analgesic effects to prevent opioid use disorder and overdose.,2020,No,,11.5,,,No,No,,https://reporter.nih.gov/project-details/10118287,Marisa  Briones,
HDP00836,3R34DA050288-01S2,archived,2025-06-10T16:11:45.598322,2/5 The Cumulative Risk of Substance Exposure and Early Life Adversity on Child Health Development and Outcomes,2020,No,,11.5,,,No,No,,https://reporter.nih.gov/project-details/10199299,Amy J Elliott,
HDP00837,3R34DA050341-01S3,archived,2025-05-23T14:04:02.159612,4/6 Planning for the HEALthy Early Development Study,2020,No,,11.5,,,No,No,,https://reporter.nih.gov/project-details/10130863,CHRISTINA  CHAMBERS,
HDP00838,3R34DA050261-01S2,archived,2024-08-06T11:24:55.294722,3/5 HEAL Consortium:  Establishing Innovative Approaches for the HEALthy Brain and Child Development Study,2020,No,,11.5,,,No,No,,https://reporter.nih.gov/project-details/10214765,"ASHLEY  ACHESON, Xiawei  Ou",
HDP00839,3R34DA050254-01S2,archived,2024-08-06T11:25:01.853768,Biological and Environmental Contributions to Healthy Baby Development in Diverse Population,2020,No,,11.5,,,No,No,,https://reporter.nih.gov/project-details/10223795,PAT  LEVITT,
HDP00840,3R34DA050341-01S2,archived,2025-05-23T14:04:02.602654,4/6 Planning for the HEALthy Early Development Study,2020,No,,11.5,,,No,No,,https://reporter.nih.gov/project-details/10166516,CHRISTINA  CHAMBERS,
HDP00841,3R34DA050288-01S1,archived,2025-05-23T14:04:05.657728,2/5 The Cumulative Risk of Substance Exposure and Early Life Adversity on Child Health Development and Outcomes,2019,No,,11.5,,,No,No,,https://reporter.nih.gov/project-details/10017367,Amy J Elliott,
HDP00842,3R34DA050270-01S1,archived,2024-08-06T11:24:57.132387,1/3 Promoting Resilience in Children: Protocol Development for a Birth Cohort Study To Assess Factors Impacting Neurodevelopment,2019,No,,11.5,,,No,No,,https://reporter.nih.gov/project-details/10021745,"Ellen  Goldstein, Aleksandra Ewa Zgierska",
HDP00843,3R34DA050261-01S1,archived,2025-05-23T14:04:03.038213,3/5 HEAL Consortium: Establishing Innovative Approaches  for the HEALthy Brain and Child Development Study,2019,No,,11.5,,,No,No,,https://reporter.nih.gov/project-details/10007991,"ASHLEY  ACHESON, Xiawei  Ou",
HDP00844,3R34DA050254-01S1,archived,2025-05-23T14:04:06.085413,Biological and Environmental Contributions to Healthy Baby Development in Diverse Population,2019,No,,11.5,,,No,No,,https://reporter.nih.gov/project-details/10018175,PAT  LEVITT,
HDP00845,3R34DA050341-01S1,archived,2025-05-23T14:04:03.459916,4/6 Planning for the HEALthy Early Development Study,2019,No,,11.5,,,No,No,,https://reporter.nih.gov/project-details/10015572,CHRISTINA  CHAMBERS,
HDP00846,3UF1MH121954-01S2,archived,2025-10-09T13:38:03.272758,Improving Access and Treatment for Co-occurring Opioid Use Disorders and Mental Illness - Recruitment Extension,2022,No,,11.5,,,No,No,,https://reporter.nih.gov/project-details/10638816,"Miriam  Komaromy, Katherine E Watkins",
HDP00847,3UF1MH121954-01S3,archived,2025-10-09T13:38:03.795063,Improving Access and Treatment for Co-occurring Opioid Use Disorders and Mental Illness,2022,No,,11.5,,,No,No,,https://reporter.nih.gov/project-details/10694361,"Miriam  Komaromy, Katherine E Watkins",
HDP00848,3UG1DA050071-02S1,archived,2024-10-29T14:09:40.434420,Leveraging Social Networks to Increase COVID-19 Testing Uptake: A Comparison of Credible Messenger and Chain Referral Recruitment Approaches,2021,No,,11.5,,,No,No,,https://reporter.nih.gov/project-details/10258730,KATHERINE S ELKINGTON,
HDP00849,3U24NS113844-01S1,archived,2024-03-19T08:20:17.485786,EPPIC-NET DCC - Revision,2020,No,,11.5,,,No,No,,https://reporter.nih.gov/project-details/10162224,"Eva  Petkova, Andrea B Troxel",
HDP00850,3U01HL150596-01S1,archived,2024-05-30T08:46:18.949697,The Collaboration Linking Opioid Use Disorder and Sleep ('CLOUDS') Study,2020,No,,11.5,,,No,No,,https://reporter.nih.gov/project-details/10177515,"Declan T. Barry, Nancy S Redeker, Dustin  Scheinost, Henry Klar Yaggi",
HDP00851,3R01HL150432-01S1,live,,Cell-type specific role of circadian-dependent transcription in fentanyl-induced synaptic and behavioral plasticity - Supplement,2020,No,,11.5,,,No,No,,https://reporter.nih.gov/project-details/10120176,Ryan W Logan,
HDP00852,3UM1DA049394-01S3,archived,2024-03-07T10:45:44.888987,HEALing Communities Study Data Coordinating Center,2022,No,,11.5,,,No,No,,https://reporter.nih.gov/project-details/10559162,"LaShawn  Glasgow, Emmanuel Aja Oga, GARY A ZARKIN",
HDP00853,3UM1DA049394-01S5,archived,2024-03-07T10:45:46.802463,HEALing Communities Study Data Coordinating Center,2022,No,,11.5,,,No,No,,https://reporter.nih.gov/project-details/10675900,"LaShawn  Glasgow, Emmanuel Aja Oga, GARY A ZARKIN",
HDP00855,3UM1DA049394-01S2,archived,2024-05-03T16:10:14.464291,HEALing Communities Study Data Coordinating Center,2022,Yes,,7.7,,,No,No,,https://reporter.nih.gov/project-details/10558270,"LaShawn  Glasgow, Emmanuel Aja Oga, GARY A ZARKIN",
HDP00856,3R34DA050291-01S3,archived,2024-08-06T11:25:02.341639,1/4 Investigation of opioid exposure and neurodevelopment (iOPEN),2021,No,,11.5,,,No,No,,https://reporter.nih.gov/project-details/10329053,"Damien A Fair, Alice M Graham",
HDP00857,3UM1DA049412-03S1,archived,2024-05-03T16:10:16.206173,MassHEAL - Reducing overdose deaths by 40% (2019-2023),2021,No,,11.5,,,No,No,,https://reporter.nih.gov/project-details/10400445,JEFFREY H. SAMET,
HDP00858,3R44DA047866-01S1,live,,Neonatal Opioid Screening Using Aptamers and Compensated Interferometry,2020,No,,11.5,,,No,No,,https://reporter.nih.gov/project-details/10067688,George W Jackson,
HDP00859,3R34DA050291-01S2,archived,2024-08-06T11:24:55.747822,2/7: Longitudinal evaluation of the impact of the COVID-19 pandemic on high-risk new and expectant mothers,2020,No,,11.5,,,No,No,,https://reporter.nih.gov/project-details/10149170,"Damien A Fair, Alice M Graham",
HDP00860,3U10HD036801-22S1,archived,2024-10-24T13:59:36.873935,Data Coord Ctr-NICHD Cooperative Multicenter Maternal Medicine Units Research Net,2020,No,,11.5,,,No,No,,https://reporter.nih.gov/project-details/10261684,Rebecca Gersnoviez Clifton,
HDP00861,3R34DA050291-01S1,archived,2025-05-23T14:04:06.547328,1/4 Investigation of opioid exposure and neurodevelopment (iOPEN),2019,No,,11.5,,,No,No,,https://reporter.nih.gov/project-details/10017371,"Damien A Fair, Alice M Graham",
HDP00862,3UG1DA049467-03S1,archived,2025-01-14T10:32:37.913503,Great Lakes Node of the Drug Abuse Clinical Trials Network,2021,No,,11.5,,,No,No,,https://reporter.nih.gov/project-details/10335544,Niranjan  Karnik,
HDP00863,3R01NS120663-01A1S1,live,,"Sentrin proteases, CRMP2 deSUMOylation, and Chronic Pain",2021,Yes,,7.7,,,No,No,,https://reporter.nih.gov/project-details/10253377,Rajesh  Khanna,
HDP00864,3R01NS120663-01A1S2,live,,CRMP2 Phosphorylation: A Novel Target for Alzheimer's Disease?,2021,No,,11.5,,,No,No,,https://reporter.nih.gov/project-details/10282421,Rajesh  Khanna,
HDP00865,3UH3HD102038-02S1,archived,2026-03-19T13:16:40.208224,Prevalence and predictors of opioid misuse after adolescent spinal fusion surgery,2020,Yes,,42.3,NICHD DASH,,No,No,,https://reporter.nih.gov/project-details/10264717,"Tonya M Palermo, Jennifer  Rabbitts",
HDP00866,3U2CDA050097-01S1,archived,2024-10-29T14:09:37.254335,JCOIN Coordination and Translation Center,2019,No,,11.5,,,No,No,,https://reporter.nih.gov/project-details/10000668,"Edmund  McGarrell, Danielle  Rudes, Faye S Taxman",
HDP00867,3U01DK123786-01S1,archived,2025-06-24T12:34:53.782120,Randomized ESRD Trial COmparing CBT alone VERsus with buprenorphine (RECOVER),2022,No,,11.5,,,No,No,"Increasing Participant Diversity, Inclusion, and Engagement in HEAL Research",https://reporter.nih.gov/project-details/10614763,"Daniel  Cukor, RAJNISH  MEHROTRA, Mark Lynn Unruh",
HDP00868,3U24NS115691-01S1,archived,2023-12-06T11:02:58.476784,UPENN HEAL - Pain Clinical Trial Network Specialized Clinical Center,2020,No,,11.5,,,No,No,Early Phase Pain Investigation Clinical Network (EPPIC-Net),https://reporter.nih.gov/project-details/10108813,"Michael Alan Ashburn, JOHN T FARRAR",
HDP00869,3R34DA050237-01S1,archived,2025-05-23T14:04:03.858940,6/6 Planning for the HEALthy Early Development Study,2019,No,,11.5,,,No,No,,https://reporter.nih.gov/project-details/10015394,"Ludmila Nicole Bakhireva, LAWRENCE M LEEMAN, JULIA MARIE STEPHEN",
HDP00870,3UG1DA050066-03S1,archived,2024-10-29T14:09:35.976527,Community network driven COVID-19 testing of vulnerable populations in the Central US,2022,No,,11.5,,,No,No,,https://reporter.nih.gov/project-details/10274013,"HAROLD Alexander POLLACK, Mai Tuyet Pho, John  Schneider",
HDP00871,3R34DA050287-01S3,archived,2025-06-10T16:11:45.899582,4:4 Investigation of opioid exposure and neurodevelopment (iOPEN),2021,No,,11.5,,,No,No,,https://reporter.nih.gov/project-details/10321798,"Veerle  Bergink, Moriah E Thomason",
HDP00872,3R44NS113749-01S1,live,,Micronized salsalate in a parenteral formulation is a safe and effective analgesic for acute postoperative pain management,2020,No,,11.5,,,No,No,,https://reporter.nih.gov/project-details/10048402,Joel Steven Ross,
HDP00873,3U01DA047713-02S1,live,,PTPRD ligands for stimulant and opiate use disorders,2020,No,,11.5,,,No,No,,https://reporter.nih.gov/project-details/10120215,George Richard Uhl,
HDP00874,3R44TR001326-04S1,live,,Automation and validation of human on a chip systems for drug discovery,2020,Yes,,5.8,,,No,No,,https://reporter.nih.gov/project-details/10065712,"James J Hickman, MICHAEL L SHULER",
HDP00875,3R34DA050287-01S2,archived,2024-08-06T11:25:08.600447,1/7: Longitudinal evaluation of the impact of the COVID-19 pandemic on high-risk new and expectant mothers,2020,No,,11.5,,,No,No,,https://reporter.nih.gov/project-details/10148416,"Veerle  Bergink, Moriah E Thomason",
HDP00876,3R34DA050287-01S1,archived,2025-06-10T16:11:43.935122,4:4 Investigation of opioid exposure and neurodevelopment (iOPEN),2019,No,,11.5,,,No,No,,https://reporter.nih.gov/project-details/10020516,"Veerle  Bergink, Moriah E Thomason",
HDP00877,3R34DA050267-01S1,archived,2025-05-23T14:04:04.320546,2/5 HEAL Consortium: Establishing Innovative Approaches for the HEALthy Brain and Child Development Study,2019,No,,11.5,,,No,No,,https://reporter.nih.gov/project-details/10020476,Phillip Brian Smith,
HDP00878,3UG1DA050072-03S1,archived,2024-10-29T14:09:32.539766,"Transitions Clinic Network: Post Incarceration Addiction Treatment, Healthcare, and Social Support (TCN PATHS) study",2021,No,,11.5,,,No,No,,https://reporter.nih.gov/project-details/10383447,Emily Ai-hua Wang,
HDP00879,3UG3DA050317-01S1,live,,Targeting the Ghrelin System for Novel Opioid Use Disorder Therapeutics,2020,No,,11.5,,,No,No,,https://reporter.nih.gov/project-details/10168769,Kathryn A. Cunningham,
HDP00880,3R34DA050286-01S1,archived,2025-05-23T14:04:06.994104,THE CUMULATIVE RISK OF SUBSTANCE EXPOSURE AND EARLY LIFE ADVERSITY ON CHILD HEALTH DEVELOPMENT AND OUTCOMES,2019,No,,11.5,,,No,No,,https://reporter.nih.gov/project-details/10015531,James  Blair,
HDP00881,271201700034C-P00012-9999-2,live,,"IGF::OT::IGF : OPTION (NINDS)PURITY SPECIFICATIONS, STORAGE AND DISTRIBUTION FOR MEDICATIONS DEVELOPMENT. JULY 9, 2017 - JULY 8, 2019.  N01DA-17-8934PURPOSE:   TO EXERCISE OPTION PERIOD 01, QUANTITY",2021,No,,11.5,,,No,No,,https://reporter.nih.gov/project-details/10434632,BRIAN  THOMAS,
HDP00882,75N95020P00589-P00001-0-1,live,,MEDICAL WRITING CONSULTING AND DRUG DOSSIER DEVELOPMENT SUPPORT SERVICES,2021,No,,11.5,,,No,No,,https://reporter.nih.gov/project-details/10428343,CAROLINE  SIGMAN,
HDP00883,75N95019D00026-P00003-759501900088-1,live,,SCREENING OF INVESTIGATIONAL AGENTS THROUGH THE NINDS PRECLINICAL SCREENING PLATFORM FOR PAIN (PSPP),2021,No,,11.5,,,No,No,,https://reporter.nih.gov/project-details/10488140,EMER  LEAHY,
HDP00884,271201600006I-P00003-759501900092-1,live,,SRI INTERNATIONAL:1110101 [19-010371],2021,No,,11.5,,,No,No,,https://reporter.nih.gov/project-details/10490956,MAGGIE  BAXTER,
HDP00885,271201800003A-P00008-0-1,live,,IGF::OT::IGF - PAUL C. ANDERSON MEDICINAL CHEMISTRY CONSULTANT SUPPORT SERVICES,2021,No,,11.5,,,No,No,,https://reporter.nih.gov/project-details/10329705,PAUL C  ANDERSON,
HDP00886,271201700006C-P00008-9999-1,live,,NINDS BPN DMPK Consulting - Jiunn Lin IGF::CL::IGF,2021,No,,11.5,,,No,No,,https://reporter.nih.gov/project-details/10329804,JIUNN  LIN,
HDP00887,1R61DA057660-01,live,,Fatal Overdose Review Teams - Research to Enhance Surveillance Systems (FORTRESS),2022,Yes,,75.0,NAHDAP,,Yes,No,Translating Data 2 Action to Prevent Overdose,https://reporter.nih.gov/project-details/10590303,"Matthew  Aalsma, Bradley  Ray, Khairi  Reda",10.60490/HDP00887
HDP00888,1DP2NS130454-01,live,,Using mouse pain scales to discover unusual pain sensitivity and new pain targets,2022,Yes,,7.7,Dryad,,No,No,Training the Next Generation of Researchers in HEAL,https://reporter.nih.gov/project-details/10581160,Ishmail John Abdus-Saboor,
HDP00889,3R24DA055306-01S1,archived,2024-07-30T07:02:58.595570,Wake Forest IMPOWR Dissemination Education and Coordination Center (IDEA-CC),2022,Yes,,5.8,,,No,No,Leveraging Existing and Real-Time Opioid and Pain Management Data,https://reporter.nih.gov/project-details/10601172,MEREDITH C. B. ADAMS,
HDP00890,1UC2AR082195-01,live,,Comprehensive functional phenotyping of trigeminal neurons innervating temporomandibular joint (TMJ) tissues in male female and aged mice primates and humans with and without TMJ disorders (TMJD),2022,Yes,,76.9,"Database of Genotypes and Phenotypes (dbGaP), SPARC",,Yes,Yes,Restoring Joint Health and Function to Reduce Pain (RE-JOIN),https://reporter.nih.gov/project-details/10608279,"ARMEN N AKOPIAN, Mario Danilo Boada, Malin  Ernberg, LINDSEY J MACPHERSON",10.60490/HDP00890
HDP00891,1R01DK134989-01,live,,Signal integration by specialized mesenchyme in urothelial homeostasis and Interstitial Cystitis / Bladder Pain Syndrome,2022,No,,11.5,,,No,No,Discovery and Validation of Novel Targets for Safe and Effective Treatment of Pain,https://reporter.nih.gov/project-details/10583133,PHILIP A BEACHY,
HDP00892,1R43DA056275-01,live,,Digital Peer Support for Opioid Use Disorders: Scaling Chat Support Groups to meet Community Needs,2022,No,,11.5,,,No,No,,https://reporter.nih.gov/project-details/10485580,Satya Prateek  Bommaraju,
HDP00893,1R61CA280978-01,live,,Culturally adapted mobile treatment of chronic pain in adolescent survivors of pediatric bone sarcoma,2022,Yes,,80.8,Zenodo,https://zenodo.org/records/17279347,Yes,Yes,Advancing Health Equity in Pain Management,https://reporter.nih.gov/project-details/10595896,Tara M Brinkman,10.60490/HDP00893
HDP00894,3UM1NS118922-03S2,live,,Transition from Acute to Chronic Pain After Thoracic Surgery,2022,No,,11.5,,,Yes,Yes,"Increasing Participant Diversity, Inclusion, and Engagement in HEAL Research",https://reporter.nih.gov/project-details/10614222,"Chad M Brummett, Andrew Ching-hung Chang, Daniel J Clauw, Jennifer Filip Waljee",
HDP00895,1R61AT012187-01,live,,Total-body PET for assessing myofascial pain,2022,Yes,NCT05876858,76.9,Dryad,https://doi.org/10.5061/dryad.x3ffbg7zw,Yes,Yes,Discovery and Validation of Novel Targets for Safe and Effective Treatment of Pain,https://reporter.nih.gov/project-details/10571508,"Abhijit J Chaudhari, Lorenzo  Nardo",10.60490/HDP00895
HDP00896,1R01DA057631-01,live,,Motivational Interviewing and Mindfulness-Oriented Recovery Enhancement for Tobacco Dependence and Other Drug use in Methadone Treatment,2022,Yes,,84.6,,,No,No,Improving Delivery of Healthcare Services for Polysubstance Use,https://reporter.nih.gov/project-details/10589481,"Nina  Cooperman, Eric Lee Garland",10.60490/n9kv-nd91
HDP00897,3UG1DA015831-21S3,archived,2024-08-06T11:36:19.384303,National Institute on Drug Abuse Clinical Trial Network: New England Consortium Node,2022,No,,11.5,NIDA Data Share,,No,No,Training the Next Generation of Researchers in HEAL,https://reporter.nih.gov/project-details/10573954,"Gail  D'Onofrio, Roger D. Weiss",
HDP00898,1R61NS127287-01,live,,Initial Development of AEG-1 inactivation as a possible strategy for pain treatment,2022,Yes,,67.3,Mouse Phenome Database (MPD),,No,No,Development and Optimization of Non-Addictive Therapies to Treat Pain,https://reporter.nih.gov/project-details/10454012,"M. Imad  Damaj, DEVANAND  SARKAR",10.60490/HDP00898
HDP00899,1R34DA057639-01,archived,2024-11-04T15:16:08.683428,"Leveraging Parents and Peer Recovery Supports to Increase Recovery Capital in Emerging Adults with Polysubstance Use: Feasibility, Acceptability, and Scaling Up of Launch",2022,No,,11.5,,,No,No,Improving Delivery of Healthcare Services for Polysubstance Use,https://reporter.nih.gov/project-details/10590541,Tess K. Drazdowski,
HDP00900,1R21NS130417-01,live,,The role of a lysosomal mechano-sensitive ion channel in pain,2022,Yes,,7.7,,,No,No,Discovery and Validation of Novel Targets for Safe and Effective Treatment of Pain,https://reporter.nih.gov/project-details/10580905,"JILL C FEHRENBACHER, Patrick L Sheets",
HDP00901,1R01DA057673-01,live,,The short and long-term dynamics of opioid/stimulant use: Mixed methods to informoverdose prevention and treatment related to polysubstance use,2022,Yes,,7.7,ICPSR,,No,No,Improving Delivery of Healthcare Services for Polysubstance Use,https://reporter.nih.gov/project-details/10590209,"DANIELLE  GERMAN, Becky Lynn Genberg",
HDP00902,1U19NS130607-01,live,,INTERCEPT: Integrated Research Center for human Pain Tissues,2022,Yes,,76.9,"Gene Expression Omnibus (GEO), Mendeley Data, SPARC",", https://sparc.science/about/projects/3D8FmUdpnJ5UU5ZwozDVmJ, https://doi.org/10.26275/oqxx-si9h, https://doi.org/10.17632/tmp5ry5sz8, https://doi.org/10.26275/sojr-qhvm, https://www.ncbi.nlm.nih.gov/geo/query/acc.cgi?acc=GSE236109",Yes,Yes,Discovery and Validation of Novel Targets for Safe and Effective Treatment of Pain,https://reporter.nih.gov/project-details/10593843,Robert W Gereau,10.60490/HDP00902
HDP00903,1UG3NS127943-01,live,,Oral N2O Therapy in Treating Acute Vaso-Occlusive Pain in Sickle Cell Disease,2022,No,,11.5,,,No,No,Development and Optimization of Non-Addictive Therapies to Treat Pain,https://reporter.nih.gov/project-details/10507724,"JOHN D BELCHER, Edward  Gomperts, Donald  Simone",
HDP00904,1R61DK135406-01,live,,PAINED: Project Addressing INequities in the Emergency Department,2022,Yes,NCT05488080,73.1,,,Yes,Yes,Advancing Health Equity in Pain Management,https://reporter.nih.gov/project-details/10537743,Monika Kumari Goyal,10.60490/HDP00904
HDP00905,1UG3NS127251-01A1,live,,Development of Pathology-activated Drugs for Treatment of Neuropathic Pain,2022,No,,11.5,,,No,No,Development and Optimization of Non-Addictive Therapies to Treat Pain,https://reporter.nih.gov/project-details/10574306,"Andrew  Abell, Peter M Grace",
HDP00906,1R01DA056658-01,live,,Transcriptomic single-cell profiling in breathing-specific parabrachial mu-opioid receptor neurons,2022,No,,11.5,,,No,No,Focusing Medication Development to Prevent and Treat Opioid Use Disorder and Overdose,https://reporter.nih.gov/project-details/10512708,Sung  Han,
HDP00907,1R61DA057675-01,live,,Using System Dynamics Modeling to Foster Real-time Connections to Care,2022,Yes,NCT05832879,82.7,NAHDAP,,No,No,Translating Data 2 Action to Prevent Overdose,https://reporter.nih.gov/project-details/10590186,"Rebekah  Heckmann, Nasim  S. Sabounchi",
HDP00908,1R34DA057604-01,live,,Planning grant for a multi-site trial to examine the effectiveness of recovery community centers serving Black communities to support persons using medications for opioid use disorder,2022,Yes,NCT05245513,34.6,,,Yes,No,Recovery Research Networks,https://reporter.nih.gov/project-details/10588672,"BETTINA B HOEPPNER, JOHN F. KELLY",
HDP00909,1R61CA280979-01,live,,Cancer Pain Management: A Technology-Based Intervention for Asian American Breast Cancer Survivors,2022,Yes,,84.6,Qualitative Data Repository at Syracuse University,,Yes,Yes,Advancing Health Equity in Pain Management,https://reporter.nih.gov/project-details/10595357,"Wonshik  Chee, Eun-Ok  Im",10.60490/HDP00909
HDP00910,1R01DA056828-01,live,,Brain-penetrant GPR88 agonists as novel therapeutics for opioid abuse,2022,No,,11.5,,,No,No,Focusing Medication Development to Prevent and Treat Opioid Use Disorder and Overdose,https://reporter.nih.gov/project-details/10517225,"Michael  Jackson, Paul J. Kenny",
HDP00911,1R61MH132249-01,live,,Latinx Children and Surgery,2022,Yes,NCT06020677,84.6,NIMH Data Archive,,Yes,Yes,Advancing Health Equity in Pain Management,https://reporter.nih.gov/project-details/10538983,Zeev  Kain,10.60490/HDP00911
HDP00912,1R61NS127286-01,live,,Developing GPR37 activators as non-opioid pain therapeutics,2022,Yes,,51.9,Harvard Dataverse,https://dataverse.harvard.edu/dataset.xhtml?persistentId=doi:10.7910/DVN/AFTK8I,Yes,No,Development and Optimization of Non-Addictive Therapies to Treat Pain,https://reporter.nih.gov/project-details/10453930,"John A Allen, Jun-Ho  La, Jia  Zhou",10.60490/HDP00912
HDP00913,3U24NS114416-01S2,archived,2023-12-06T11:02:58.025098,Pre-trial implementation study for ketamine in sickle cell disease,2022,No,,11.5,,,No,No,Training the Next Generation of Researchers in HEAL,https://reporter.nih.gov/project-details/10526631,"Francis J. Keefe, Alexander Tan Limkakeng",
HDP00914,1U2CDA057717-01,archived,2024-07-30T07:02:56.128920,HD2A Research Adoption Support Center (RASC),2022,No,,11.5,,,No,No,Translating Data 2 Action to Prevent Overdose,https://reporter.nih.gov/project-details/10596435,"WILLIAM C BECKER, C. HENDRICKS BROWN, Sara J. Becker, Mark P McGovern",
HDP00915,1R01DA056608-01,live,,Endocannabinoid Targeting for Opioid Induced Respiratory Depression,2022,Yes,,65.4,Figshare,,No,No,Focusing Medication Development to Prevent and Treat Opioid Use Disorder and Overdose,https://reporter.nih.gov/project-details/10508272,"Tally Marie Milnes, TODD W VANDERAH",
HDP00916,1R01DA057608-01,live,,Treating Polysubstance Use in Methadone Maintenance: Application of Novel Digital Technology,2022,Yes,,71.2,,,No,No,Improving Delivery of Healthcare Services for Polysubstance Use,https://reporter.nih.gov/project-details/10588517,Karen  Alexander,10.60490/HDP00916
HDP00917,1R21DE032531-01,live,,"Long-term Opioid Therapy, Depression and Suicide Mortality Risk in Patients with Head and Neck Cancer",2022,Yes,,13.5,,,No,No,Leveraging Existing and Real-Time Opioid and Pain Management Data,https://reporter.nih.gov/project-details/10597344,Nosayaba  Osazuwa-Peters,
HDP00918,7UG3DA053094-02,live,,The development of delta opioid receptor agonists for the treatment of opioid withdrawal associated behaviors,2022,No,,11.5,,,No,No,,https://reporter.nih.gov/project-details/10730457,Amynah Amir Ali Pradhan,
HDP00919,1R01DA057658-01,live,,Weighting Longitudinal Data to Access Opioid Analgesia Tapering Outcomes among Patients with Co-occurring Chronic Pain and Substance Use Disorder,2022,Yes,,7.7,Vivli,,No,No,Leveraging Existing and Real-Time Opioid and Pain Management Data,https://reporter.nih.gov/project-details/10590322,Fares  Qeadan,
HDP00920,1U19NS130617-01,live,,Harvard PRECISION Human Pain Center,2022,Yes,,53.8,SPARC,,Yes,Yes,Discovery and Validation of Novel Targets for Safe and Effective Treatment of Pain,https://reporter.nih.gov/project-details/10594334,"William Russell Renthal, CLIFFORD J WOOLF",10.60490/HDP00920
HDP00921,3UH3NS116218-02S1,live,,Novel mGlu5 negative allosteric modulators as first-in-class non-addictive analgesic therapeutics,2022,No,,11.5,,,No,No,Development and Optimization of Non-Addictive Therapies to Treat Pain,https://reporter.nih.gov/project-details/10581793,"P Jeffrey Conn, Robert W Gereau, CRAIG  LINDSLEY, Jerri Michelle Rook",
HDP00922,1R61AT012284-01,live,,Electrophysiological and ultrasound quantitative biomarkers for myofascial pain,2022,Yes,,55.8,Vivli,https://doi.org/10.25934/PR00011911,No,No,"Discovery and Validation of Biomarkers, Endpoints, and Signatures for Pain Conditions",https://reporter.nih.gov/project-details/10569720,"Seward B. Rutkove, Brian Jason Wainger",10.60490/HDP00922
HDP00923,1R01DA057556-01,live,,Disrupting Social Determinants of Health to Improve Substance Use and Mental Health Outcomes for Parents in Rural Regions,2022,Yes,NCT06560866,80.8,NAHDAP,,No,No,Preventing Opioid Use Disorder,https://reporter.nih.gov/project-details/10582989,Lisa  Saldana,10.60490/HDP00923
HDP00924,1R61NS129050-01,live,,"Integrating Nonpharmacologic Strategies for Pain with Inclusion, Respect, and Equity (INSPIRE): Tailored digital tools, telehealth coaching, and primary care coordination",2022,Yes,NCT06183281,36.5,Vivli,https://doi.org/10.25934/PR00010926,Yes,Yes,Advancing Health Equity in Pain Management,https://reporter.nih.gov/project-details/10536567,JASON M SATTERFIELD,
HDP00925,2R44DA050358-02A1,live,,A Project to Test the Efficacy and Safety of An Innovative Treatment for Opiate Use Disorders.,2022,No,,11.5,,,No,No,Small Business Programs,https://reporter.nih.gov/project-details/10485444,"Fredric  Schiffer, MARTIN H TEICHER",
HDP00926,1R61NS126029-01A1,live,,Inhibiting RIPK1 with Necrostatin-1 for Safe and Effective Pain Treatment,2022,Yes,,57.7,,,No,No,Development and Optimization of Non-Addictive Therapies to Treat Pain,https://reporter.nih.gov/project-details/10507932,"TIMOTHY T HOULE, Shiqian  Shen, Changning  Wang, Can Martin Zhang",10.60490/HDP00926
HDP00927,1R01DA057630-01,live,,Predicting fatal and non-fatal overdose in Los Angeles County with Rapid Overdose Surveillance Dashboard to target street-based addiction treatment and harm reduction services,2022,Yes,,57.7,GitHub,https://github.com/ROSLA-UCLA/ROSLA-HEAL-Data,Yes,No,Leveraging Existing and Real-Time Opioid and Pain Management Data,https://reporter.nih.gov/project-details/10589518,"David  Goodman, Chelsea Leigh Shover",10.60490/HDP00927
HDP00928,1R41AR080620-01A1,live,,Injectable Ice Slurry Cooling Technology for Treatment of Postoperative Pain,2022,Yes,,7.7,,,No,No,Small Business Programs,https://reporter.nih.gov/project-details/10485104,CHarles  Sidoti,
HDP00929,1R61AT012421-01,live,,Integrative Training Program for Pediatric Sickle Cell Pain,2022,Yes,,7.7,Vivli,,Yes,Yes,Advancing Health Equity in Pain Management,https://reporter.nih.gov/project-details/10595974,Soumitri  Sil,
HDP00930,3UH3AR076573-04S1,archived,2024-07-05T13:43:05.396904,Randomized-controlled trial of virtual reality for chronic low back pain to improve patient-reported outcomes and physical activity,2022,No,,11.5,,,No,No,Training the Next Generation of Researchers in HEAL,https://reporter.nih.gov/project-details/10671360,Brennan  Spiegel,
HDP00931,1R21DE032583-01,live,,Predicting Pediatric Sickle Cell Disease Acute Pain Using Mathematical Models Based on mHealth Data,2022,Yes,,51.9,GitHub,https://github.com/mcgeerb/scd-painsleep,No,No,Leveraging Existing and Real-Time Opioid and Pain Management Data,https://reporter.nih.gov/project-details/10599401,"Reginald  McGee, Cecelia R Valrie",10.60490/HDP00931
HDP00932,1R21AT012431-01,live,,Psychosocial risk factors for chronic pain: Characterizing brain and genetic pathways and variation across understudied populations,2022,No,,11.5,,,No,No,Leveraging Existing and Real-Time Opioid and Pain Management Data,https://reporter.nih.gov/project-details/10599396,TOR D. WAGER,
HDP00933,1R61AT012282-01,live,,Development and Validation of a Multimodal Ultrasound- Based Biomarker for Myofascial Pain,2022,Yes,,84.6,Vivli,,Yes,Yes,"Discovery and Validation of Biomarkers, Endpoints, and Signatures for Pain Conditions",https://reporter.nih.gov/project-details/10579668,"KANG  KIM, Jiantao  Pu, AJAY D WASAN",10.60490/HDP00933
HDP00934,3UG3NS123958-01S1,live,,Neuroimmune mechanisms of a humanized CCK-B receptor scFv as therapy for chronic pain patients,2022,No,,11.5,,,No,No,Training the Next Generation of Researchers in HEAL,https://reporter.nih.gov/project-details/10571425,"Sascha R Alles, KARIN N. WESTLUND-HIGH",
HDP00935,3R61NS127285-01S1,live,,Investigating the contributions of voltage gated sodium channels to oxaliplatin induced neuropathy,2022,No,,11.5,,,No,No,Training the Next Generation of Researchers in HEAL,https://reporter.nih.gov/project-details/10621059,"James S Trimmer, VLADIMIR M YAROV-YAROVOY",
HDP00936,1R01DA056646-01,live,,Ghrelin Deacylase as a Treatment for Opioid Polysubstance Abuse,2022,Yes,,7.7,,,No,No,Focusing Medication Development to Prevent and Treat Opioid Use Disorder and Overdose,https://reporter.nih.gov/project-details/10510245,"CHANG-GUO  ZHAN, Fang  Zheng",
HDP00937,1UC2AR082196-01,live,,Innervation of the knee and TMJ,2022,Yes,,69.2,SPARC,,Yes,Yes,Restoring Joint Health and Function to Reduce Pain (RE-JOIN),https://reporter.nih.gov/project-details/10608403,"Kyle D Allen, Alejandro Jose Almarza, ROBERT M CAUDLE",10.60490/HDP00937
HDP00938,1R21DA057598-01,live,,Tracking the opioid epidemic with social media: an early warning system,2022,Yes,,59.6,GitHub,https://github.com/kristycarp/opioid-social-media-platforms,Yes,No,Leveraging Existing and Real-Time Opioid and Pain Management Data,https://reporter.nih.gov/project-details/10588908,RUSS BIAGIO ALTMAN,10.60490/HDP00938
HDP00939,1R21DA057500-01,live,,G alpha Z subunit as a potential therapeutic target to modulate mu opioid receptor pharmacology,2022,No,,11.5,,,No,No,Discovery and Validation of Novel Targets for Safe and Effective Treatment of Pain,https://reporter.nih.gov/project-details/10580415,JEAN M BIDLACK,
HDP00940,1UG3NS127258-01A1,live,,"A first in class, mechanism-guided, cell-based therapy for complex regional pain syndrome",2022,No,,11.5,,,No,No,Development and Optimization of Non-Addictive Therapies to Treat Pain,https://reporter.nih.gov/project-details/10572041,JIANGUO  CHENG,
HDP00941,1R61CA278594-01,live,,"Achieving Equity through SocioCulturally-informed, Digitally-Enabled Cancer Pain managemeNT (ASCENT) Clinical Trial",2022,Yes,,86.5,Harvard Dataverse,https://doi.org/10.7910/DVN/WO5VZ9,Yes,Yes,Advancing Health Equity in Pain Management,https://reporter.nih.gov/project-details/10539159,"Andrea Lynne Cheville, Chyke Abadama Doubeni",10.60490/HDP00941
HDP00942,1R21DE032532-01,live,,Secondary Analysis and Integration of Existing Data Related to Chronic Orofacial Pain and Placebo Effects,2022,Yes,,90.4,Database of Genotypes and Phenotypes (dbGaP),,No,No,Leveraging Existing and Real-Time Opioid and Pain Management Data,https://reporter.nih.gov/project-details/10597861,"Luana  Colloca, SUSAN G DORSEY",10.60490/HDP00942
HDP00943,1R01DA057120-01,live,,"Characterization, optimization, and development of dual mGlu2/3 positive allosteric modulators for opioid use disorder",2022,No,,11.5,,,No,No,Focusing Medication Development to Prevent and Treat Opioid Use Disorder and Overdose,https://reporter.nih.gov/project-details/10544440,"Nicholas David Cosford, Robert Warren Gould, Gonul  Velicelebi",
HDP00944,1R01DA057591-01,live,,Preferences and predictors driving opioid-involved polysubstance use profiles and trajectories: Implications for improving care,2022,Yes,,57.7,ICPSR,,No,No,Improving Delivery of Healthcare Services for Polysubstance Use,https://reporter.nih.gov/project-details/10584684,"Lara Nicole Coughlin, Lewei Allison Lin",10.60490/HDP00944
HDP00945,1R43HD107727-01A1,live,,Novel Approach to Personalize and Monitor Therapeutic Training At Home in Chronic Pelvic Pain Management,2022,Yes,,61.5,,,No,No,Small Business Programs,https://reporter.nih.gov/project-details/10485389,Nicholas  Dias,10.60490/HDP00945
HDP00946,1R61AT012309-01,live,,Partners for Pain & Wellbeing Equity: A Randomized Trial of Community Supported Complementary and Integrative Health Self Management for Back Pain,2022,Yes,NCT05786508,84.6,Vivli,https://doi.org/10.25934/PR00010928,Yes,Yes,Advancing Health Equity in Pain Management,https://reporter.nih.gov/project-details/10538202,"RONI L. EVANS, Brent  Leininger",10.60490/HDP00946
HDP00947,1UG3DA057853-01,live,,"Naltrexone Transdermal Patch - An Accessible, Patient-Focused Option to Treat OUD Relapse",2022,Yes,,61.5,,,No,No,Focusing Medication Development to Prevent and Treat Opioid Use Disorder and Overdose,https://reporter.nih.gov/project-details/10616580,Andrew  Gardiner,10.60490/HDP00947
HDP00948,1R43CA268700-01A1,live,,Pre-clinical validation of Phase II peptide LRP-1 agonist to treat and prevent chemotherapy induced peripheral neuropathy.,2022,Yes,,61.5,,,No,No,Small Business Programs,https://reporter.nih.gov/project-details/10485642,"WENDY M. CAMPANA, Cohava  Gelber",10.60490/HDP00948
HDP00949,1RM1NS128775-01,live,,Defining Mechanisms of Pain Relief Associated with Dorsal Root Ganglion and Spinal Cord Stimulation,2022,Yes,,51.9,SPARC,https://sparc.science/datasets/436,Yes,No,Translating Discoveries into Effective Devices to Treat Pain,https://reporter.nih.gov/project-details/10519404,"H Richard Koerber, SCOTT F LEMPKA, Douglas J Weber",10.60490/HDP00949
HDP00950,1R41DA056239-01,live,,Leptin Receptor Agonist as a Novel Prevention of Opioid Induced Respiratory Depression,2022,No,,11.5,,,No,No,,https://reporter.nih.gov/project-details/10476034,"Carl Neil Kraus, Vsevolod Y Polotsky",
HDP00951,1UC2AR082200-01,live,,"Neuronal anatomy, connectivity, and phenotypic innervation of the knee joint",2022,Yes,,69.2,SPARC,,No,No,Restoring Joint Health and Function to Reduce Pain (RE-JOIN),https://reporter.nih.gov/project-details/10608851,"Benjamin R Arenkiel, Brendan  Lee, Russell S Ray, Joshua D. Wythe",10.60490/HDP00951
HDP00952,1R21AR082657-01,live,,Risk of Care Escalation after Non-Pharmacologic Treatment: Leveraging Real World Physical Therapy Data,2022,Yes,,75.0,Vivli,https://doi.org/10.25934/PR00010834,Yes,No,Leveraging Existing and Real-Time Opioid and Pain Management Data,https://reporter.nih.gov/project-details/10598312,TREVOR  LENTZ,10.60490/HDP00952
HDP00953,2R44DA051289-02,live,,Wearable sensor for opioids detection based on electrochemical sensor arrayintegrated with Bluetooth device,2022,Yes,,38.5,,,No,No,Small Business Programs,https://reporter.nih.gov/project-details/10485805,Igor A Levitsky,
HDP00954,1R01DA056673-01,live,,Targeting Tiam1-mediated synaptic plasticity for the relief of opioid tolerance,2022,No,,11.5,,,No,No,Focusing Medication Development to Prevent and Treat Opioid Use Disorder and Overdose,https://reporter.nih.gov/project-details/10512217,"Lingyong  Li, Kimberly  Tolias",
HDP00955,1R34DA057662-01,live,,Development of an integrated intervention involving recovery coaching and cognitive behavioral therapy for opioid use disorder,2022,Yes,NCT06102200,80.8,NAHDAP,,No,No,Recovery Research Networks,https://reporter.nih.gov/project-details/10590299,"MOONSEONG  HEO, Alain Harris Litwin",10.60490/HDP00955
HDP00956,1UG3NS128439-01,live,,Allosteric Targeting of Cannabinoid CB1 Receptor to Develop Non-Addictive Small Molecule Analgesics,2022,No,,11.5,,,No,No,Development and Optimization of Non-Addictive Therapies to Treat Pain,https://reporter.nih.gov/project-details/10512672,"Dai  Lu, DANA E SELLEY, Feng  Tao",
HDP00957,3R01DE029202-01S2,archived,2024-09-17T12:11:15.947040,Validation of blocking TSP4/Cava2d1 interaction as a new target for neuropathic pain,2022,No,,11.5,,,No,No,Leveraging Existing and Real-Time Opioid and Pain Management Data,https://reporter.nih.gov/project-details/10552492,ZHIGANG David LUO,
HDP00958,1R44DA053845-01A1,live,,Fast-track: Scalable digital delivery of evidence-based training for addiction professionals to maximize treatment admission and retention rates of opioid use disorder in affected families.,2022,Yes,NCT05875142,76.9,,,No,No,,https://reporter.nih.gov/project-details/10482203,Jane  Macky,10.60490/HDP00958
HDP00959,1R01DA057443-01,live,,"Peer-Delivered, Behavioral Activation Intervention to Improve Polysubstance Use and Retention in Mobile Telemedicine OUD Treatment in an Underserved, Rural Area",2022,Yes,NCT05973838,86.5,NAHDAP,,No,No,Improving Delivery of Healthcare Services for Polysubstance Use,https://reporter.nih.gov/project-details/10578063,"Sarah M. Kattakuzhy, Jessica F Magidson",10.60490/8j8r-tv94
HDP00960,1UC2AR082186-01,live,,Mapping the joint-nerve interactome of the knee,2022,Yes,,46.2,SPARC,,Yes,Yes,Restoring Joint Health and Function to Reduce Pain (RE-JOIN),https://reporter.nih.gov/project-details/10607479,"Martin K Lotz, RICHARD J MILLER, Anne-Marie  Malfait",
HDP00961,3UH3DA047925-03S1,live,,Development of a 3-month implantable depot pellet of Naltrexone for the treatment of Opioid Use Disorder.,2022,Yes,NCT04828694,36.5,,,No,No,Leveraging Existing and Real-Time Opioid and Pain Management Data,https://reporter.nih.gov/project-details/10552495,Andrew Peter Mallon,
HDP00962,3UH3AR076729-02S1,live,,The Spine Phenome Project: Enhancing Patient Diversity,2022,Yes,NCT05776771,50.0,Vivli,,Yes,Yes,"Increasing Participant Diversity, Inclusion, and Engagement in HEAL Research",https://reporter.nih.gov/project-details/10616220,"Safdar N. Khan, William Steven Marras, Tristan E. Weaver",10.60490/HDP00962
HDP00963,3U01DA050442-04S1,archived,2024-10-29T14:09:34.278678,Using Implementation Interventions and Peer Recovery Support to Improve Opioid Treatment Outcomes in Community Supervision,2022,No,,11.5,,,No,No,Leveraging Existing and Real-Time Opioid and Pain Management Data,https://reporter.nih.gov/project-details/10628540,"Lauren  Brinkley-Rubinstein, ROSEMARIE A MARTIN, Damaris J. Rohsenow",
HDP00964,1R01DA057672-01,live,,A Longitudinal Qualitative Study of Fentanyl-Stimulant Polysubstance Use Among People Experiencing Homelessness,2022,No,,11.5,,,No,No,Improving Delivery of Healthcare Services for Polysubstance Use,https://reporter.nih.gov/project-details/10590218,"Kelly Ray Knight, Ryan  McNeil",
HDP00965,1R61DA057683-01,live,,Leveraging regulatory flexibility for methadone take-home dosing to improve retention in treatment for opioid use disorder: A stepped-wedge randomized trial to facilitate clinic level changes,2022,Yes,,63.5,,,No,No,Translating Data 2 Action to Prevent Overdose,https://reporter.nih.gov/project-details/10590040,"Yuhua  Bao, CHARLES J NEIGHBORS, Kelly S Ramsey",10.60490/HDP00965
HDP00966,1R44DA056251-01,live,,Booth by Opio: Developing technology to expand the reach of opioid treatment programs into rural and underserved areas.,2022,Yes,,7.7,,,No,No,Small Business Programs,https://reporter.nih.gov/project-details/10481923,Amber  Norbeck,
HDP00967,1R41DA055405-01,live,,Virtual Reality Facilitation of Recovery from Opioid Use Disorder,2022,Yes,NCT05908097,86.5,NIMH Data Archive,,No,No,,https://reporter.nih.gov/project-details/10390733,"Andrew  Nelson, Brandon G Oberlin",10.60490/HDP00967
HDP00968,1R01DA056660-01,live,,Target Specificity of Tabernanthalog Treatment in Opioid Use Disorder,2022,Yes,,61.5,Figshare,,No,No,Focusing Medication Development to Prevent and Treat Opioid Use Disorder and Overdose,https://reporter.nih.gov/project-details/10512599,"Jasper  Heinsbroek, JAMIE  PETERS",10.60490/HDP00968
HDP00969,1R24DA057659-01,live,,Peer Recovery Innovation Network (PRIN),2022,Yes,,7.7,NAHDAP,,No,No,Recovery Research Networks,https://reporter.nih.gov/project-details/10590310,"Robert  Ashford, Jennifer Sharpe Potter",
HDP00970,1UG3DA057850-01,live,,Development of a monoclonal antibody to reverse overdose from fentanyl and its analogs: from manufacturing to clinical trials,2022,No,,11.5,,,No,No,Focusing Medication Development to Prevent and Treat Opioid Use Disorder and Overdose,https://reporter.nih.gov/project-details/10615519,"SANDRA D COMER, Marco  Pravetoni",
HDP00971,1U19NS130608-01,live,,Human Nociceptor and Spinal Cord Molecular Signature Center,2022,Yes,,67.3,"Database of Genotypes and Phenotypes (dbGaP), SPARC","https://doi.org/10.26275/vz0c-uet7, https://sparc.science/about/projects/ucf8Vy42urR232rfgxNCS, https://doi.org/10.26275/vpx0-bk5y, https://doi.org/10.26275/cxuf-ftav, https://doi.org/10.26275/mfxc-k28b, https://doi.org/10.26275/vi5j-qxw7, https://doi.org/10.26275/pxwy-sric, https://doi.org/10.26275/mu8z-s80h, https://doi.org/10.26275/7ozi-u6bk, https://doi.org/10.26275/aikc-g5tv, https://doi.org/10.26275/z7uy-kuif, https://doi.org/10.26275/9qsp-i8dh",Yes,Yes,Discovery and Validation of Novel Targets for Safe and Effective Treatment of Pain,https://reporter.nih.gov/project-details/10593656,"Michele  Curatolo, Patrick M Dougherty, Theodore J Price",10.60490/HDP00971
HDP00972,1R01DA056675-01,live,,Domain-specific inhibition of angiotensin-converting enzyme as a therapeutic strategy for opioid use disorders,2022,Yes,,7.7,,,No,No,Focusing Medication Development to Prevent and Treat Opioid Use Disorder and Overdose,https://reporter.nih.gov/project-details/10512191,"Swati S More, Patrick  Rothwell",
HDP00973,1R01DA057599-01,live,,Mining Social Media Big Data for Toxicovigilance: Studying Substance Use via Natural Language Processing and Machine Learning Methods,2022,Yes,,7.7,Zenodo,https://doi.org/10.5281/zenodo.7401616,No,No,Leveraging Existing and Real-Time Opioid and Pain Management Data,https://reporter.nih.gov/project-details/10588855,Abeed H Sarker,
HDP00974,1R61AT012286-01,live,,"Multimodal imaging biomarkers for investigating fascia, muscle and vasculature in myofascial pain.",2022,Yes,,7.7,Harvard Dataverse,,Yes,Yes,"Discovery and Validation of Biomarkers, Endpoints, and Signatures for Pain Conditions",https://reporter.nih.gov/project-details/10569868,Siddhartha  Sikdar,
HDP00975,1R01DA057605-01,live,,Rapid Actionable Data for Opioid Response in Kentucky (RADOR-KY),2022,Yes,,73.1,NAHDAP,,No,No,Leveraging Existing and Real-Time Opioid and Pain Management Data,https://reporter.nih.gov/project-details/10588669,"Svetla Stefanova Slavova, Jeffery C Talbert",10.60490/HDP00975
HDP00976,3UH3AR076387-02S2,archived,2025-01-28T12:29:27.439754,Fibromyalgia TENS in Physical Therapy Study (TIPS):an embedded pragmatic clinical trial,2022,No,,11.5,,,No,No,"Increasing Participant Diversity, Inclusion, and Engagement in HEAL Research",https://reporter.nih.gov/project-details/10701211,"Leslie J Crofford, KATHLEEN A SLUKA",
HDP00977,1U01DA056240-01,live,,IND-enabling program for a long-acting anti-methamphetamine monoclonal antibody for treating methamphetamine use disorder,2022,Yes,,57.7,Open Science Framework,,Yes,No,Focusing Medication Development to Prevent and Treat Opioid Use Disorder and Overdose,https://reporter.nih.gov/project-details/10476678,Misty Ward Stevens,10.60490/HDP00977
HDP00978,1U01DA057862-01,live,,"Development of PPL-138, a Novel Mixed NOP/Mu Partial Agonist for Treatment of CocaineUse Disorder",2022,No,,11.5,,,No,No,Focusing Medication Development to Prevent and Treat Opioid Use Disorder and Overdose,https://reporter.nih.gov/project-details/10616932,"Frances Rudnick Levin, Daniel  Levy, LAWRENCE R TOLL",
HDP00979,1R34DA057609-01,live,,Patient Navigator plus Remote mHealth Adherence Support with Incentives to Improve Linkage and Retention among Hospitalized Patients with Opioid and Methamphetamine Use Who Initiate Buprenorphine,2022,Yes,NCT06027814,86.5,NAHDAP,,No,No,Improving Delivery of Healthcare Services for Polysubstance Use,https://reporter.nih.gov/project-details/10588501,Judith  Tsui,10.60490/HDP00979
HDP00980,1R61AG081034-01,live,,Addressing the chronic pain epidemic among older adults in underserved community center; The GetActive+ study.,2022,Yes,NCT05782231,78.8,Vivli,https://doi.org/10.25934/PR00010109,Yes,Yes,Advancing Health Equity in Pain Management,https://reporter.nih.gov/project-details/10536153,"Christine S Ritchie, Ana-Maria  Vranceanu",10.60490/HDP00980
HDP00981,1R21AG082345-01,live,,Assessing chronic pain using brain entropy mapping,2022,Yes,,59.6,Mendeley Data,https://data.mendeley.com/datasets/4b2cf8hmp8,No,No,Leveraging Existing and Real-Time Opioid and Pain Management Data,https://reporter.nih.gov/project-details/10598873,Ze  Wang,10.60490/HDP00981
HDP00982,1RM1NS128787-01,live,,"Understanding the Mechanistic, Neurophysiological, and Antinociceptive Effects of Transcutaneous Auricular Neurostimulation for Treatment of Chronic Pain",2022,Yes,NCT05490134,38.5,SPARC,,Yes,Yes,Translating Discoveries into Effective Devices to Treat Pain,https://reporter.nih.gov/project-details/10519880,"Bashar W Badran, David C Houghton, Navid  Khodaparast, Denise  Wilkes",
HDP00983,3RM1DA055301-01S1,archived,2025-04-28T12:16:46.761633,Integrative Treatment for Achieving Holistic Recovery from Comorbid Chronic Pain and Opioid Use Disorder,2022,Yes,,7.7,NAHDAP,,No,No,Training the Next Generation of Researchers in HEAL,https://reporter.nih.gov/project-details/10622257,"Matthew Ryan Pearson, Katie A Witkiewitz",
HDP00984,1R21AG082344-01,live,,Using Secondary Analyses to Test Novel Pathways Linking Family Stress and Pain Incidence and Persistence Among African Americans,2022,Yes,,71.2,,,No,No,Leveraging Existing and Real-Time Opioid and Pain Management Data,https://reporter.nih.gov/project-details/10598724,Sarah B. Woods,10.60490/HDP00984
HDP00985,1R61NS127285-01,live,,Development of therapeutic antibodies to target sodium channels involved in pain signaling,2022,Yes,,61.5,Dryad,"https://doi.org/10.5061/dryad.z08kprrn0, https://doi.org/10.5061/dryad.rn8pk0pn3, https://doi.org/10.5061/dryad.m63xsj49v",No,No,Development and Optimization of Non-Addictive Therapies to Treat Pain,https://reporter.nih.gov/project-details/10453929,"James S Trimmer, VLADIMIR M YAROV-YAROVOY",10.60490/HDP00985
HDP00986,1R01DE032501-01,live,,Targeting HB-EGF and trigeminal EGFR for oral cancer pain and opioid tolerance,2022,Yes,,40.4,,,No,No,Discovery and Validation of Novel Targets for Safe and Effective Treatment of Pain,https://reporter.nih.gov/project-details/10582847,Yi  Ye,
HDP00987,1U24DA057612-01,live,,WF DISC: Navigating Data Solutions for Chronic Pain and Opioid Use Disorder,2022,Yes,,21.2,,,No,No,Translating Data 2 Action to Prevent Overdose,https://reporter.nih.gov/project-details/10587594,MEREDITH C. B. ADAMS,
HDP00988,1R61DA057600-01,live,,"Using data to drive action to reduce opioid overdoses in Seattle, WA",2022,Yes,,7.7,,,No,No,Translating Data 2 Action to Prevent Overdose,https://reporter.nih.gov/project-details/10588805,"Caleb  Banta-Green, Julia Elizabeth Hood",
HDP00989,1R43NS125643-01,live,,"Development of an intranasal, direct to nerve treatment for headache disorders",2022,Yes,,67.3,,,No,No,Small Business Programs,https://reporter.nih.gov/project-details/10382876,"Jonathan G Beckwith, Jason T Cook",10.60490/HDP00989
HDP00990,1R01DK135076-01,live,,PNPase inhibition as an effective treatment for chronic bladder pain,2022,Yes,,80.8,Harvard Dataverse,https://dataverse.harvard.edu/dataset.xhtml?persistentId=doi:10.7910/DVN/PXKLA5,No,No,Discovery and Validation of Novel Targets for Safe and Effective Treatment of Pain,https://reporter.nih.gov/project-details/10580923,"LORI A BIRDER, EDWIN Kerry JACKSON",10.60490/HDP00990
HDP00991,1U01DA057846-01,live,,Transdermal Rotigotine as Adjunct to Behavioral Therapy for Cocaine Use Disorder,2022,Yes,,88.5,OpenNEURO,,No,No,Focusing Medication Development to Prevent and Treat Opioid Use Disorder and Overdose,https://reporter.nih.gov/project-details/10615366,"ALBERT JOSEPH ARIAS, James M Bjork",10.60490/HDP00991
HDP00992,1R34DA057678-01,live,,Adaption of the STAIR-NT Trauma Intervention for Polysubstance Populations,2022,Yes,,7.7,NAHDAP,,No,No,Improving Delivery of Healthcare Services for Polysubstance Use,https://reporter.nih.gov/project-details/10590166,"Amanda M Bunting, Tanya Rae Renn",
HDP00993,1R21TR004333-01,live,,Discovery of novel openers of the understudied human drug target Kir6.1,2022,Yes,,7.7,Mendeley Data,https://data.mendeley.com/datasets/hcdmswc69m/1,Yes,No,Discovery and Validation of Novel Targets for Safe and Effective Treatment of Pain,https://reporter.nih.gov/project-details/10580933,TIMOTHY J CARDOZO,
HDP00994,1R61MD018333-01,live,,Pilot to optimize Group-based Integrative Pain Management: A multi-level approach to address intersectional stigma and social isolation in diverse primary care safety net patients with chronic pain,2022,Yes,NCT05906784,84.6,ICPSR,,Yes,Yes,Advancing Health Equity in Pain Management,https://reporter.nih.gov/project-details/10539166,MARIA T CHAO,10.60490/HDP00994
HDP00995,1R21NS130409-01,live,,Novel genetically-encoded inhibitors to probe functional logic of Cav-beta molecular diversity,2022,Yes,,7.7,,,No,No,Discovery and Validation of Novel Targets for Safe and Effective Treatment of Pain,https://reporter.nih.gov/project-details/10581282,Henry M. Colecraft,
HDP00996,1UC2AR082197-01,live,,Neural Architecture of the Murine and Human Temporomandibular Joint,2022,Yes,,7.7,SPARC,,Yes,Yes,Restoring Joint Health and Function to Reduce Pain (RE-JOIN),https://reporter.nih.gov/project-details/10608491,"Dawen  Cai, Christopher Ryan Donnelly, Joshua James Emrick",
HDP00997,1R21DA056740-01,live,,Recruiting active expiration to overcome opioid-induced persistent apnea,2022,Yes,,7.7,Harvard Dataverse,https://dataverse.harvard.edu/dataset.xhtml?persistentId=doi:10.7910/DVN/KDZ0I0,No,No,Focusing Medication Development to Prevent and Treat Opioid Use Disorder and Overdose,https://reporter.nih.gov/project-details/10512706,JACK L FELDMAN,
HDP00998,1R34DA057627-01,live,,Peer Recovery Support Services for individuals in Recovery Residences on MOUD,2022,Yes,NCT05616949,36.5,,,No,No,Recovery Research Networks,https://reporter.nih.gov/project-details/10589601,"MARC  FISHMAN, Kevin R. Wenzel",
HDP00999,1R61DA057667-01,live,,CADENCE - Continuous And Data-drivEN CarE,2022,Yes,NCT05609669,80.8,,,No,No,Translating Data 2 Action to Prevent Overdose,https://reporter.nih.gov/project-details/10590267,"Jennifer  Marshall, Tanner  Wright",10.60490/HDP00999
HDP01000,1R21DA057677-01,live,,Developing a Timely Opioid Overdose Detection Tool through a Tribally Engaged Approach,2022,Yes,,57.7,NAHDAP,https://doi.org/10.3886/ICPSR39278,Yes,No,Leveraging Existing and Real-Time Opioid and Pain Management Data,https://reporter.nih.gov/project-details/10590167,Tommi Lynn Gaines,10.60490/HDP01000
HDP01001,1R01DA057685-01,live,,Identifying Suspected Drug Overdose Deaths in Near Real-Time Using Data Collected by Death Investigators,2022,Yes,,75.0,NAHDAP,,No,No,Leveraging Existing and Real-Time Opioid and Pain Management Data,https://reporter.nih.gov/project-details/10590013,Karli Rae Hochstatter,10.60490/HDP01001
HDP01002,3R24DA051946-01S1,archived,2026-03-17T12:52:44.074637,CoARS Administrative Supplement,2022,No,,11.5,,,No,No,Recovery Research Networks,https://reporter.nih.gov/project-details/10535154,Aaron  Hogue,
HDP01003,1R61DA057610-01,archived,2025-02-25T17:03:32.101269,"Improving pain management and opioid safety through a systemwide, data driven evaluation of the CDC opioid prescribing guideline best practices and the use of Clinical Decision Support",2022,Yes,NCT06271668,78.8,NAHDAP,,No,No,Translating Data 2 Action to Prevent Overdose,https://reporter.nih.gov/project-details/10588405,Jason  Hoppe,
HDP01004,1R61AT012283-01,live,,"Development and identification of magnetic resonance, electrophysiological, and fiber-optic imaging biomarkers of myofascial pain",2022,Yes,,78.8,NIMH Data Archive,,Yes,Yes,"Discovery and Validation of Biomarkers, Endpoints, and Signatures for Pain Conditions",https://reporter.nih.gov/project-details/10580406,"Song  Hu, Yong  Wang",10.60490/HDP01004
HDP01005,1R01DA057668-01,live,,Opioid and SUD Data Enclave (O-SUDDEn): Bringing real-time data to the opioid crisis,2022,Yes,,63.5,,,No,No,Leveraging Existing and Real-Time Opioid and Pain Management Data,https://reporter.nih.gov/project-details/10590246,"Soledad A Fernandez, Timothy R Huerta",10.60490/HDP01005
HDP01006,1R01DA057686-01,live,,Fast and fine: NLP methods for near real-time and fine-grained overdose surveillance,2022,No,,11.5,,,No,No,Leveraging Existing and Real-Time Opioid and Pain Management Data,https://reporter.nih.gov/project-details/10590000,Venkata Naga Ramakanth  Kavuluru,
HDP01007,1R61NS126026-01A1,live,,Antagonists of CRMP2 Phosphorylation for Chemotherapy-Induced Peripheral Neuropathy,2022,Yes,,7.7,,,No,No,Development and Optimization of Non-Addictive Therapies to Treat Pain,https://reporter.nih.gov/project-details/10505802,Rajesh  Khanna,
HDP01008,1R44CA271904-01A1,live,,Novel biologic to treat chemotherapy-induced neuropathic pain,2022,No,,11.5,,,No,No,Small Business Programs,https://reporter.nih.gov/project-details/10546418,Yakov  Kogan,
HDP01009,1UG3DA056247-01,live,,"Phase 1 and 2 studies of sublingual dexmedetomidine, an alpha 2 adrenergic agonist, for treating opioid withdrawal",2022,No,,11.5,,,No,No,Focusing Medication Development to Prevent and Treat Opioid Use Disorder and Overdose,https://reporter.nih.gov/project-details/10478324,"SANDRA D COMER, Frances Rudnick Levin",
HDP01010,3R01NS118563-01A1S1,archived,2024-07-22T12:46:30.348317,Diversity Supplement to FKBP51 antagonism to prevent chronic pain: optimizing efficacy & evaluating safety and mechanisms R01NS118563,2022,No,,11.5,,,No,No,Training the Next Generation of Researchers in HEAL,https://reporter.nih.gov/project-details/10622997,"Sarah  Linnstaedt, SAMUEL A. MCLEAN",
HDP01011,1R61NR020845-01,live,,Equity Using Interventions for Pain and Depression (EQUIPD),2022,Yes,NCT05695209,78.8,Vivli,https://doi.org/10.25934/PR00009027,Yes,Yes,Advancing Health Equity in Pain Management,https://reporter.nih.gov/project-details/10595133,Marianne  Matthias,10.60490/HDP01011
HDP01012,1R24DA051974-01A1,live,,Enhancing Effectiveness Research on Recovery Housing for Persons Prescribed Medication for Opioid Use Disorder,2022,Yes,,28.8,NAHDAP,,No,No,Recovery Research Networks,https://reporter.nih.gov/project-details/10590474,"AMY Adale MERICLE, Carmen L Masson",
HDP01013,3RM1DA055311-01S1,archived,2024-09-19T16:27:45.715696,Community-Partnered Exploration of the Pain-Related Treatment Needs of First-Generation Immigrants,2022,Yes,,7.7,,,No,No,"Increasing Participant Diversity, Inclusion, and Engagement in HEAL Research",https://reporter.nih.gov/project-details/10615282,"Megan  Hamm, KEVIN L KRAEMER, Jessica S Merlin",
HDP01014,1R44NS125745-01A1,live,,Development and Evaluation of Computerized Chemosensory-Based Orbitofrontal Networks Training for Treatment of Pain (CBOT-P),2022,Yes,NCT06218407,30.8,,,No,No,Small Business Programs,https://reporter.nih.gov/project-details/10547925,"Charles Chiedu Nwaokobia, Evaristus A Nwulia",
HDP01015,1R21DE032584-01,live,,Identifying Chronic Pain Phenotypes and Treatment Disparities in Adults with Cerebral Palsy,2022,No,,11.5,,,No,No,Leveraging Existing and Real-Time Opioid and Pain Management Data,https://reporter.nih.gov/project-details/10596875,Mark D Peterson,
HDP01016,1R44DA056280-01,live,,Reducing Opioid Use and Adverse Effects through Proactive Precision Pain Management Following Spine Surgery,2022,No,,11.5,,,No,No,,https://reporter.nih.gov/project-details/10485408,"Steven R.  Plump, Senthilkumar  Sadhasivam",
HDP01017,3R01AT010742-01S1,live,,Examining Trauma Prevalence and Exploring Interoception as a Mechanism of Emotion Regulation in MOUD,2022,Yes,,65.4,openICPSR,https://www.openicpsr.org/openicpsr/project/205381,Yes,No,Training the Next Generation of Researchers in HEAL,https://reporter.nih.gov/project-details/10618645,"JOSEPH O MERRILL, CYNTHIA J PRICE",10.60490/HDP01017
HDP01018,1R61AT012279-01,live,,Quantifying and Treating Myofascial Dysfunction in Post Stroke Shoulder Pain,2022,Yes,,73.1,Zenodo,,Yes,Yes,"Discovery and Validation of Biomarkers, Endpoints, and Signatures for Pain Conditions",https://reporter.nih.gov/project-details/10571306,PREETI  RAGHAVAN,10.60490/HDP01018
HDP01019,1R21AT012304-01,live,,Erythrocyte Autophagy Proteins as Potential Non-opioid Novel Targets for Pain in Sickle Cell Disease,2022,Yes,,7.7,,,No,No,Discovery and Validation of Novel Targets for Safe and Effective Treatment of Pain,https://reporter.nih.gov/project-details/10580477,Jagadeesh  Ramasamy,
HDP01020,1R01HD110922-01,live,,CMG2 as a target for safe and effective treatment of endometriosis-associate pain,2022,Yes,,75.0,"MassIVE, Figshare",,No,No,Discovery and Validation of Novel Targets for Safe and Effective Treatment of Pain,https://reporter.nih.gov/project-details/10583339,MICHAEL SEAN ROGERS,10.60490/HDP01020
HDP01021,1U24DA057650-01,live,,HEAL Data2Action Modeling and Economic Resource Center,2022,Yes,,7.7,,,No,No,Translating Data 2 Action to Prevent Overdose,https://reporter.nih.gov/project-details/10590443,"Benjamin P. Linas, KATHRYN E MCCOLLISTER, Bruce R Schackman",
HDP01022,1R21CA277849-01,live,,The effects of hydrocodone rescheduling on pain management of older lung cancer patients,2022,Yes,,7.7,Protocols.io,,No,No,Leveraging Existing and Real-Time Opioid and Pain Management Data,https://reporter.nih.gov/project-details/10599385,Chan  Shen,
HDP01023,1DP2TR004354-01,live,,Scale up single-cell technologies to map pain-associated genes and cells across the lifespan,2022,Yes,,7.7,Zenodo,,No,No,Training the Next Generation of Researchers in HEAL,https://reporter.nih.gov/project-details/10580155,Jian  Shu,
HDP01024,3UH3AR076387-02S1,archived,2025-01-28T12:29:28.061363,Fibromyalgia TENS in Physical Therapy Study (TIPS): an embedded pragmatic clinical trial: Administrative Supplement,2022,No,,11.5,,,No,No,Training the Next Generation of Researchers in HEAL,https://reporter.nih.gov/project-details/10650569,"Leslie J Crofford, KATHLEEN A SLUKA",
HDP01025,3R01MH128904-02S1,archived,2025-06-18T15:38:38.414471,Supporting Treatment Access and Recovery for Co-Occurring Opioid Use and Mental Health Disorders (STAR-COD),2022,No,,11.5,NIMH Data Archive,,No,No,"Increasing Participant Diversity, Inclusion, and Engagement in HEAL Research",https://reporter.nih.gov/project-details/10693447,"Gerardo  Gonzalez, Wenjun  Li, Todd Alden Olmstead, DAVID A SMELSON",
HDP01026,3U2COD023375-07S1,archived,2024-11-04T13:39:27.837466,ACT-NOW Data Sustainability - ECHO Administrative Supplement,2022,No,,11.5,,,No,No,Leveraging Existing and Real-Time Opioid and Pain Management Data,https://reporter.nih.gov/project-details/10628516,"Laura Kristin NEWBY, Phillip Brian Smith",
HDP01027,1R21AT012430-01,live,,"Pain Management Strategies, Associated Psychological Variables, and Outcomes in Critical Limb Ischemia",2022,Yes,,7.7,,,No,No,Leveraging Existing and Real-Time Opioid and Pain Management Data,https://reporter.nih.gov/project-details/10599675,"Carlos  Mena-Hurtado, Kim Germaine Smolderen",
HDP01028,3U24NS113844-04S1,archived,2023-12-06T11:02:57.076696,Statistical Methods to Jointly Model Multiple Pain Outcome Measures,2022,No,,11.5,,,No,No,Training the Next Generation of Researchers in HEAL,https://reporter.nih.gov/project-details/10622820,"Eva  Petkova, Andrea B Troxel",
HDP01029,1RM1NS128741-01,live,,From Nerve to Brain: Toward a Mechanistic Understanding of Spinal Cord Stimulation in Human Subjects,2022,Yes,NCT05661903,92.3,Vivli,,Yes,Yes,Translating Discoveries into Effective Devices to Treat Pain,https://reporter.nih.gov/project-details/10518516,"ROY  FREEMAN, Marco Luciano Loggia, Brian Jason Wainger",10.60490/HDP01029
HDP01030,1K12NS130673-01,live,,University of Michigan (UM) HEAL Initiative National K12 Clinical Pain Career Development Program (UM-HCPDP),2022,No,,11.5,,,No,No,Training the Next Generation of Researchers in HEAL,https://reporter.nih.gov/project-details/10596851,"Daniel J Clauw, Steven Edward Harte, David A Williams",
HDP01031,1R21HD112210-01,live,,Neurobiology of pain experiences in youth in the ABCD study,2022,Yes,,7.7,NIH Brain Development Cohorts (NBDC) Data Hub,https://www.nbdc-datahub.org/abcd-release-6-0,No,No,Leveraging Existing and Real-Time Opioid and Pain Management Data,https://reporter.nih.gov/project-details/10597790,Anna Camille Wilson,
HDP01032,1R61AT012185-01,live,,MRI-based quantitative characterization of impaired myofascial interface properties in myofascial pain syndrome,2022,Yes,NCT05604066,75.0,,,Yes,Yes,"Discovery and Validation of Biomarkers, Endpoints, and Signatures for Pain Conditions",https://reporter.nih.gov/project-details/10569208,"Brent A Bauer, Ziying  Yin",10.60490/HDP01032
HDP01033,1R24DA057632-01,live,,Collaborative Hub for Emerging Adult Recovery Research (CHEARR),2022,Yes,,19.2,,,No,No,Recovery Research Networks,https://reporter.nih.gov/project-details/10589466,Kristyn  Zajac,
HDP01034,1UG3DA054785-01A1,live,,Development of Specific Mu Opioid Receptor Antagonists to Reverse the Acute and Chronic Toxicity of Fentanyls,2022,No,,11.5,,,No,No,Focusing Medication Development to Prevent and Treat Opioid Use Disorder and Overdose,https://reporter.nih.gov/project-details/10476705,YAN  ZHANG,
HDP01035,1U2CDA057717-01,live,,HD2A RASC-Administrative Core,2022,Yes,,7.7,,,No,No,,https://reporter.nih.gov/project-details/10596436,Mark P McGovern,
HDP01036,1U2CDA057717-01,archived,2024-07-30T07:02:54.401588,HD2A RASC-SUD Implementation Support Core,2022,Yes,,7.7,,,No,No,,https://reporter.nih.gov/project-details/10596437,Sara J. Becker,
HDP01037,1U2CDA057717-01,archived,2024-07-30T07:02:55.276145,HD2A RASC - Pain Implementation Support Core,2022,Yes,,7.7,,,No,No,,https://reporter.nih.gov/project-details/10596438,WILLIAM C BECKER,
HDP01038,1U2CDA057717-01,archived,2024-07-30T07:02:57.020917,HD2A RASC-Research and Evaluation Core,2022,Yes,,7.7,,,No,No,,https://reporter.nih.gov/project-details/10596439,C. HENDRICKS BROWN,
HDP01039,1U19NS130607-01,archived,2024-02-20T12:48:18.936494,Characterization of human DRG at the single cell level via integrated transcriptomics and spatial proteomics,2022,No,,11.5,,,No,No,,https://reporter.nih.gov/project-details/10593846,Valeria  Cavalli,
HDP01040,1U19NS130607-01,archived,2024-02-20T12:48:18.519877,Multi-omics peripheral nerve atlas enables fine-mapping of pain molecular phenotypes,2022,No,,11.5,,,No,No,,https://reporter.nih.gov/project-details/10593845,JEFFREY D MILBRANDT,
HDP01041,1U19NS130607-01,archived,2024-02-20T12:48:18.091665,Functional and genetic characterization of human DRG and spinal cord at single cell resolution,2022,No,,11.5,,,No,No,,https://reporter.nih.gov/project-details/10593847,Robert W Gereau,
HDP01042,1U19NS130607-01,archived,2024-02-20T12:48:16.922790,Core A: Administration,2022,No,,11.5,,,No,No,,https://reporter.nih.gov/project-details/10593844,Robert W Gereau,
HDP01043,1U19NS130607-01,archived,2024-02-20T12:48:17.291292,Core B: Tissue Procurement and Processing,2022,No,,11.5,,,No,No,,https://reporter.nih.gov/project-details/10593848,Bryan  Copits,
HDP01044,1U19NS130607-01,archived,2024-02-20T12:48:17.668908,Core C: Data,2022,No,,11.5,,,No,No,,https://reporter.nih.gov/project-details/10593849,Sheng Chih  Jin,
HDP01045,1RM1DA055301-01,live,,Integrative Treatment for Achieving Holistic Recovery from Comorbid Chronic Pain and Opioid Use Disorder (HOPE),2021,Yes,NCT05571917,82.7,NAHDAP,,Yes,Yes,,,"WITKIEWITZ, KATIE A",10.60490/HDP01045
HDP01046,1RM1DA055310-01,live,,Stepped Care for Patients to Optimize Whole Recovery (SC-POWR),2021,Yes,NCT05155163,84.6,NAHDAP,,Yes,Yes,,,"BECKER, WILLIAM C",10.60490/HDP01046
HDP01047,1RM1DA055311-01,archived,2024-07-30T07:02:59.417736,Tailored Retention and Engagement for Equitable Treatment of OUD and Pain (TREETOP) - Retention Project,2021,Yes,,7.7,,,No,No,,,"MERLIN, JESSICA S",
HDP01048,1RM1DA055437-01,live,,Randomized Trial of Acceptance and Commitment Therapy (ACT) and a Care Management App in Primary Care-based Buprenorphine Treatment (IMPOWR-ME),2021,Yes,,96.2,NAHDAP,,Yes,Yes,,,"STARRELS, JOANNA L.",10.60490/HDP01048
HDP01049,1RM1DA055437-01,live,,Randomized Trial of Yoga and Physical Therapy Onsite at Opioid Treatment Programs for Patients with Chronic Back Pain and Opioid Use Disorder,2021,Yes,,98.1,NAHDAP,,No,No,,,"STARRELS, JOANNA L.",10.60490/HDP01049
HDP01050,OT2NS122680-01,live,,A Study to Evaluate the Safety and Efficacy of CNTX-6970 in Subjects With Knee Osteoarthritis Pain,2021,Yes,NCT05025787,88.5,Vivli,https://doi.org/10.25934/PR00011740,Yes,Yes,EPPIC-NET,https://reporter.nih.gov/project-details/10267804,MAURIZIO  FAVA,10.60490/HDP01050
HDP01051,OT2NS122680-01,live,,EPPIC-Net: Novaremed Painful Diabetic Peripheral Neuropathy ISA,2021,Yes,NCT05480228,88.5,Vivli,,Yes,Yes,EPPIC-NET,https://reporter.nih.gov/project-details/10267804,MAURIZIO  FAVA,10.60490/HDP01051
HDP01052,1R01DA057655-01,live,,Implementing and evaluating the impact of novel mobile harm reduction services on overdose among women who use drugs: The SHOUT study.,2022,Yes,,80.8,NAHDAP,,No,No,Harm Reduction Approaches to Reduce Overdose Deaths,https://reporter.nih.gov/project-details/10590364,Susan G. Sherman,10.60490/vv3b-h790
HDP01053,1R01DA044159-01A1,live,,Testing of a patient-centered e-health implementation model in addiction treatment,2018,No,,11.5,,,No,No,,https://reporter.nih.gov/project-details/9519355,"DAVID H GUSTAFSON, Todd David Molfenter",
HDP01054,3R01DA044159-02S1,live,,Testing of patient-centered e-health implementation model in addiction treatment,2020,Yes,,23.1,,,No,No,,https://reporter.nih.gov/project-details/10140939,"DAVID H GUSTAFSON, Todd David Molfenter",
HDP01055,9R42NS120548-02A1,live,,Development of KLS-13019 for Neuropathic Pain,2021,Yes,,67.3,,,No,No,Small Business Programs,https://reporter.nih.gov/project-details/10326595,"Douglas Eric Brenneman, SARA J WARD",10.60490/HDP01055
HDP01056,1R01DA057613-01,live,,"Assessing the Reach, Effectiveness, and Implementation of Multiple Harm Reduction Interventions.",2022,Yes,,63.5,NAHDAP,,No,No,Harm Reduction Approaches to Reduce Overdose Deaths,https://reporter.nih.gov/project-details/10587283,ALEXANDER H KRAL,10.60490/HDP01056
HDP01057,1R01DA057665-01,live,,Promoting remote harm reduction and secondary services in rural settings (PROMOTE) study,2022,Yes,,78.8,NAHDAP,,Yes,No,Harm Reduction Approaches to Reduce Overdose Deaths,https://reporter.nih.gov/project-details/10590281,"MARY ELLEN MACKESY-AMITI, Mai Tuyet Pho",10.60490/HDP01057
HDP01058,1R01DA057633-01,live,,Teaching harm reduction in vulnerable environments (THRIVE): a peer-led intervention bridging acute care settings and the discharge to the community,2022,Yes,,7.7,NAHDAP,,No,No,Harm Reduction Approaches to Reduce Overdose Deaths,https://reporter.nih.gov/project-details/10589388,Jacqueline Deanna Wilson,
HDP01059,1R24NS132283-01,live,,"PURPOSE: Positively Uniting Researchers of Pain to Opine, Synthesize, and Engage",2022,No,,11.5,,,No,No,Training the Next Generation of Researchers in HEAL,https://reporter.nih.gov/project-details/10667277,Jacob Sutton Coverstone,
HDP01060,1R01DA057645-01,live,,Mobile health strategies to support longitudinal engagement in harm reduction services,2022,Yes,,76.9,NAHDAP,,No,No,Harm Reduction Approaches to Reduce Overdose Deaths,https://reporter.nih.gov/project-details/10590481,"David W Seal, Ryan Patrick Westergaard",10.60490/HDP01060
HDP01061,1R01DA056537-01,live,,Implementation and Effectiveness of Mindfulness Oriented Recovery Enhancement as an Adjunct to Methadone Treatment for Opioid Use Disorder,2022,Yes,,80.8,NAHDAP,,Yes,Yes,,https://reporter.nih.gov/project-details/10501361,"Nina  Cooperman, Eric Lee Garland",10.60490/HDP01061
HDP01062,5U01DA053039-03,live,,Addressing risk through Community Treatment for Infectious disease and Opioid use disorder Now (ACTION) among justice-involved populations,2022,Yes,NCT05286879,34.6,"JCOIN, NAHDAP",,Yes,No,,https://reporter.nih.gov/project-details/10449252,"KEVIN  KNIGHT, Ank Elisabeth Nijhawan, SANDRA Ann SPRINGER",
HDP01063,5U01NS113867-03,live,,Nociceptive Afferent Topographical Innervation of the Heart and Stomach,2021,Yes,,38.5,SPARC,"https://doi.org/10.26275/jrj4-zrmj, https://doi.org/10.26275/cljd-yjqy, https://doi.org/10.26275/qdv4-0vx5, https://doi.org/10.26275/1ito-vvqo, https://doi.org/10.26275/86ve-meck, https://doi.org/10.26275/rmcz-jfoq, https://doi.org/10.26275/wh9h-tbew",No,No,,https://reporter.nih.gov/project-details/10263240,ZIXI Jack CHENG,
HDP01064,1R01DA057654-01,live,,Expansion of Mail-Delivered Harm Reduction Services in the U.S.,2022,Yes,,73.1,NAHDAP,,No,No,Harm Reduction Approaches to Reduce Overdose Deaths,https://reporter.nih.gov/project-details/10590378,Czarina Navos Behrends,10.60490/HDP01064
HDP01068,1R01DA057682-01,live,,"A network-based, mixed methods study to identify and support multiple overdose responders and inform overdose prevention interventions",2022,Yes,,80.8,NAHDAP,,Yes,No,Harm Reduction Approaches to Reduce Overdose Deaths,https://reporter.nih.gov/project-details/10590120,Karla D. Wagner,10.60490/HDP01068
HDP01069,1U54DA049110-01,live,,HEAL-affiliated NIH Common Fund Acute to Chronic Pain Signatures (A2CPS) Program,2019,Yes,,7.7,NIMH Data Archive,https://nda.nih.gov/edit_collection.html?id=5121,No,No,Common Fund,https://reporter.nih.gov/project-details/9812376,"Martin  Lindquist, TOR D. WAGER",
HDP01070,1RF1NS130481-01,live,,Immune modulating therapies to treat complex regional pain syndrome,2022,Yes,,69.2,,,Yes,No,Discovery and Validation of Novel Targets for Safe and Effective Treatment of Pain,https://reporter.nih.gov/project-details/10583271,Seena  Ajit,10.60490/HDP01070
HDP01071,1R24DA057611-01,archived,2025-02-06T12:39:43.448598,RTI HEAL Harm Reduction Network Coordination Center,2022,No,,11.5,,,No,No,Harm Reduction Approaches to Reduce Overdose Deaths,https://reporter.nih.gov/project-details/10587698,"Jessica Duncan Cance, Emmanuel Aja Oga",
HDP01072,1R01DA057651-01,live,,Culturally Response Integrated Harm Reduction Services for Black and Latinx People Who use Drugs,2022,Yes,,69.2,NAHDAP,,No,No,Harm Reduction Approaches to Reduce Overdose Deaths,https://reporter.nih.gov/project-details/10590442,Ayana  Jordan,10.60490/HDP01072
HDP01073,1R01DA057670-01,live,,Peer Engagement in Methamphetamine Harm-Reduction with Contingency Management (PEER-CM),2022,Yes,NCT05700994,86.5,NAHDAP,,No,No,Harm Reduction Approaches to Reduce Overdose Deaths,https://reporter.nih.gov/project-details/10590236,Philip Todd Korthuis,10.60490/HDP01073
HDP01074,1R21DA056637-01,live,,KCa2 Channel Activators for Opioid Use Disorder,2022,Yes,,61.5,Dryad,,No,No,Focusing Medication Development to Prevent and Treat Opioid Use Disorder and Overdose,https://reporter.nih.gov/project-details/10511349,HEIKE  WULFF,10.60490/HDP01074
HDP01075,1R01DA058277-01,live,,A comparative evaluation of overdose prevention programs in New York City and Rhode Island,2023,No,,11.5,,,No,No,Harm Reduction Approaches to Reduce Overdose Deaths,https://reporter.nih.gov/project-details/10629749,"Magdalena  Cerda, Brandon David Lewis Marshall",
HDP01076,4R33AT009932-02,live,,Mindful Body Awareness Training as an Adjunct to Medication Assisted Treatment for Opioid Use Disorder,2019,Yes,NCT04082637,82.7,NAHDAP,https://doi.org/10.3886/ICPSR39235.v2,No,No,Behavioral Research to Improve Medication-based Treatment,https://reporter.nih.gov/project-details/9882365,CYNTHIA J PRICE,10.60490/HDP01076
HDP01077,1UG3AR083838-01,live,,Improving Function and Reducing Opioid Use for Patients with Chronic Low Back Pain in Rural Communities through Improved Access to Physical Therapy using Telerehabilitation,2023,Yes,,7.7,NIMH Data Archive,,Yes,Yes,,https://reporter.nih.gov/project-details/10745146,"Kevin  McLaughlin, RICHARD L. SKOLASKY",
HDP01078,1R43HD111082-01A1,archived,2024-10-25T12:43:29.738065,Novel Venous Device for the Treatment of Chronic Pelvic Pain,2023,No,,11.5,,,No,No,Small Business Programs,https://reporter.nih.gov/project-details/10696574,Rodney  Brenneman,
HDP01079,1R21NS132565-01,live,,DISCOVERY OF NOVEL TARGETS FOR POST-TRAUMATIC HEADACHE,2023,No,,11.5,,,No,No,Discovery and Validation of Novel Targets for Safe and Effective Treatment of Pain,https://reporter.nih.gov/project-details/10685784,YUQING  CAO,
HDP01080,1R43DA058614-01,live,,Combination Therapeutic for Chronic Opioid Use Disorder Relapse,2023,No,,11.5,,,No,No,Small Business Programs,https://reporter.nih.gov/project-details/10706844,TREVOR P. CASTOR,
HDP01081,1UG3NS131518-01,live,,Anesthetic-Eluting Contact Lens for Corneal Pain,2023,No,,11.5,,,No,No,Development and Optimization of Non-Addictive Therapies to Treat Pain,https://reporter.nih.gov/project-details/10646991,Joseph B. Ciolino,
HDP01082,1R41NS127637-01A1,live,,Protease-activated-receptor-2 antagonists for treatment of migraine pain,2023,No,,11.5,,,No,No,Small Business Programs,https://reporter.nih.gov/project-details/10602826,"GREGORY O DUSSOR, Kathryn   DeFea",
HDP01083,1R21NS132590-01,live,,Structure-Function and Signaling of Glutamate Delta 1 in Pain Mechanism,2023,Yes,,7.7,Figshare,https://figshare.com/projects/D-Serine_disrupts_Cbln1_and_GluD1_interaction_and_affects_Cbln1-dependent_synaptic_effects_and_nocifensive_responses_in_the_central_amygdala/238538,No,No,Discovery and Validation of Novel Targets for Safe and Effective Treatment of Pain,https://reporter.nih.gov/project-details/10688445,Shashank Manohar Dravid,
HDP01084,1R61NS131307-01,live,,Preclinical assessment of a novel systemic drug candidate for osteoarthritic pain,2023,Yes,,7.7,Database of Genotypes and Phenotypes (dbGaP),,No,No,Development and Optimization of Non-Addictive Therapies to Treat Pain,https://reporter.nih.gov/project-details/10642544,DENIS  EVSEENKO,
HDP01085,1U01DA058541-01,live,,PDE7 Inhibitor for the Treatment of Cocaine Use Disorder,2023,No,,11.5,,,No,No,Focusing Medication Development to Prevent and Treat Opioid Use Disorder and Overdose,https://reporter.nih.gov/project-details/10692504,George  Gaitanaris,
HDP01086,1R44DA058467-01,live,,Development of a Novel Calcium Channel Therapeutic for Opioid Use Disorder,2023,Yes,,7.7,,,No,No,Small Business Programs,https://reporter.nih.gov/project-details/10684558,Milton L Greenberg,
HDP01087,2R44DA053078-02,live,,Developing and testing the Opioid Rapid Response System,2023,Yes,,55.8,Mendeley Data,,Yes,No,Small Business Programs,https://reporter.nih.gov/project-details/10696992,"Hye Jeong Choi, Michael  Hecht",10.60490/HDP01087
HDP01088,1UG3DA058552-01,archived,2025-04-21T17:25:45.886167,Development of a Potent and Selective Nav1.8 inhibitor for the Treatment of Acute and Chronic Pain with the Goal of Reducing Opioid Use and Preventing Opioid Use Disorders,2023,No,,11.5,,,No,No,Focusing Medication Development to Prevent and Treat Opioid Use Disorder and Overdose,https://reporter.nih.gov/project-details/10694726,"John Cureton Hunter, John Vincent Mulcahy",
HDP01089,2R44MD015912-03,live,,Clinical Optimization of Ultrasonic Drug Delivery Technologies for Underserved Minority US Veterans in Chronic Pain,2023,No,,11.5,,,No,No,Small Business Programs,https://reporter.nih.gov/project-details/10691962,George Kenneth Lewis,
HDP01090,1U01DA058548-01,live,,Clinical Development of a Therapeutic Agent for Rapid Reversal of Methamphetamine Intoxication,2023,No,,11.5,,,No,No,,https://reporter.nih.gov/project-details/10695542,Xinhua  Li,
HDP01091,1UG3NS131304-01,live,,Development of positive TMEM97 modulators for treating neuropathic pain,2023,Yes,,61.5,,,No,No,Development and Optimization of Non-Addictive Therapies to Treat Pain,https://reporter.nih.gov/project-details/10642506,STEPHEN  MARTIN,
HDP01092,2R44DA050393-02,live,,Evaluation of the therapeutic potential of exclusive antagonists of extrasynaptic NMDA receptors for the treatment of opioid use disorder,2023,No,,11.5,,,No,No,Small Business Programs,https://reporter.nih.gov/project-details/10581405,ELENA  MOLOKANOVA,
HDP01093,1R43NS132623-01,live,,Optogenetic Pain Modulator for non-opioid chronic pain management,2023,No,,11.5,,,No,No,Small Business Programs,https://reporter.nih.gov/project-details/10701510,Darryl  Narcisse,
HDP01094,1R44DA058531-01,live,,"BoostPrime, A Novel Digital Therapeutic for Craving Mitigation in OUD",2023,No,,11.5,,,No,No,Small Business Programs,https://reporter.nih.gov/project-details/10689000,Salil  Patel,
HDP01095,1R43HL167661-01A1,live,,Improving Analgesic Effectiveness and Safety with Proactive Precision Pain Management in Thoracic Surgical Patients with Lung Lesions,2023,No,,11.5,,,No,No,Small Business Programs,https://reporter.nih.gov/project-details/10695275,"Steven R.  Plump, Senthilkumar  Sadhasivam",
HDP01096,1R43DA058430-01,live,,Predicting and Preventing Adverse Maternal and Child Outcomes of Opioid Use Disorder in Pregnancy,2023,No,,11.5,,,No,No,Small Business Programs,https://reporter.nih.gov/project-details/10683849,"Steven R.  Plump, Senthilkumar  Sadhasivam",
HDP01097,1R44DA058474-01,live,,Development of the OpiAID strength band platform,2023,No,,11.5,,,No,No,Small Business Programs,https://reporter.nih.gov/project-details/10684399,"David Alderson MacQueen, David  Reeser, WENDY DONLIN WASHINGTON",
HDP01098,3R01DA057630-01S1,archived,2025-06-20T10:08:37.544308,Predicting fatal and non-fatal overdose in Los Angeles County with Rapid Overdose Surveillance Dashboard to target street-based addiction treatment and harm reduction services,2023,No,,11.5,,,No,No,"Increasing Participant Diversity, Inclusion, and Engagement in HEAL Research",https://reporter.nih.gov/project-details/10741388,"David  Goodman, Chelsea Leigh Shover",
HDP01099,2R44DA048689-02,live,,Beacon-OUD: Behavioral Economic Screening Tool of Opioid Use Disorder for Use in Clinical Practice,2023,No,,11.5,,,No,No,Small Business Programs,https://reporter.nih.gov/project-details/10603008,Sarah Emily Snider,
HDP01100,1R21TR004701-01,live,,Exploration of MBD1 as a therapeutic target for chronic pain,2023,Yes,,40.4,,,No,No,Discovery and Validation of Novel Targets for Safe and Effective Treatment of Pain,https://reporter.nih.gov/project-details/10686688,LAURA S STONE,
HDP01101,1R61NS131188-01,live,,Development of LPA5 Antagonists as Analgesics,2023,Yes,,42.3,Open Science Framework,https://osf.io/edvpx/,No,No,Development and Optimization of Non-Addictive Therapies to Treat Pain,https://reporter.nih.gov/project-details/10638278,"Jun-Xu  Li, Yuan-Xiang  Tao, Yanan  Zhang",
HDP01102,1U24DA058606-01,live,,MIRHIQL Resource Center for Improving Quality of Life with Chronic Pain (MRC),2023,Yes,,61.5,NAHDAP,,No,No,Reducing Opioid-Related Harms to Treat Chronic Pain (IMPOWR and MIRHIQL),https://reporter.nih.gov/project-details/10705887,"MEREDITH C. B. ADAMS, ROBERT Willson HURLEY",10.60490/HDP01102
HDP01103,1R44DA058431-01,live,,"Development of an AI-empowered device that utilizes multimodal data-visualization to aid in the diagnosis, and treatment, of OUD",2023,Yes,,67.3,Harvard Dataverse,,No,No,Small Business Programs,https://reporter.nih.gov/project-details/10683816,Francesca  Arese Lucini,10.60490/HDP01103
HDP01104,3U01DA055359-03S1,archived,2024-07-08T16:25:31.108760,HBCD Study Biospecimens Administrative Supplement: Resource Generation for Delivery Specimens,2023,No,,11.5,,,No,No,HEALthy Brain and Child Development Study (HBCD),https://reporter.nih.gov/project-details/10747239,"Ludmila Nicole Bakhireva, LAWRENCE M LEEMAN",
HDP01105,1R01DA058620-01,live,,"Sequential Trial of Adding Buprenorphine, Cognitive Behavioral Treatment, and Transcranial Magnetic Stimulation to Improve Outcomes of Long-Term Opioid Therapy for Chronic Pain (ACTION)",2023,Yes,NCT06442566,88.5,,,Yes,Yes,Reducing Opioid-Related Harms to Treat Chronic Pain (IMPOWR and MIRHIQL),https://reporter.nih.gov/project-details/10717184,"Kelly S. Barth, Jeffrey J Borckardt",10.60490/HDP01105
HDP01106,1U24DA058673-01,live,,Multilevel Interventions to Reduce Harm and Improve Quality of Life for Patients on Long Term Opioid Therapy - Yale Resource Center (MIRHIQL-YRC),2023,Yes,,80.8,,,No,No,Reducing Opioid-Related Harms to Treat Chronic Pain (IMPOWR and MIRHIQL),https://reporter.nih.gov/project-details/10722768,"WILLIAM C BECKER, Anne C. Black, LYNN L. DeBAR, Sara  Edmond, Denise  Esserman",10.60490/HDP01106
HDP01107,1K23DA058751-01,live,,Building and Implementing Best Practices for Buprenorphine Initiation in the Setting of Fentanyl Use,2023,Yes,,67.3,Qualitative Data Repository at Syracuse University,,No,No,Training the Next Generation of Researchers in HEAL,https://reporter.nih.gov/project-details/10721763,Elenore  Bhatraju,10.60490/HDP01107
HDP01108,1UG3NR020929-01,live,,Reaching Rural Veterans: Applying Mind-Body Skills for Pain Using a Whole Health Telehealth Intervention (RAMP-WH),2023,Yes,NCT06568250,71.2,NIMH Data Archive,,Yes,Yes,Prevention and Management of Chronic Pain in Rural Populations,https://reporter.nih.gov/project-details/10738693,"Diana J Burgess, RONI L. EVANS, Katherine E. Hadlandsmyth",10.60490/HDP01108
HDP01109,5U24DA055325-02,archived,2024-05-30T13:43:34.228950,The Healthy Brain and Child Development National Consortium Administrative Core,2022,No,,11.5,,,No,No,HEALthy Brain and Child Development Study (HBCD),https://reporter.nih.gov/project-details/10494199,"CHRISTINA  CHAMBERS, CHARLES Alexander NELSON",
HDP01110,1R61DA059163-01,live,,Supporting data-driven decision-making to support substance use service expansion policies and to prevent overdoses,2023,Yes,,76.9,NAHDAP,,No,No,Translating Data 2 Action to Prevent Overdose,https://reporter.nih.gov/project-details/10745632,Gracelyn  Cruden,10.60490/HDP01110
HDP01111,1R01HD113188-01,live,,Impact of maternal substance use on offspring neurobehavioral development,2023,Yes,,61.5,,,No,No,The Biology of Opioid Exposure During Pregnancy and Effects on Early Neuro-Behavioral Development,https://reporter.nih.gov/project-details/10750254,"RYAN H BOGDAN, Andrea Goldberg Edlow, Jamie  Lo, Elinor L. Sullivan",10.60490/HDP01111
HDP01112,1R01DA058621-01,live,,Optimizing Patient-Centered Opioid Tapering with Mindfulness-Oriented Recovery Enhancement,2023,Yes,,75.0,,,Yes,Yes,Reducing Opioid-Related Harms to Treat Chronic Pain (IMPOWR and MIRHIQL),https://reporter.nih.gov/project-details/10715903,"Nina  Cooperman, Eric Lee Garland",10.60490/HDP01112
HDP01113,1R01DA058694-01,live,,Integrating Tailored Postoperative Opioid Tapering and Pain Management Support for Patients on Long-Term Opioid Use Presenting for Spine Surgery (MIRHIQL),2023,Yes,,86.5,,,Yes,Yes,Reducing Opioid-Related Harms to Treat Chronic Pain (IMPOWR and MIRHIQL),https://reporter.nih.gov/project-details/10722943,Jennifer  Hah,10.60490/HDP01113
HDP01114,1R01DA059177-01,live,,Strategies to define and mitigate the placental and fetal alterations caused by maternal oxycodone exposure,2023,Yes,,7.7,,,No,No,The Biology of Opioid Exposure During Pregnancy and Effects on Early Neuro-Behavioral Development,https://reporter.nih.gov/project-details/10750458,"Lynda Katherine Harris, Gurudutt N Pendyala",
HDP01115,1R61DA059027-01,live,,A multi-team system implementation strategy to improve buprenorphine adherence for patients who initiate treatment in the emergency department,2023,No,,11.5,,,No,No,"Optimizing the Quality, Reach, and Impact of Addiction Services",https://reporter.nih.gov/project-details/10740793,"Stephen G Henry, Aimee  Moulin, SHIN-PING  TU",
HDP01116,3U01DA055365-03S1,archived,2024-07-08T16:25:31.744702,HBCD Study Biospecimens Administrative Supplement: Resource Generation for Delivery Specimens,2023,No,,11.5,,,No,No,HEALthy Brain and Child Development Study (HBCD),https://reporter.nih.gov/project-details/10748467,"Sara Bonamo DeMauro, Hao  Huang",
HDP01117,1UG3HL165839-01A1,archived,2025-02-07T10:13:16.435150,Peer suppoRt for adolescents and Emerging adults with Sickle cell pain: promoting ENgagement in Cognitive behavioral thErapy,2023,No,,11.5,,,No,No,Pain Management Effectiveness Research Network (ERN),https://reporter.nih.gov/project-details/10745058,"Charles Richard Jonassaint, Cristina  Murray-Krezan",
HDP01118,1R61DA057629-01A1,live,,"Chicago Data-driven OUD Screening, Engagement, Treatment and Planning (C-DOSETaP) System",2023,Yes,,7.7,,,No,No,Translating Data 2 Action to Prevent Overdose,https://reporter.nih.gov/project-details/10745471,Niranjan Subhash Karnik,
HDP01119,1R01HD113199-01,live,,"The Opioid in Pregnancy: Imaging of Oxygenation, Inflammation, and Development in Brain & Placenta Project (OPIOID BPP)",2023,Yes,,7.7,,,No,No,The Biology of Opioid Exposure During Pregnancy and Effects on Early Neuro-Behavioral Development,https://reporter.nih.gov/project-details/10750770,"Jeannie Chen Kelly, Yong  Wang",
HDP01120,3UH3DA047700-05S2,live,,Biased Mu-Opioid Receptor Analgesics to Prevent Overdose and Opioid Use Disorders,2023,No,,11.5,,,No,No,Focusing Medication Development to Prevent and Treat Opioid Use Disorder and Overdose,https://reporter.nih.gov/project-details/10749222,"JAMES E. BARRETT, Lawrence C Kuo",
HDP01121,1UG3DA058439-01,live,,Transcutaneous Phrenic Nerve Stimulation for Treating Opioid Overdose,2023,Yes,,7.7,,,No,No,Focusing Medication Development to Prevent and Treat Opioid Use Disorder and Overdose,https://reporter.nih.gov/project-details/10681111,"SANDRA D COMER, Alonso  Guedes, Howard  Levin, Gebhard  Wagener",
HDP01122,1UG3DA059286-01,live,,A Therapeutic Agent to Lower the Level of Synthetic Opioids in the Body,2023,No,,11.5,,,No,No,Focusing Medication Development to Prevent and Treat Opioid Use Disorder and Overdose,https://reporter.nih.gov/project-details/10759091,Xinhua  Li,
HDP01123,5U54DA049110-04,archived,2024-04-16T09:27:56.835735,Data Center for Acute to Chronic Pain Biosignatures,2022,No,,11.5,,,No,No,Acute to Chronic Pain Signatures Program,https://reporter.nih.gov/project-details/10468273,"Martin  Lindquist, TOR D. WAGER",
HDP01124,1R43HD112219-01A1,live,,"Targeted Temperature Modulation with Smart Radiometric Monitoring for Effective and Long-Lasting Opioid-Free Pelvic Pain Relief - A Novel  Low-Cost, Portable, Tampon-sized Thermal Transfer Device.",2023,Yes,,78.8,,,No,No,Small Business Programs,https://reporter.nih.gov/project-details/10760002,Zachary W Lyon,10.60490/HDP01124
HDP01125,1R44AR083337-01,live,,Development of a regional anesthesia guidance system to increase patient access to opioid-sparing analgesia for hip fracture pain,2023,No,,11.5,,,No,No,Small Business Programs,https://reporter.nih.gov/project-details/10759550,Frank William Mauldin,
HDP01126,1R43TR004743-01,live,,The Pain in a Dish Assay (PIDA): a high throughput system featuring human stem cell-derived nociceptors and dorsal horn neurons to test compounds for analgesic activity,2023,Yes,,61.5,,,No,No,Small Business Programs,https://reporter.nih.gov/project-details/10759735,PATRICK M MCDONOUGH,10.60490/HDP01126
HDP01127,1R01DA059152-01,live,,"POPI: Placenta, Opioids and Perinatal Implications",2023,No,,11.5,,,No,No,The Biology of Opioid Exposure During Pregnancy and Effects on Early Neuro-Behavioral Development,https://reporter.nih.gov/project-details/10748428,"Ilhem  Messaoudi, JOHN M O'BRIEN",
HDP01128,1R44DA059302-01,live,,Development of an Opioid Sparing Therapeutic to Minimize Opioid Use Disorderand Tolerance in the Treatment of Pain,2023,No,,11.5,,,No,No,Small Business Programs,https://reporter.nih.gov/project-details/10760487,MALCOLM A MEYN,
HDP01129,1R61NS133704-01,live,,Development of Adrb3 Antagonists for the Treatment of Pain,2023,Yes,,7.7,Dryad,,No,No,Development and Optimization of Non-Addictive Therapies to Treat Pain,https://reporter.nih.gov/project-details/10730831,"Chunyang  Jin, Andrea G Nackley",
HDP01130,1R61NS133217-01,live,,A Novel Assay to Improve Translation in Analgesic Drug Development,2023,Yes,,57.7,Figshare,https://figshare.com/projects/Model_of_Pain-Depressed_Behavior_in_Mice/212555,No,No,Development and Optimization of Non-Addictive Therapies to Treat Pain,https://reporter.nih.gov/project-details/10726834,Sidney S Negus,10.60490/HDP01130
HDP01131,1UG3DA059270-01,live,,Long acting biodegradable buprenorphine depots,2023,Yes,,25.0,Harvard Dataverse,,No,No,Focusing Medication Development to Prevent and Treat Opioid Use Disorder and Overdose,https://reporter.nih.gov/project-details/10757180,Andrew  Otte,
HDP01132,3U01DA055352-03S1,archived,2024-07-08T16:25:32.933957,1/6 HBCD Prenatal Experiences and Longitudinal Development (PRELUDE) Consortium,2023,No,,11.5,,,No,No,HEALthy Brain and Child Development Study (HBCD),https://reporter.nih.gov/project-details/10748567,"ASHLEY  ACHESON, LORRAINE M MCKELVEY, Xiawei  Ou",
HDP01133,1R01DA059176-01,live,,Multimodal Analysis of Gestational Health and Placental Injury in Opioid-Affected Pregnancies,2023,No,,11.5,,,No,No,The Biology of Opioid Exposure During Pregnancy and Effects on Early Neuro-Behavioral Development,https://reporter.nih.gov/project-details/10750475,"Elizabeth E Krans, Yingshi  Ouyang, Yoel  Sadovsky",
HDP01134,3U01DA055354-03S1,archived,2024-07-08T16:25:34.754058,HBCD Study Biospecimens Administrative Supplement: Resource Generation for Delivery Specimens,2023,No,,11.5,,,No,No,HEALthy Brain and Child Development Study (HBCD),https://reporter.nih.gov/project-details/10750480,"HUGH P. GARAVAN, ALEXANDRA S POTTER",
HDP01135,1R01DA059321-01,live,,Multimodal Fetal and Placental Imaging and Biomarkers of Clinical Outcomes in Opioid Use Disorder,2023,No,,11.5,,,No,No,The Biology of Opioid Exposure During Pregnancy and Effects on Early Neuro-Behavioral Development,https://reporter.nih.gov/project-details/10750306,Rupa  Radhakrishnan,
HDP01136,1UG3DA058553-01,live,,Development of sigma receptor/DAT dual-targeting compounds to treat stimulant use disorder,2023,No,,11.5,,,No,No,Focusing Medication Development to Prevent and Treat Opioid Use Disorder and Overdose,https://reporter.nih.gov/project-details/10694574,Jeffrey  Reich,
HDP01137,3UH3DA047714-04S1,live,,Feasibility of Deep Brain Stimulation as a Novel Treatment for Refractory Opioid Use Disorder,2023,No,,11.5,,,No,No,Focusing Medication Development to Prevent and Treat Opioid Use Disorder and Overdose,https://reporter.nih.gov/project-details/10823599,Ali R Rezai,
HDP01138,3U01DA055367-03S1,archived,2024-07-08T16:25:35.560785,23/24 Healthy Brain and Child Development National Consortium,2023,No,,11.5,,,No,No,HEALthy Brain and Child Development Study (HBCD),https://reporter.nih.gov/project-details/10748634,"RYAN H BOGDAN, CYNTHIA Elise ROGERS",
HDP01139,1R01DA059181-01,live,,"Fentanyl use during pregnancy: impact on dam, placenta, and offspring development.",2023,No,,11.5,,,No,No,The Biology of Opioid Exposure During Pregnancy and Effects on Early Neuro-Behavioral Development,https://reporter.nih.gov/project-details/10750077,Daniela  Redi-Bettschen,
HDP01140,3R01DA057605-01S1,live,,Diversity Supplement - Rapid Actionable Data for Opioid Response in Kentucky (RADOR-KY),2023,No,,11.5,,,No,No,"Increasing Participant Diversity, Inclusion, and Engagement in HEAL Research",https://reporter.nih.gov/project-details/10789054,"Svetla Stefanova Slavova, Jeffery C Talbert",
HDP01141,3U24DA055330-03S1,archived,2024-07-08T16:25:37.817449,Healthy Brain and Child Development National Consortium Data Coordinating Center,2023,No,,11.5,,,No,No,HEALthy Brain and Child Development Study (HBCD),https://reporter.nih.gov/project-details/10753356,"Damien A Fair, Christopher Daniel Smyser",
HDP01142,1UG3NS128148-01A1,live,,Peripherally-restricted non-addictive cannabinoids for cancer pain treatment,2023,No,,11.5,,,No,No,Development and Optimization of Non-Addictive Therapies to Treat Pain,https://reporter.nih.gov/project-details/10726405,"CATHERINE M CAHILL, KYM Francis FAULL, IGOR  SPIGELMAN, Brian L Schmidt, Alexander Michael Spokoyny",
HDP01143,1R18EB035019-01,live,,POWS for NOWS: Using physiomarkers as an objective tool for assessing the withdrawing infant,2023,Yes,,71.2,,,No,No,Translating Discoveries into Effective Devices to Treat Pain,https://reporter.nih.gov/project-details/10740629,"Brynne Archer Sullivan, Zachary Andrew Vesoulis",10.60490/HDP01143
HDP01144,3U01DA055363-03S1,archived,2024-07-08T16:25:38.618166,12/24 The Healthy Brain and Child Development National Consortium,2023,No,,11.5,,,No,No,HEALthy Brain and Child Development Study (HBCD),https://reporter.nih.gov/project-details/10747646,"Alice M Graham, Bonnie J Nagel, Elinor L. Sullivan",
HDP01145,1R61DA059168-01,live,,The Use of Novel Linked Databasesto Reduce Postoperative Opioid Use Among Patients Undergoing Inpatient Surgery,2023,Yes,,7.7,,,No,No,Translating Data 2 Action to Prevent Overdose,https://reporter.nih.gov/project-details/10745607,"Douglas Alastair Colquhoun, Eric  Sun",
HDP01146,1K01DA058750-01,live,,Leveraging mHealth to Increase Health Equity among Black Individuals with Opioid Use Disorder and Commonly Occurring Mental Health Disorders,2023,Yes,,84.6,,,No,No,Training the Next Generation of Researchers in HEAL,https://reporter.nih.gov/project-details/10722105,Hannah  Szlyk,10.60490/HDP01146
HDP01147,1R61NS127271-01A1,live,,Planning Study for the Development of Sigma 2 ligands as Analgesics,2023,Yes,,69.2,Open Science Framework,https://osf.io/g2cpt/overview?view_only=8f07ae5cceaa433b98cb9838409ef367,No,No,Development and Optimization of Non-Addictive Therapies to Treat Pain,https://reporter.nih.gov/project-details/10641500,"BENEDICT J KOLBER, Kevin Joseph Tidgewell",10.60490/HDP01147
HDP01148,1UG3NR020930-01,live,,Adapting and Implementing a Nurse Care Management Model to Care for Rural Patients with Chronic Pain,2023,Yes,,80.8,NIMH Data Archive,,Yes,Yes,Prevention and Management of Chronic Pain in Rural Populations,https://reporter.nih.gov/project-details/10741606,"Kushang  Patel, Sebastian  Tong",10.60490/HDP01148
HDP01149,1R01HD113032-01,live,,Predicting neonatal health outcomes from placental and fetal brain extracellular vesicles in pregnant opioid users,2023,Yes,,7.7,,,No,No,The Biology of Opioid Exposure During Pregnancy and Effects on Early Neuro-Behavioral Development,https://reporter.nih.gov/project-details/10747661,"Daniel T Chiu, Lucia N Vojtech",
HDP01150,1R01HD113143-01,live,,"Association of maternal, fetal and placental biomarkers with neonatal neuroimaging and development following in-utero opioid exposure",2023,No,,11.5,,,No,No,The Biology of Opioid Exposure During Pregnancy and Effects on Early Neuro-Behavioral Development,https://reporter.nih.gov/project-details/10748626,Elisha  Wachman,
HDP01151,1R18EB035004-01,live,,Point of care diagnostic for sickle cell disease,2023,Yes,,73.1,NIMH Data Archive,,No,No,Translating Discoveries into Effective Devices to Treat Pain,https://reporter.nih.gov/project-details/10739074,Adam  Wax,10.60490/HDP01151
HDP01152,1UG3DA059285-01,live,,"Development of cebranopadol, a potent dual MOP/NOP agonist, for the treatment of Opioid Use Disorder (OUD)",2023,Yes,NCT06453265,36.5,,,No,No,Focusing Medication Development to Prevent and Treat Opioid Use Disorder and Overdose,https://reporter.nih.gov/project-details/10759100,"Mark K Greenwald, Joseph  Grieco, roberto  ciccocioppo",
HDP01153,1R61DA059169-01,live,,Leveraging Data to Action: Accelerating Emergency Department OUD Care by Improving Data Access and Infrastructure,2023,Yes,,7.7,,,No,No,Translating Data 2 Action to Prevent Overdose,https://reporter.nih.gov/project-details/10745526,"Kathryn  Hawk, Richard Andrew Taylor, Arjun Krishna Venkatesh",
HDP01154,5UH3AT009761-06,live,,Chiropractic Care for Veterans: A Pragmatic Randomized Trial Addressing Dose Effects for cLBP,2022,Yes,NCT04087291,86.5,,,No,No,,https://reporter.nih.gov/project-details/10473773,"CYNTHIA R LONG, christine MARIE goertz",10.60490/HDP01154
HDP01155,1U19NS135528-01,live,,The Penn Human Precision Pain Center (HPPC): Discovery and Functional Evaluation of Human Primary Somatosensory Neuron Types at Normal and Chronic Pain Conditions,2023,Yes,,63.5,SPARC,,Yes,Yes,Discovery and Validation of Novel Targets for Safe and Effective Treatment of Pain,https://reporter.nih.gov/project-details/10806545,"Mingyao  Li, Wenqin  Luo, Hkan  Olausson, Hao  Wu",10.60490/HDP01155
HDP01156,1R61DA059033-01A1,live,,Implementing a patient navigation intervention across a health system to address treatment entry inequities,2023,Yes,NCT06634277,86.5,,,No,No,"Optimizing the Quality, Reach, and Impact of Addiction Services",https://reporter.nih.gov/project-details/10812628,"Karen  Alexander, Jan  Gryczynski",10.60490/HDP01156
HDP01157,1UG3DA059414-01,live,,Autonomous Digital CBT Intervention for Opioid Use Disorder in Individuals with Co-Occurring Internalizing Disorders,2023,Yes,NCT06545071,76.9,NAHDAP,,No,No,Optimizing Care for People with Opioid Use Disorder and Mental Health Conditions,https://reporter.nih.gov/project-details/10774464,"JUSTIN Jack ANKER, Linda  Rinehart",10.60490/HDP01157
HDP01158,1R01DA059415-01,live,,Integrating eye-tracking and ECG methodologies for remote infant neurocognitive assessments in the home,2023,Yes,,63.5,NAHDAP,,No,No,Virtual Assessments to Understand Developmental Trajectories of Substance Use Exposure,https://reporter.nih.gov/project-details/10773680,Natalie Hiromi Brito,10.60490/HDP01158
HDP01159,1R01DA059469-01,live,,Investigating mechanisms underpinning outcomes in people on opioid agonist treatment for OUD: Disentangling sleep and circadian rhythm influences on craving and emotion regulation,2023,No,,11.5,,,No,No,Sleep Dysfunction as a Core Feature of Opioid Use Disorder and Recovery,https://reporter.nih.gov/project-details/10784209,"Mary A Carskadon, JOHN E MCGEARY, JOSIAH D RICH",
HDP01160,1RM1DA059395-01,live,,HEALing Measurement Center: Enhancing Opioid Use Disorder Recovery through Measurement Based Care,2023,Yes,NCT06965010,57.7,NAHDAP,,No,No,"Optimizing the Quality, Reach, and Impact of Addiction Services",https://reporter.nih.gov/project-details/10774377,"Arnie Paul Aldridge, Renee M Cloutier, Janice L Pringle, Kelli  Scott",10.60490/HDP01160
HDP01161,1R61DA059887-01,live,,Testing an occupational stress intervention for harm reduction workers in substance misuse settings,2023,Yes,NCT07149155,82.7,NAHDAP,http://doi.org/10.3886/ICPSR39277,Yes,No,"Optimizing the Quality, Reach, and Impact of Addiction Services",https://reporter.nih.gov/project-details/10812890,SUZANNAH K CREECH,10.60490/HDP01161
HDP01162,1R01DA059471-01,live,,"Medications for opioid use disorder differentially modulate intrinsically photosensitive retinal ganglion cell function, sleep, and circadian rhythms: implications for treatment",2023,No,,11.5,,,No,No,Sleep Dysfunction as a Core Feature of Opioid Use Disorder and Recovery,https://reporter.nih.gov/project-details/10783274,"Karen L Cropsey, Karen L Gamble",
HDP01163,1K23DA058785-01,live,,Addressing the Readiness Gap: An eHealth Intervention to Increase Patient Motivation for Evidence-Based Chronic Pain Interventions and Reduced Opioid Reliance,2023,Yes,,78.8,,,No,No,Training the Next Generation of Researchers in HEAL,https://reporter.nih.gov/project-details/10724026,Taylor Berens Crouch,10.60490/HDP01163
HDP01164,1R01DA059423-01,live,,Automated Assessment of Maternal Sensitivity to Infant Distress: Leveraging Wearable Sensors for Substance Use Disorder Prevention and Research,2023,No,,11.5,,,No,No,Virtual Assessments to Understand Developmental Trajectories of Substance Use Exposure,https://reporter.nih.gov/project-details/10777818,Kaya  de Barbaro,
HDP01165,1UG3DA058544-01A1,live,,Antibody-based therapy for fentanyl-related opioid use disorder,2023,Yes,,55.8,Figshare,https://doi.org/10.6084/m9.figshare.6025748,No,No,Focusing Medication Development to Prevent and Treat Opioid Use Disorder and Overdose,https://reporter.nih.gov/project-details/10831206,"Paul T Bremer, Rajeev Indrajit Desai",10.60490/HDP01165
HDP01166,1UG3NS135170-01,live,,Predictive Biosignature for Endoscopic Therapy for Chronic Pancreatitis Pain,2023,Yes,NCT06267365,76.9,NIMH Data Archive,,Yes,Yes,"Discovery and Validation of Biomarkers, Endpoints, and Signatures for Pain Conditions",https://reporter.nih.gov/project-details/10794609,"Zhe Sage Chen, Lisa  Doan, TAMAS ADAM GONDA, Hyung  Park, Jing  Wang",10.60490/HDP01166
HDP01167,1RM1DA059365-01,live,,Improving quality and equity of opioid use disorder treatment using a multi-state Medicaid research network,2023,Yes,,76.9,ICPSR,,No,No,"Optimizing the Quality, Reach, and Impact of Addiction Services",https://reporter.nih.gov/project-details/10771064,"Andrew James Barnes, JULIE Marie DONOHUE",10.60490/HDP01167
HDP01168,1R42NS132622-01,live,,Targeting TLR4-lipid rafts to prevent postoperative pain,2023,No,,11.5,,,No,No,Small Business Programs,https://reporter.nih.gov/project-details/10701528,"Patrick M Dougherty, Yakov  Kogan",
HDP01169,1RF1NS135504-01,live,,Development and validation of a porcine model of spinal cord injury-induced neuropathic pain,2023,Yes,,63.5,Open Science Framework,,No,No,Development and Optimization of Non-Addictive Therapies to Treat Pain,https://reporter.nih.gov/project-details/10805071,"Sandeep R Datta, CANDACE L. FLOYD, JOHN C GENSEL",10.60490/HDP01169
HDP01170,1K99NS134965-01,live,,Lymphocyte Antigen 6 (Ly6) Proteins: New Players in Chronic Pain,2023,Yes,,65.4,Mouse Phenome Database (MPD),,No,No,Training the Next Generation of Researchers in HEAL,https://reporter.nih.gov/project-details/10784019,Kimberly  Gomez,10.60490/HDP01170
HDP01171,1R01DE033321-01,live,,Elucidating High Oral Fluid Exposure Mechanisms of Buprenorphine to Reduce Dental Caries,2023,Yes,,69.2,Harvard Dataverse,https://dataverse.harvard.edu/dataset.xhtml?persistentId=doi:10.7910/DVN/QHG3AE,Yes,No,Oral Complications Arising From Pharmacotherapies to Treat Opioid Use Disorders,https://reporter.nih.gov/project-details/10765181,"MING  HU, Bing-Yan  Wang",10.60490/HDP01171
HDP01172,1R61DA059948-01,live,,Workforce and System Change to Treat Adolescent Opioid Use Disorder within Integrated Pediatric Primary Care,2023,Yes,NCT06477848,82.7,NAHDAP,,No,No,"Optimizing the Quality, Reach, and Impact of Addiction Services",https://reporter.nih.gov/project-details/10812631,"Matthew  Aalsma, Zachary William Adams, Leslie A. Hulvershorn",10.60490/HDP01172
HDP01173,2R44DE029369-02,live,,A Novel Opioid-Free Targeted Pain Control Method for Acute Post-Operative Localized Pain Related to Oral Surgical Procedures,2023,No,,11.5,,,No,No,Small Business Programs,https://reporter.nih.gov/project-details/10761260,"Rahul  Jadia, George  Kay",
HDP01174,1K99AR083482-01,live,,Elucidating the neuroimmune mechanisms underlying pain and inflammation in autoimmune arthritis,2023,Yes,,7.7,Gene Expression Omnibus (GEO),,No,No,Training the Next Generation of Researchers in HEAL,https://reporter.nih.gov/project-details/10784407,Aakanksha  Jain,
HDP01175,1RF1NS131165-01A1,live,,Validation of Neuropilin-1 receptor signaling in nociceptive processing,2023,No,,11.5,,,No,No,,https://reporter.nih.gov/project-details/10774563,Rajesh  Khanna,
HDP01176,1UG3NS135168-01,live,,IMPACT: Integrative Mindfulness-Based Predictive Approach for Chronic low back pain Treatment,2023,Yes,,84.6,NIMH Data Archive,,Yes,Yes,"Discovery and Validation of Biomarkers, Endpoints, and Signatures for Pain Conditions",https://reporter.nih.gov/project-details/10794463,"Emmanuel  Agu, JEAN A KING, Natalia E. Morone",10.60490/HDP01176
HDP01177,4UH3NS123964-02,live,,Disease Modifying Analgesia with CA8 Gene Therapy,2023,No,,11.5,,,No,No,Development and Optimization of Non-Addictive Therapies to Treat Pain,https://reporter.nih.gov/project-details/10710264,ROY C. LEVITT,
HDP01178,1R61DA059032-01A1,live,,Onsite PTSD Treatment to Improve MOUD Outcomes (OPTIMO): a hybrid Type 1 effectiveness-implementation trial of harm reduction PTSD care at syringe service programs,2023,Yes,NCT06872164,75.0,ICPSR,,No,No,"Optimizing the Quality, Reach, and Impact of Addiction Services",https://reporter.nih.gov/project-details/10812813,"Aaron D Fox, Teresa  Lopez-Castro",10.60490/HDP01178
HDP01179,1RM1DA059375-01,live,,HEAL Initiative: Research to Foster an Opioid Use Disorder Treatment System Patients Can Count On,2023,Yes,,7.7,,,No,No,"Optimizing the Quality, Reach, and Impact of Addiction Services",https://reporter.nih.gov/project-details/10772818,TAMI L MARK,
HDP01180,1R01DA059376-01,live,,Social safety net programs as  interventions to reduce opioid-related harms in reproductive-age women,2023,Yes,,69.2,Dryad,,No,No,Preventing Opioid Use Disorder,https://reporter.nih.gov/project-details/10772665,Silvia Saboia Martins,10.60490/HDP01180
HDP01181,1R01DA059422-01,live,,Validation of a Virtual Still Face Procedure and Deep Learning Algorithms to Assess Infant Emotion Regulation and Infant-Caregiver Interactions in the Wild,2023,No,,11.5,,,No,No,Virtual Assessments to Understand Developmental Trajectories of Substance Use Exposure,https://reporter.nih.gov/project-details/10777825,"MARK ALLAN HASEGAWA-JOHNSON, Nancy L McElwain",
HDP01182,1R33DA059884-01,live,,ADAPT: Adaptive Decision support for Addiction Treatment,2023,Yes,,75.0,ICPSR,,No,No,"Optimizing the Quality, Reach, and Impact of Addiction Services",https://reporter.nih.gov/project-details/10810953,Edward Robert Melnick,10.60490/HDP01182
HDP01183,1R61DA059889-01,live,,Methadone Patient Access to Collaborative Treatment (MPACT),2023,Yes,NCT06513728,76.9,NAHDAP,,No,No,"Optimizing the Quality, Reach, and Impact of Addiction Services",https://reporter.nih.gov/project-details/10812798,Beth  Meyerson,10.60490/HDP01183
HDP01184,9SB1NS137964-04,live,,Advancing precision pain medicines to the clinic,2023,No,,11.5,,,No,No,Small Business Programs,https://reporter.nih.gov/project-details/10822921,"Fernando  Aleman Guillen, Ana Maria Moreno",
HDP01185,2SB1NS119103-04,live,,Novel non-narcotic analgesic for acute and chronic pain,2023,No,,11.5,,,No,No,Small Business Programs,https://reporter.nih.gov/project-details/10819946,Robert  Naismith,
HDP01186,1RM1DA059377-01,live,,Person-centered quality measurement and management in a system for addictions treatment in New York State,2023,No,,11.5,,,No,No,"Optimizing the Quality, Reach, and Impact of Addiction Services",https://reporter.nih.gov/project-details/10772463,"Constance  Burke, Patricia  Lincourt, CHARLES J NEIGHBORS",
HDP01187,4R33DA057683-02,live,,Leveraging regulatory flexibility for methadone take-home dosing to improve retention in treatment for opioid use disorder: A stepped-wedge randomized trial to facilitate clinic level changes,2023,Yes,,7.7,,,No,No,Translating Data 2 Action to Prevent Overdose,https://reporter.nih.gov/project-details/10878304,"Yuhua  Bao, CHARLES J NEIGHBORS, Kelly S Ramsey",
HDP01188,1R01DA059401-01,live,,Preventing School Exclusion and Opioid Misuse: Effectiveness of the Inclusive Skill-building Learning Approach (ISLA),2023,Yes,,57.7,,,No,No,Preventing Opioid Use Disorder,https://reporter.nih.gov/project-details/10775597,Rhonda  Nese,10.60490/HDP01188
HDP01189,1R01DA059371-01,live,,The Impact of Community Infrastructure Reinvestment Programs on Opioid Misuse and Opioid Overdose,2023,Yes,,50.0,,,No,No,Preventing Opioid Use Disorder,https://reporter.nih.gov/project-details/10771803,Elizabeth  Nesoff,10.60490/HDP01189
HDP01190,1UG3NS135173-01,live,,Developing Radiocaine NaV imaging as a response monitoring biomarker for chronic pain,2023,No,,11.5,,,Yes,Yes,"Discovery and Validation of Biomarkers, Endpoints, and Signatures for Pain Conditions",https://reporter.nih.gov/project-details/10794862,"Mohab M Ibrahim, BRAXTON  NORWOOD",
HDP01191,1R61DA059880-01,live,,Evaluation of a peer recovery support program adapted to target retention in clinic-based medication for opioid use disorder treatment,2023,Yes,NCT06696066,65.4,NAHDAP,,No,No,"Optimizing the Quality, Reach, and Impact of Addiction Services",https://reporter.nih.gov/project-details/10809150,"Melissa  Poulsen, Kristyn  Zajac",10.60490/HDP01191
HDP01192,1RF1NS134549-01,live,,Validation of a new large-pore channel as a novel target for neuropathic pain,2023,No,,11.5,,,No,No,Discovery and Validation of Novel Targets for Safe and Effective Treatment of Pain,https://reporter.nih.gov/project-details/10774593,"Yun  Guan, Zhaozhu  Qiu",
HDP01193,1R01DE033318-01,live,,Understanding the Association between Sublingual Buprenorphine and Oral Health Outcomes,2023,Yes,,59.6,FaceBase,,Yes,No,Oral Complications Arising From Pharmacotherapies to Treat Opioid Use Disorders,https://reporter.nih.gov/project-details/10765299,"Douglas  Oyler, Marcia Vanessa Rojas Ramirez",10.60490/HDP01193
HDP01194,1UG3NS131785-01A1,live,,Identifying multimodal biomarkers for autologous serum tears in the treatment of chronic postoperative ocular pain,2023,No,,11.5,,,Yes,Yes,"Discovery and Validation of Biomarkers, Endpoints, and Signatures for Pain Conditions",https://reporter.nih.gov/project-details/10794761,"Daniel  Rotroff, Rony Roger Sayegh",
HDP01195,1RM1DE033491-01,live,,Endosomal mechanisms signaling oral cancer pain,2023,Yes,,7.7,,,No,No,Integrated Basic and Clinical Team-Based Research in Pain,https://reporter.nih.gov/project-details/10786660,"NIGEL W BUNNETT, Rajesh  Khanna, KAM W LEONG, Brian L Schmidt, Yi  Ye",
HDP01196,1UG3DA059409-01,live,,Improving Buprenorphine Retention with Transcutaneous Auricular Neurostimulation for Patients with Co-occurring Posttraumatic Stress Disorder and Opioid Use Disorder,2023,Yes,NCT06130501,88.5,Open Science Framework,,No,No,Optimizing Care for People with Opioid Use Disorder and Mental Health Conditions,https://reporter.nih.gov/project-details/10775120,Joel Gregory Sprunger,10.60490/HDP01196
HDP01197,1R21DE033319-01,live,,Oral complications from sublingual buprenorphine treatment: A prospective cohort study,2023,Yes,,67.3,Harvard Dataverse,https://dataverse.harvard.edu/dataset.xhtml?persistentId=doi:10.7910/DVN/XXLGHP,No,No,Oral Complications Arising From Pharmacotherapies to Treat Opioid Use Disorders,https://reporter.nih.gov/project-details/10765272,Joji  Suzuki,10.60490/HDP01197
HDP01198,1U24NS135547-01,live,,"Meaningful data integration, visualization and distribution for Human Pain Associated Genes & Cells Datasets",2023,No,,11.5,,,No,No,Discovery and Validation of Novel Targets for Safe and Effective Treatment of Pain,https://reporter.nih.gov/project-details/10806601,"Peter John Hunter, MARYANN E MARTONE, Joost B Wagenaar",
HDP01199,1SB1AR083748-01,archived,2024-11-15T10:49:39.914506,Commercial Readiness in CTS Pain Management,2023,No,,11.5,,,No,No,Small Business Programs,https://reporter.nih.gov/project-details/10822612,"Laura  Dipietro, Timothy Andrew Wagner",
HDP01200,1R61DA059897-01,live,,'Testing a Video and Text Messaging Intervention to reduce PTSD and Opioid Misuse Among Sexual Violence Survivors',2023,Yes,NCT06456190,88.5,NAHDAP,,No,No,"Optimizing the Quality, Reach, and Impact of Addiction Services",https://reporter.nih.gov/project-details/10812062,Katie L Walsh,10.60490/HDP01200
HDP01201,1UG1DA059406-01,live,,Development and validation of a novel point-of-care technology for rapid non-targeted identification of emerging opioid and other drug threats,2023,Yes,,44.2,,,No,No,Rapidly Assessing the Public Health Impact of Emerging Opioid Threats,https://reporter.nih.gov/project-details/10775250,"Drew Alexander Hall, Daniel M Werb",
HDP01202,1R61DA059947-01,live,,Developing and Testing Innovative Care Pathways for Screening and Treatment of OUD/PTSD in Jails,2023,Yes,,28.8,Open Science Framework,,No,No,"Optimizing the Quality, Reach, and Impact of Addiction Services",https://reporter.nih.gov/project-details/10812703,"Nickolas D Zaller, Melissa Jean Zielinski",
HDP01203,1K99AR083486-01,live,,Novel models to study dorsal root ganglion neurons in knee osteoarthritis pain,2023,Yes,,48.1,Dryad,https://datadryad.org/dataset/doi:10.5061/dryad.fbg79cp5v,No,No,Training the Next Generation of Researchers in HEAL,https://reporter.nih.gov/project-details/10783393,Chelsie L Brewer,
HDP01204,1UG3NS135551-01,live,,Translating an MR-guided focused ultrasound system for first-in-human precision neuromodulation of pain circuits,2023,Yes,,80.8,,,No,No,Translating Discoveries into Effective Devices to Treat Pain,https://reporter.nih.gov/project-details/10805159,"Charles F Caskey, Li Min  Chen",10.60490/HDP01204
HDP01205,1R01DA059411-01,live,,Building Social and Structural Connections for the Prevention of OUD among Youth Experiencing Homelessness: An RCT Examining Biopsychosocial Mechanisms,2023,No,,11.5,,,No,No,Preventing Opioid Use Disorder,https://reporter.nih.gov/project-details/10775030,"Jodi  Ford, NATASHA  SLESNICK",
HDP01206,1K99AT012658-01,live,,A role for peripheral NAAA-regulated lipid signaling in the control of hyperalgesic priming,2023,No,,11.5,Figshare,,No,No,Training the Next Generation of Researchers in HEAL,https://reporter.nih.gov/project-details/10784207,Yannick  Fotio,
HDP01207,1R01DA059473-01,live,,Sleep and circadian rhythm phenotypes and mechanisms associated with opioid use disorder treatment outcomes,2023,No,,11.5,,,No,No,Sleep Dysfunction as a Core Feature of Opioid Use Disorder and Recovery,https://reporter.nih.gov/project-details/10776106,"Andrew S Huhn, Jill Alexandra Rabinowitz",
HDP01208,1RF1NS131812-01A1,live,,Targeting checkpoint inhibitors for pain control,2023,Yes,,69.2,Mendeley Data,,No,No,Discovery and Validation of Novel Targets for Safe and Effective Treatment of Pain,https://reporter.nih.gov/project-details/10771904,RU-RONG  JI,10.60490/HDP01208
HDP01209,1UG3DA059407-01,live,,Towards treatment for the complex patient: investigations of low-intensity focused ultrasound.,2023,Yes,NCT06453109,84.6,NAHDAP,,No,No,Optimizing Care for People with Opioid Use Disorder and Mental Health Conditions,https://reporter.nih.gov/project-details/10775216,"MARY  LEE, Wynn  Legon",10.60490/HDP01209
HDP01210,1UG3NS134781-01,live,,A novel glycan-based selectin and complement inhibitor for at-home disease-modifying rescue of pain crisis in sickle cell disease,2023,Yes,,7.7,Harvard Dataverse,,No,No,Development and Optimization of Non-Addictive Therapies to Treat Pain,https://reporter.nih.gov/project-details/10785873,John  Paderi,
HDP01211,1R01DA059465-01,live,,The impact of central sleep apnea in patients receiving medications for opioid use disorder,2023,No,,11.5,,,No,No,Sleep Dysfunction as a Core Feature of Opioid Use Disorder and Recovery,https://reporter.nih.gov/project-details/10783888,Sanjay R Patel,
HDP01212,1RF1NS135580-01,live,,Validation of Prenatal Rabbit Hypoxia Ischemia as a Model of Cerebral Palsy-induced Pain,2023,Yes,,63.5,BioSystics-AP,,No,No,Development and Optimization of Non-Addictive Therapies to Treat Pain,https://reporter.nih.gov/project-details/10813313,"MEGAN R DETLOFF, Katharina Ann Quinlan",10.60490/HDP01212
HDP01213,1R61DA059892-01,live,,"Data-Driven Approaches for Opioid Use Disorder Treatment, Recovery, and Overdose Prevention in Rural Communities via Mobile Health Clinics and Peer Support Services",2023,Yes,NCT06384781,76.9,NAHDAP,,No,No,"Optimizing the Quality, Reach, and Impact of Addiction Services",https://reporter.nih.gov/project-details/10812747,"Alain Harris Litwin, Lior  Rennert",10.60490/HDP01213
HDP01214,4R33NS113258-02,live,,Multi-Omic Biomarkers for Neuropathic Pain Secondary to Chemotherapy,2023,No,,11.5,,,No,No,"Discovery and Validation of Biomarkers, Endpoints, and Signatures for Pain Conditions",https://reporter.nih.gov/project-details/10709410,"JOSEPH F FOSS, Kenward B Johnson, Daniel  Rotroff",
HDP01215,1R01DE033322-01,live,,Comparative Risk of Oral Complications Associated with Medications for Opioid Use Disorder: A Mixed-Methods Approach,2023,No,,11.5,,,No,No,Oral Complications Arising From Pharmacotherapies to Treat Opioid Use Disorders,https://reporter.nih.gov/project-details/10765049,"Anne Mobley Butler, Payel Jhoom Roy",
HDP01216,1K01DA059641-01,live,,Adapting and Implementing a Chronic Disease Self-Management Program for Primary Care Patients with Opioid Use Disorder and Serious Mental Illness,2023,No,,11.5,,,No,No,Training the Next Generation of Researchers in HEAL,https://reporter.nih.gov/project-details/10785110,Elizabeth  Siantz,
HDP01217,1R61DA059895-01,live,,Promoting Retention in Opioid Treatment among Women Experiencing Intimate Partner Violence: A Novel Stepped Care Model Targeting PTSD,2023,Yes,NCT07115030,38.5,,,No,No,"Optimizing the Quality, Reach, and Impact of Addiction Services",https://reporter.nih.gov/project-details/10812139,"E. Jennifer Edelman, DAWN M JOHNSON, TAMI P SULLIVAN",
HDP01218,1U01DA059472-01,live,,Value of Sleep Metrics in Predicting Opioid-Use Disorder Treatment Outcomes: Leadership and Data Coordinating Center,2023,No,,11.5,,,No,No,Sleep Dysfunction as a Core Feature of Opioid Use Disorder and Recovery,https://reporter.nih.gov/project-details/10783610,"Shaun M Purcell, Susan S. Redline, Rui  Wang",
HDP01219,4R33AT010604-02,live,,Testing the Effects of Contingency Management and Behavioral Economics on Buprenorphine-Naloxone Treatment Adherence Using a Sequential Multiple Assignment Randomized Trial (SMART) Design,2021,Yes,NCT04080180,40.4,NAHDAP,,No,No,,https://reporter.nih.gov/project-details/10474683,Karen J Derefinko,
HDP01220,1R42NS119103-01A1,live,,Novel non-narcotic analgesic for acute and chronic pain,2020,Yes,NCT05484414,38.5,PubMed Central,,No,No,,https://reporter.nih.gov/project-details/10151404,"Hernan A Bazan, Nicolas G. Bazan",
HDP01221,1R41DA053078-01,live,,Developing and Testing the Opioid Rapid Response System,2020,Yes,NCT04589676,86.5,,,No,No,,https://reporter.nih.gov/project-details/10156736,"Michael  Hecht, Cris  Henderson, Wasantha Parakrama Jayawardene",10.60490/HDP01221
HDP01222,1R41NS132625-01A1,live,,"Opioid-Sparing Non-Surgical, Bioresorbable Nerve Stimulator for Pain Relief",2023,Yes,,51.9,GitHub,,No,No,Small Business Programs,https://reporter.nih.gov/project-details/10759642,XINYAN Tracy CUI,10.60490/HDP01222
HDP01223,3U01MH114087-02S1,live,,Developing Tools To Evaluate the Impact of Safety Planning and Lethal Means Assessment on Suicide Outcomes,2018,No,,11.5,,,No,No,Optimizing Care for People with Opioid Use Disorder and Mental Health Conditions,https://reporter.nih.gov/project-details/9730842,"Brian Kenneth Ahmedani, GREGORY E. SIMON",
HDP01224,1U01DA055369-01,archived,2024-05-30T13:43:25.046746,14/24 The Healthy Brain & Child Development National Consortium,2021,No,,11.5,,,No,No,HEALthy Brain and Child Development Study (HBCD),https://reporter.nih.gov/project-details/10378364,"Gretchen E. Bandoli, SHEILA  GAHAGAN",
HDP01225,3R01MH112138-03S3,live,,A System of Safety (SOS): Preventing Suicide through Healthcare System Transformation,2018,Yes,,53.8,NIMH Data Archive,https://nda.nih.gov/edit_collection.html?id=2491,No,No,,https://reporter.nih.gov/project-details/9716866,"Edwin D Boudreaux, CATARINA I. KIEFE",
HDP01226,3UG1DA013727-20S1,archived,2025-01-07T13:03:10.841064,Southern Consortium Node of the Clinical Trials Network,2019,No,,11.5,,,No,No,Enhancing the National Drug Abuse Treatment Clinical Trials Network to Address Opioids,https://reporter.nih.gov/project-details/9900410,"KATHLEEN T. BRADY, Matthew J Carpenter",
HDP01227,3UH3AR077360-04S1,archived,2025-03-24T11:56:33.416470,A sequenced-strategy for improving outcomes in patients with knee osteoarthritis pain,2022,No,,11.5,,,No,No,Training the Next Generation of Researchers in HEAL,https://reporter.nih.gov/project-details/10692517,"Claudia Michelle Campbell, Renan C Castillo, Steven P Cohen",
HDP01228,1R01NS103350-01A1,live,,Regulation of Trigeminal Nociception by TRESK Channels,2018,No,,11.5,,,No,No,Discovery and Validation of Novel Targets for Safe and Effective Treatment of Pain,https://reporter.nih.gov/project-details/9522562,YUQING  CAO,
HDP01229,1U01DA055347-01,archived,2024-05-30T13:43:41.497822,6/6 HBCD Prenatal Experiences and Longitudinal Development (PRELUDE) Consortium Vanderbilt,2021,No,,11.5,,,No,No,HEALthy Brain and Child Development Study (HBCD),https://reporter.nih.gov/project-details/10380490,"Laurie E Cutting, Sarah Scheiderich Osmundson",
HDP01230,3UG1DA013714-18S3,archived,2025-01-14T10:32:35.993880,Clinical Trials Network: Pacific Northwest Node,2019,No,,11.5,,,No,No,Enhancing the National Drug Abuse Treatment Clinical Trials Network to Address Opioids,https://reporter.nih.gov/project-details/9924697,"DENNIS Michael DONOVAN, Mary Akiko Hatch",
HDP01231,1U01DA055350-01,archived,2024-05-30T13:43:37.623107,7/24 Healthy Brain and Child Development National Consortium,2021,No,,11.5,,,No,No,HEALthy Brain and Child Development Study (HBCD),https://reporter.nih.gov/project-details/10380210,"IRINA  BURD, M Daniele Fallin, JOAN R. KAUFMAN",
HDP01232,1U01DA055316-01,archived,2024-05-30T13:43:40.389893,16/24 Healthy Brain and Child Development National Consortium,2021,No,,11.5,,,No,No,HEALthy Brain and Child Development Study (HBCD),https://reporter.nih.gov/project-details/10379751,"Nathan A Fox, Brenda J Harden, TRACY L. RIGGINS",
HDP01233,1UG3NS130592-01A1,live,,Sensory Phenotyping to Enhance Neuropathic Pain Drug Development,2023,Yes,,55.8,Pennsieve,https://discover.pennsieve.io/datasets/548,Yes,Yes,"Discovery and Validation of Biomarkers, Endpoints, and Signatures for Pain Conditions",https://reporter.nih.gov/project-details/10724809,"ROBERT R EDWARDS, ROY  FREEMAN, Jennifer  Gewandter",10.60490/HDP01233
HDP01234,1U01DA055366-01,archived,2024-05-30T13:43:29.093973,1/24 Healthy Brain and Child Development National Consortium,2021,No,,11.5,,,No,No,HEALthy Brain and Child Development Study (HBCD),https://reporter.nih.gov/project-details/10378875,"Wei  Gao, Kimberly D Gregory, SCOTT P JOHNSON, Lynne M. Smith",
HDP01235,1U01DA055353-01,archived,2024-05-30T13:43:30.776594,5/24 Healthy Brain and Child Development National Consortium,2021,No,,11.5,,,No,No,HEALthy Brain and Child Development Study (HBCD),https://reporter.nih.gov/project-details/10379631,"Michelle A Bosquet Enlow, Patricia Ellen Grant",
HDP01236,1OT2OD030208-01,live,,Helping to End Addiction Long-term (HEAL) Data Platform,2020,No,,11.5,,,No,No,,https://reporter.nih.gov/project-details/10167308,ROBERT L. GROSSMAN,
HDP01237,1RM1NS128956-01A1,live,,Mechanisms of Action of Peripheral Nerve Stimulation for the Treatment of Chronic Neuropathic Pain,2023,Yes,,76.9,,,Yes,Yes,Translating Discoveries into Effective Devices to Treat Pain,https://reporter.nih.gov/project-details/10730521,"SANDIP  BISWAL, Andrea Lynn Chadwick, Jennifer  Hah",10.60490/HDP01237
HDP01238,3U19TW007401-14S1,live,,"Exploration, conservation, & development of marine biodiversity in Fiji and the S",2018,No,,11.5,,,No,No,,https://reporter.nih.gov/project-details/9748221,MARK E HAY,
HDP01239,3P50MH113662-01A1S1,live,,"Accelerator Strategies for States to Improve System Transformations Affecting Children, Youth and Families",2019,Yes,,7.7,Open Science Framework,https://osf.io/U427Q,Yes,No,Preventing Opioid Use Disorder,https://reporter.nih.gov/project-details/10004917,"KIMBERLY E. HOAGWOOD, Mary McKernan McKay",
HDP01240,1RF1DA050571-01A1,live,,Reversing opioid-induced hypoxemia with novel thiol-based drugs without compromising analgesia in goats,2022,Yes,,7.7,,,No,No,Focusing Medication Development to Prevent and Treat Opioid Use Disorder and Overdose,https://reporter.nih.gov/project-details/10118262,"HUBERT V FORSTER, Matthew Robert Hodges",
HDP01241,1U01DA055357-01,archived,2025-05-21T12:24:00.373375,22/24 Healthy Brain and Child Development National Consortium,2022,No,,11.5,,,No,No,,https://reporter.nih.gov/project-details/10379510,"Martha Ann  Bell, BRITTANY ROLLINS HOWELL, Kathryn W Hosig",
HDP01242,3UG1DA049467-04S1,archived,2025-01-07T13:03:09.321338,Great Lakes Node of the Drug Abuse Clinical Trials Network,2022,No,,11.5,,,No,No,Training the Next Generation of Researchers in HEAL,https://reporter.nih.gov/project-details/10545971,Niranjan Subhash Karnik,
HDP01243,5R24DA051988-02,archived,2025-04-01T13:03:03.144068,Advancing the science on recovery community centers to support persons treated with medications for opioid use disorder,2021,No,,11.5,,,No,No,Recovery Research Networks,https://reporter.nih.gov/project-details/10213688,"BETTINA B HOEPPNER, JOHN F. KELLY",
HDP01244,1U01DA055344-01,archived,2024-05-30T13:43:38.176029,5/6 HBCD Prenatal Experiences and Longitudinal Development (PRELUDE) Consortium,2021,No,,11.5,,,No,No,HEALthy Brain and Child Development Study (HBCD),https://reporter.nih.gov/project-details/10381078,"Karen M Grewen, Weili  Lin",
HDP01245,2R44DA049640-02,live,,Virtual Reality as a Opioid Sparing Intervention for Acute Postoperative Pain Management,2019,No,,11.5,,,No,No,Small Business Programs,https://reporter.nih.gov/project-details/9848023,"Sabry  Ayad, William TODD Maddox, MICHAEL  SUK",
HDP01246,3UH3AR076724-04S1,live,,"Technology Research Site for Advanced, Faster Quantitative Imaging for BACPAC",2022,Yes,,80.8,Vivli,,Yes,Yes,Training the Next Generation of Researchers in HEAL,https://reporter.nih.gov/project-details/10683487,Sharmila  Majumdar,10.60490/HDP01246
HDP01247,1U01DA055342-01,archived,2024-05-30T13:43:39.284526,4/6 HBCD Prenatal Experiences and Longitudinal Development (PRELUDE) Consortium,2021,No,,11.5,,,No,No,HEALthy Brain and Child Development Study (HBCD),https://reporter.nih.gov/project-details/10381109,"STEPHANIE L MERHAR, JENNIFER J. VANNEST",
HDP01248,1U01DA055352-01,archived,2024-05-30T13:43:31.347447,1/6 HBCD Prenatal Experiences and Longitudinal Development (PRELUDE) Consortium,2021,No,,11.5,,,No,No,HEALthy Brain and Child Development Study (HBCD),https://reporter.nih.gov/project-details/10379773,"ASHLEY  ACHESON, LORRAINE M MCKELVEY, Xiawei  Ou",
HDP01249,5R24DA051973-02,live,,Studies to Advance Recovery Supports (STARS) in Central Appalachia,2021,No,,11.5,,,No,No,Recovery Research Networks,https://reporter.nih.gov/project-details/10214584,"Kimberly A Horn, ROBERT P PACK",
HDP01250,1U01DA055354-01,archived,2024-05-30T13:43:31.883662,20/24 The Healthy Brain and Child Development National Consortium,2021,No,,11.5,,,No,No,HEALthy Brain and Child Development Study (HBCD),https://reporter.nih.gov/project-details/10379601,"HUGH P. GARAVAN, ALEXANDRA S POTTER",
HDP01251,3UG1DA013035-18S2,archived,2025-01-14T10:32:35.605464,NIDA Clinical Trials Network: Greater New York Node,2019,No,,11.5,,,No,No,Enhancing the National Drug Abuse Treatment Clinical Trials Network to Address Opioids,https://reporter.nih.gov/project-details/9895173,"Edward V. Nunes, JOHN P ROTROSEN",
HDP01252,3UM1DA049412-04S1,archived,2024-05-03T16:10:15.624243,MassHEAL - Reducing overdose deaths by 40% (2019-2023),2022,No,,11.5,,,No,No,Training the Next Generation of Researchers in HEAL,https://reporter.nih.gov/project-details/10609256,JEFFREY H. SAMET,
HDP01253,1DP2HD112176-01,live,,Identifying plasma proteomic profiles of chronic pain development in endometriosis from adolescence to adulthood,2023,No,,11.5,,,No,No,Training the Next Generation of Researchers in HEAL,https://reporter.nih.gov/project-details/10685659,Naoko  Sasamoto,
HDP01254,5R24DA051950-02,archived,2025-04-01T13:03:03.647300,Building a Lasting Foundation to Advance Actionable Research on Recovery Support Services for High Risk Individuals with Opioid Use Disorder: The Initiative for Justice and Emerging Adult Populations,2021,No,,11.5,,,No,No,Recovery Research Networks,https://reporter.nih.gov/project-details/10187541,"Michael R McCart, ASHLI J SHEIDOW",
HDP01255,3UH3DA050174-02S3,archived,2024-09-24T10:57:06.774208,Supplement to HOME Trial: Role of Justice Involvement in Implementation and Effectiveness of Housing First for Youth Experiencing Homelessness,2023,No,,11.5,,,No,No,Preventing Opioid Use Disorder,https://reporter.nih.gov/project-details/10731903,"Kelly J Kelleher, NATASHA  SLESNICK",
HDP01256,3U24NS112873-04S1,archived,2024-04-16T09:27:57.980361,Clinical Coordinating Center for the Acute to Chronic Pain Signatures Program,2022,No,,11.5,,,No,No,Training the Next Generation of Researchers in HEAL,https://reporter.nih.gov/project-details/10684372,"CHRISTOPHER S. COFFEY, Laura A Frey Law, KATHLEEN A SLUKA",
HDP01257,3U24NS112873-04S3,archived,2024-04-16T09:27:58.617741,Clinical Coordinating Center for the Acute to Chronic Pain Signatures Program,2022,No,,11.5,,,No,No,"Increasing Participant Diversity, Inclusion, and Engagement in HEAL Research",https://reporter.nih.gov/project-details/10690109,"CHRISTOPHER S. COFFEY, Laura A Frey Law, KATHLEEN A SLUKA",
HDP01258,1U24DA055330-01,live,,Healthy Brain and Child Development National Consortium Data Coordinating Center,2021,No,,11.5,NIH Brain Development Cohorts (NBDC) Data Hub,https://www.nbdc-datahub.org/hbcd-release-2-0,No,No,HEALthy Brain and Child Development Study (HBCD),https://reporter.nih.gov/project-details/10381046,"ANDERS M DALE, Damien A Fair, Christopher Daniel Smyser",
HDP01259,3U2CDA050097-04S1,archived,2024-10-29T14:09:42.099357,JCOIN Coordination and Translation Center,2022,No,,11.5,,,No,No,Training the Next Generation of Researchers in HEAL,https://reporter.nih.gov/project-details/10675817,"Warren J. Ferguson, Todd David Molfenter, Danielle  Rudes, Faye S Taxman",
HDP01260,3R61AG081034-01S1,archived,2025-11-04T16:24:46.620851,Addressing the chronic pain epidemic among older adults in underserved community center; The GetActive+ study (McDermott-Career Enhancement Supplement),2023,No,,11.5,,,No,No,Advancing Health Equity in Pain Management,https://reporter.nih.gov/project-details/10789061,"Christine S Ritchie, Ana-Maria  Vranceanu",
HDP01261,3UH3CA261067-03S1,archived,2025-03-24T11:56:41.900564,Optimizing the use of ketamine to reduce chronic postsurgical pain,2022,No,,11.5,,,No,No,Training the Next Generation of Researchers in HEAL,https://reporter.nih.gov/project-details/10527397,"Lisa  Doan, Jing  Wang",
HDP01262,3UG1DA013732-20S2,archived,2025-01-14T10:32:38.676718,Ohio Valley Node-Network (OVNN) of the NIDA Clinical Trials Network,2019,No,,11.5,,,No,No,Enhancing the National Drug Abuse Treatment Clinical Trials Network to Address Opioids,https://reporter.nih.gov/project-details/9902782,T John WINHUSEN,
HDP01263,2R44NS086343-04,live,,IND-enabling studies on novel Cav3 T-channel modulators for treatment of neuropathic pain,2018,No,,11.5,,,No,No,Small Business Programs,https://reporter.nih.gov/project-details/9622261,Xinmin Simon Xie,
HDP01264,5R01AI132030-02,live,,Mining real-time social media big data to monitor HIV: Development and Ethical Issues,2018,No,,11.5,,,No,No,,https://reporter.nih.gov/project-details/9459809,Sean  Young,
HDP01265,5R01NS097880-02,live,,Regulation of neuropathic pain by exercise: effects on nociceptor plasticity and inflammation,2018,No,,11.5,Open Data Commons for Spinal Cord Injury,https://odc-sci.org/data/786,Yes,No,Discovery and Validation of Novel Targets for Safe and Effective Treatment of Pain,https://reporter.nih.gov/project-details/9568846,MEGAN R DETLOFF,
HDP01266,1R43AR082729-01,live,,Ultrasound Stimulated Chondrogenic Stem Cell Therapy for Osteoarthritis,2023,No,,11.5,,,No,No,,https://reporter.nih.gov/project-details/10701506,Suresh  Anaganti,
HDP01267,1R18EB035005-01,live,,"Development of A Focused Ultrasound Device for Noninvasive, Peripheral Nerve Blockade to Manage Acute Pain",2023,No,,11.5,,,No,No,,https://reporter.nih.gov/project-details/10740796,Thomas A. Anderson,
HDP01268,3U01OD033241-01S2,live,,Culturally-responsive community-driven substance use recovery for Black and Latinx populations,2022,No,,11.5,,,No,No,,https://reporter.nih.gov/project-details/10645536,"Chyrell Denise Bellamy, Ayana  Jordan",
HDP01269,1U24TR004315-01,archived,2024-11-26T15:17:20.379458,HEAL ERN: Data Coordinating Resource Center,2022,No,,11.5,,,No,No,,https://reporter.nih.gov/project-details/10591779,"Jonathan Michael Dean, Jamie P. Dwyer, KATHERINE ANN SWARD, Kevin M Watt",
HDP01270,3UH3AT010739-04S1,archived,2025-01-28T12:29:26.824573,BackInAction Administrative Supplement,2022,No,,11.5,,,No,No,,https://reporter.nih.gov/project-details/10627304,"Andrea Jean Cook, LYNN L. DeBAR",
HDP01271,3UG1DA050077-04S1,archived,2024-10-29T14:09:30.831220,A comparison of Sublingual and Extended-Release Buprenorphine for  Individuals Leaving Jail,2022,No,,11.5,,,No,No,,https://reporter.nih.gov/project-details/10547922,"Michael Scott Gordon, Shannon Gwin Mitchell",
HDP01272,1U24TR004316-01,archived,2024-11-26T15:17:21.374501,Johns Hopkins Statistical and Safety Resource Center-HEAL PAIN ERN,2022,No,,11.5,,,No,No,,https://reporter.nih.gov/project-details/10592780,DANIEL F HANLEY,
HDP01273,1U24TR004317-01,live,,ICERCH-Supporting the HEAL Pain ERN,2022,No,,11.5,,,No,No,,https://reporter.nih.gov/project-details/10592520,"Paul A. Harris, CONSUELO HOPKINS WILKINS",
HDP01274,3U01DA055357-02S1,archived,2024-07-08T16:25:28.673453,22/24 Healthy Brain and Child Development National Consortium,2023,No,,11.5,,,No,No,,https://reporter.nih.gov/project-details/10754804,"Martha Ann  Bell, BRITTANY ROLLINS HOWELL, Kathryn W Hosig",
HDP01275,3UG1DA015815-21S1,archived,2025-01-07T13:03:07.834431,Western States Node of the National Drug Abuse Treatment Clinical Trials Network,2022,No,,11.5,,,No,No,,https://reporter.nih.gov/project-details/10583135,"Keith N. Humphreys, Philip Todd Korthuis",
HDP01276,3R01DK121724-03S1,live,,Motor cortical neuromodulation in women with Interstitial Cystitis/Bladder Pain Syndrome: reducing pain by improving brain and muscle activity,2022,No,,11.5,,,No,No,,https://reporter.nih.gov/project-details/10655675,"Jason J. Kutch, Larissa  Rodriguez",
HDP01277,3U01DA055344-03S1,archived,2024-07-08T16:25:26.899785,5/6 HBCD Prenatal Experiences and Longitudinal Development (PRELUDE) Consortium,2023,No,,11.5,,,No,No,,https://reporter.nih.gov/project-details/10749358,"Karen M Grewen, Weili  Lin",
HDP01278,3U01DA050442-04S2,archived,2024-10-29T14:09:33.464519,Using Implementation Interventions and Peer Recovery Support to Improve Opioid Treatment Outcomes in Community Supervision,2022,No,,11.5,,,No,No,,https://reporter.nih.gov/project-details/10462315,"Lauren  Brinkley-Rubinstein, ROSEMARIE A MARTIN, Damaris J. Rohsenow",
HDP01279,3UH3AT010621-04S1,archived,2025-01-28T12:29:24.983362,COPC Administrative Supplement to Group-Based Mindfulness for Patients with Chronic Low Back Pain in the Primary Care,2022,No,,11.5,,,No,No,,https://reporter.nih.gov/project-details/10521941,Natalia E. Morone,
HDP01280,3U2COD023375-07S2,live,,ECHO Administrative Supplement - Neonatal Opioid Trials,2022,No,,9.6,,,No,No,,https://reporter.nih.gov/project-details/10672153,"Laura Kristin NEWBY, Phillip Brian Smith",
HDP01281,3U2CDA050097-04S2,archived,2024-10-29T14:09:35.222007,JCOIN Coordination and Translation Center,2022,No,,11.5,,,No,No,,https://reporter.nih.gov/project-details/10580967,"Danielle  Rudes, Faye S Taxman",
HDP01282,1R24DA051974-01A1,live,,Enhancing Effectiveness Research on Recovery Housing for Persons Prescribed Medication for Opioid Use Disorder,2022,Yes,,7.7,NAHDAP,,No,No,,,"Jodie M. Dewey, Amy Adale Mericle, Carmen L Masson",
HDP01283,1R24DA051974-01A1,live,,Missouri Infrastructure for Studying Treatment & Addiction Recovery Residences (MO I-STARR),2022,Yes,,75.0,NAHDAP,,No,No,,,"Rachel Winograd, Amy Adale Mericle, Carmen L Masson",10.60490/HDP01283
HDP01284,5UH3AR076736-04,live,,Focused Ultrasound Neuromodulation of Dorsal Root Ganglion for Noninvasive Mitigation of Low Back Pain,2023,Yes,,7.7,SPARC,,Yes,Yes,,https://reporter.nih.gov/project-details/10705012,"VIOLA  RIEKE, LUBDHA  SHAH",
HDP01285,CTN-0130,live,,Quantifying How Cocaine Users Respond to Fentanyl Contamination in Cocaine ,,Yes,,73.1,NAHDAP,,No,No,,,Cecilia Nunez,10.60490/HDP01285
HDP01286,CTN-0133,live,,Exploring Health Beliefs for Community Engagement and Diversity in Clinical Trials ,,Yes,,65.4,Figshare,https://doi.org/10.6084/m9.figshare.29452202,Yes,No,,,Kimberly Page,10.60490/HDP01286
HDP01287,CTN-0095A2,live,,Reducing Stigma Toward People with Opioid Use Disorder Among Primary Care Clinicians,,Yes,NCT04867382,51.9,NIDA Data Share,https://datashare.nida.nih.gov/study/nida-ctn-0095a2,Yes,No,,,"Stephanie A. Hooker, Gavin Bart, Rebecca Rossom",10.60490/HDP01287
HDP01288,CTN-0093,live,,Validation of a Community Pharmacy-based Prescription Drug Monitoring Program Risk Screening Tool (PHARMSCREEN),,Yes,NCT03936985,65.4,NIDA Data Share,https://datashare.nida.nih.gov/study/nida-ctn-0093,Yes,No,,,"Gerald Cochran, T. John Winhusen",10.60490/HDP01288
HDP01289,CTN-0147,live,,Building Opioid recovery support Networks to engage and retain young adults in Medication for Opioid Use Disorder (BOND),,No,,7.7,,,No,No,,,"Mark Fishman, Lisa A. Marsch",
HDP01290,CTN-0099,live,,Emergency Department-INitiated bupreNOrphine and VAlidaTIOn Network Trial (ED-INNOVATION),,Yes,NCT04225598,76.9,NIDA Data Share,,No,No,,,"Gail D'Onofrio, David Fiellin",10.60490/HDP01290
HDP01291,CTN-0088,live,,Better Together. Community Partnership for a Healthy Community Free from Addiction,,Yes,,21.2,NIDA Data Share,,No,No,,,Richard Schottenfeld,
HDP01292,CTN-0144,live,,Better Together: Integrating MOUD in African American Community Settings,,No,,7.7,,,No,No,,,"Richard Schottenfeld, Niranjan Karnik, José Szapocznik",
HDP01293,CTN-0099-A-1,live,,"Barriers and Facilitators to Engaging in Addiction Treatment among Black, Latino, and non-Latino White Patients Receiving ED-initiated Buprenorphine Treatment",,No,,7.7,,,No,No,,,Edouard Coupet II,
HDP01294,CTN-0095,live,,Clinic-Randomized Trial of Clinical Decision Support for Opioid Use Disorders in Medical Settings,,Yes,NCT04198428,78.8,NIDA Data Share,,No,No,,,"Rebecca Rossom, Gavin Bart",10.60490/HDP01294
HDP01295,CTN-0098,live,,Exemplar Hospital Initiation Trial to Enhance Treatment Engagement (EXHIT ENTRE),,Yes,NCT04345718,59.6,NIDA Data Share,,No,No,,,Gavin Bart,
HDP01296,CTN-0145,live,,Standard versus High Dose ED-Initiated Buprenorphine Induction,,Yes,NCT06494904,78.8,NIDA Data Share,,No,No,,,"Kathryn Hawk, Andrew Herring, Gail D'Onofrio",10.60490/HDP01296
HDP01297,CTN-0086,live,,Inpatient versus Outpatient Treatment Outcomes for People with Opioid Use Disorder,,No,,7.7,,,No,No,,,Dan Hartung,
HDP01298,CTN-0115,live,,Developing an Intervention to Address Intersecting Prescription Opioid and Chronic Pain Stigma in Cancer Survivors,,Yes,,78.8,,,No,No,,,Hailey Bulls,10.60490/HDP01298
HDP01299,CTN-0084-A-1,live,,"Determining the Optimal Duration of Buprenorphine Treatment to Reduce the Risk of Relapse, Overdose, and Mortality",,Yes,,63.5,NIDA Data Share,,No,No,,,Cynthia Campbell,10.60490/HDP01299
HDP01300,CTN-0091,archived,2025-07-10T16:04:53.466250,Preventing and Identifying Opioid Use Disorder using the Six Building Blocks (6BBs) for Improving Opioid Prescription Management,,No,,7.7,,,No,No,,,Laura-Mae Baldwin,
HDP01301,CTN-0101,live,,Subthreshold Opioid Use Disorder Prevention (STOP) Trial,,Yes,NCT04218201,84.6,NIDA Data Share,https://datashare.nida.nih.gov/study/nida-ctn-0101,No,No,,,"Jennifer McNeely, Jane Liebschutz",10.60490/HDP01301
HDP01302,CTN-0139,live,,Collaborative Care for Polysubstance use in Primary Care Settings (Co-Care),,No,,7.7,,,No,No,,,"Jennifer McNeely, Jane Liebschutz",
HDP01303,CTN-0105,live,,Integrating pharmacy-based prevention and treatment of opioid and other substance use disorders: A survey of pharmacists and stakeholder,,Yes,,69.2,NIDA Data Share,https://datashare.nida.nih.gov/study/nida-ctn-0105,No,No,,,Li-Tzy Wu,10.60490/HDP01303
HDP01304,CTN-0085,live,,Selection Bias-Free Estimation of the Impact of Drug-Focused 12-step Mutual Help Groups,,No,,7.7,,,No,No,,,Keith Humphreys,
HDP01305,CTN-0079-A-1,live,,Ancillary Study of the Adoption and Sustainability of ED-Initiated Buprenorphine,,Yes,NCT04289363,75.0,NIDA Data Share,,No,No,,,"Ryan McCormack, John Rotrosen",10.60490/HDP01305
HDP01306,CTN-0089,archived,2025-07-10T16:04:53.774002,Integrating Nurse Practitioner Buprenorphine Waiver Training into Graduate Nursing Curriculum,,No,,7.7,,,No,No,,,"Kathleen T. Brady, Karen Hartwell",
HDP01307,CTN-0107,live,,Peer Intervention to Link Overdose survivors to Treatment (PILOT),,Yes,NCT05123027,50.0,NIDA Data Share,,No,No,,,Kelly Barth,10.60490/HDP01307
HDP01308,CTN-0100,live,,"Optimizing Retention, Duration, and Discontinuation Strategies for Opioid Use Disorder Pharmacotherapy",,No,,7.7,,,No,No,,,"Edward V. Nunes, John Rotrosen, Roger D. Weiss",
HDP01309,CTN-0103,archived,2025-07-24T17:06:22.428270,Expanding Clinical Research Training on Implementing the Evidence-based Hub and Spoke Model of Medication-Assisted Treatment for Opioid Use Disorder,,No,,7.7,,,No,No,,,Lisa A. Marsch,
HDP01310,CTN-0087,live,,A Foundation to Examine Reasons for Discontinuation for Buprenorphine Care in the Veterans Health Administration,,Yes,,73.1,,,Yes,No,,,Adam J. Gordon,10.60490/HDP01310
HDP01311,CTN-0128,live,,Adherence and Feasibility of Wearable Technologies and Ecological Momentary Assessment to Assess Autonomic Function and Negative Affect in Opioid Use Disorder,,No,,7.7,,,No,No,,,Veronica Ramirez,
HDP01312,CTN-0095-A-1,live,,Suicide Prediction and Prevention for People at Risk for Opioid Use Disorder,,Yes,NCT04939727,51.9,NIDA Data Share,https://datashare.nida.nih.gov/study/nida-ctn-0095a1,Yes,No,,,"Rebecca Rossom, Gavin Bart",10.60490/HDP01312
HDP01313,CTN-0084,live,,Developing a Prescription Opioid Registry across Diverse Health Systems,,Yes,,57.7,NIDA Data Share,https://datashare.nida.nih.gov/study/nida-ctn-0084,No,No,,,Cynthia Campbell,10.60490/HDP01313
HDP01314,CTN-0106,live,,Derivation and Validation of New Measurement-Based Care Tools Derived from the Brief Addiction Monitor,,No,,7.7,,,No,No,,,"Andrew Saxon, James McKay",
HDP01315,CTN-0102,live,,Rural Expansion of Medication Treatment for Opioid Use Disorder,,No,,7.7,,,No,No,,,Yih-Ing Hser,
HDP01316,CTN-0090,live,,Innovatively Increasing PCP Prescribing of Buprenorphine: Measurement Based Care and Integrated Electronic Solution,,Yes,NCT04059016,82.7,NIDA Data Share,,No,No,,,"Adriane M. dela Cruz, Madhukar H. Trivedi",10.60490/HDP01316
HDP01317,CTN-0080,live,,Medication Treatment for Opioid-dependent Expecting Mothers (MOMs): A Pragmatic Randomized Trial Comparing Two Buprenorphine Formulations,,Yes,NCT03918850,76.9,NIDA Data Share,,No,No,,,T. John Winhusen,10.60490/HDP01317
HDP01318,CTN-0074-A-1,live,,Primary Care Opioid Use Disorders Treatment Trial Economic Analysis Study ,,Yes,,21.2,NIDA Data Share,,No,No,,,"Katharine Bradley, Sean Murphy",
HDP01319,CTN-0097,live,,Surmounting Withdrawal to Initiate Fast Treatment with Naltrexone (SWIFT): Improving the Real-World Effectiveness of Injection Naltrexone for Opioid Use Disorder,,Yes,NCT04762537,82.7,NIDA Data Share,https://datashare.nida.nih.gov/study/nida-ctn-0097,No,No,,,"Adam Bisaga, Edward V. Nunes, Jr.",10.60490/HDP01319
HDP01320,CTN-0110,live,,"Randomized, Double-Blind, Placebo-Controlled Trial of Monthly Injectable Buprenorphine for Methamphetamine Use Disorder (MURB)",,Yes,NCT05283304,84.6,NIDA Data Share,,No,No,,,"Steve Shoptaw, Madhukar H. Trivedi",10.60490/HDP01320
HDP01321,CTN-0096,live,,Culturally Centered MAT for OUD Implementation Facilitation for Primary Care and Addiction Treatment Programs Serving American Indian/Alaska Natives,,Yes,NCT04958798,76.9,,,No,No,,,"Kamilla Venner, Aimee Campbell",10.60490/HDP01321
HDP01322,CTN-0084-A-2,live,,Harnessing Digital Health to Understand Clinical Trajectories of Opioid Use Disorder (D-TECT),,Yes,NCT04535583,63.5,,,No,No,,,"Lisa A. Marsch, Cynthia Campbell",10.60490/HDP01322
HDP01323,CTN-0094,live,,Individual Level Predictive Modeling of Opioid Use Disorder Treatment Outcome,,Yes,,7.7,GitHub,"https://github.com/CTN-0094/DOPE, https://github.com/CTN-0094/public.ctn0094extra, https://github.com/CTN-0094/public.ctn0094data, https://github.com/CTN-0094/OUDRelapseRiskScore, https://github.com/CTN-0094/CTNote, https://github.com/CTN-0094/Pipeline, https://github.com/CTN-0094/CTN-0094.github.io",No,No,,,"Sean Luo, Daniel J. Feaster",
HDP01324,CTN-0146,live,,Adolescent outcomes of Post-operative opioid Exposure (APEX),,No,,7.7,,,No,No,,,"Joseph Cravero, Sharon Levy",
HDP01325,1UG3NS121563-01A1,archived,2024-07-24T09:56:35.453950,Novel Stimulation Patterns to Improve the Effectiveness of Spinal Cord Stimulation,2022,No,,11.5,,,No,No,,https://reporter.nih.gov/project-details/10358071,"Rosana  Esteller, Ashwin  Viswanathan",
HDP01326,4UH3DA048734-03,live,,Evaluating Suvorexant for Sleep Disturbance in Opioid Use Disorder,2021,No,,11.5,,,No,No,,https://reporter.nih.gov/project-details/10454583,"Kelly E Dunn, Andrew S Huhn",
HDP01327,4UH3NS121563-02,live,,Novel Stimulation Patterns to Improve the Effectiveness of Spinal Cord Stimulation,2024,Yes,NCT05968664,84.6,SPARC,,No,Yes,,https://reporter.nih.gov/project-details/10732537,"Rosana  Esteller, Ashwin  Viswanathan",
HDP01328,1R43NS130717-01,live,,Discovery of GPR171 small molecule ligands for the treatment of chronic pain,2023,No,,11.5,,,No,No,,https://reporter.nih.gov/project-details/10604177,Bingfa  Sun,
HDP01329,4R33NR020845-02,live,,Equity Using Interventions for Pain and Depression (EQUIPD),2024,Yes,NCT06500780,32.7,Vivli,,Yes,Yes,,https://reporter.nih.gov/project-details/11062118,Marianne  Matthias,
HDP01330,4UH3DA050251-03,live,,A digital intervention to prevent the initiation of opioid misuse in adolescents in school-based health centers,2021,Yes,,90.4,NAHDAP,,No,No,,https://reporter.nih.gov/project-details/10408897,Lynn Elizabeth Fiellin,10.60490/HDP01330
HDP01331,4UH3DA050250-02,live,,Preventing Opioid Use Among Justice-Involved Youth as They Transition to Adulthood: Leveraging Safe Adults (LeSA),2020,Yes,,88.5,NAHDAP,,No,No,,https://reporter.nih.gov/project-details/10209094,DANICA K KNIGHT,10.60490/HDP01331
HDP01332,5UH3DA050234-03,live,,Community Randomized Trial in the Cherokee Nation: CONNECT and CMCA for Preventing Drug Misuse among Older Adolescents,2021,Yes,NCT04839978,82.7,NAHDAP,,No,No,,https://reporter.nih.gov/project-details/10252951,KELLI Ann KOMRO,
HDP01333,4UH3DA050193-02,live,,Preventing Parental Opioid and/or Methamphetamine Addiction within DHS-Involved Families: FAIR,2020,Yes,NCT05380440,84.6,NAHDAP,,No,No,,https://reporter.nih.gov/project-details/10208316,Lisa  Saldana,10.60490/HDP01333
HDP01334,4UH3DA050174-02,live,,"Prevention of OUD: The HOME (Housing, Opportunities, Motivation and Engagement) Randomized Trial",2020,Yes,,73.1,NAHDAP,,No,No,,https://reporter.nih.gov/project-details/10168176,"Kelly J Kelleher, NATASHA  SLESNICK",10.60490/HDP01334
HDP01335,4UH3DA050252-02,live,,Does Treating Young Persons Psychopathology Prevent the Onset of Opioid and other Substance Use Disorders?,2020,Yes,,57.7,NAHDAP,,No,No,,https://reporter.nih.gov/project-details/10208059,"Timothy E Wilens, Amy  Yule",10.60490/HDP01335
HDP01336,4R33DA057600-02,live,,"Using data to drive action to reduce opioid overdoses in Seattle, WA",2024,Yes,NCT06768814,59.6,,,No,No,,https://reporter.nih.gov/project-details/10875930,"Caleb  Banta-Green, Julia Elizabeth Hood",10.60490/HDP01336
HDP01337,5RM1DA055311-03,live,,Tailored Retention and Engagement for Equitable Treatment of OUD and Pain (TREETOP),2024,Yes,NCT06855732,73.1,,,Yes,Yes,Integrative Management of chronic Pain and OUD for Whole Recovery (IMPOWR),https://reporter.nih.gov/project-details/10904796,"Megan  Hamm, Jessica S Merlin, Erin L Winstanley",10.60490/HDP01337
HDP01338,1U19AR076737-01,live,,comeBACK Study,2019,Yes,,69.2,Vivli,https://doi.org/10.25934/PR00010819,Yes,Yes,Back Pain Consortium Research Program,https://reporter.nih.gov/project-details/9898132,JEFFREY C. LOTZ,10.60490/HDP01338
HDP01339,1U19AR076737-01,live,,BACKHOME Study,2019,Yes,,65.4,Vivli,,No,No,Back Pain Consortium Research Program,https://reporter.nih.gov/project-details/9898132,JEFFREY C. LOTZ,10.60490/HDP01339
HDP01340,1U01DK123813-01,live,,HOPE Consortium Trial to Reduce Pain and Opioid Use in Hemodialysis,2019,Yes,NCT04571619,90.4,NIDDK Central Repository,https://repository.niddk.nih.gov/study/343,Yes,Yes,Integrated Approach to Pain and Opioid Use in Hemodialysis Patients,https://reporter.nih.gov/project-details/9901764,"Laura M Dember, JOHN T FARRAR, Jesse Yenchih Hsu, KYLE Matthew KAMPMAN",10.60490/HDP01340
HDP01341,3U24AR076730-01S1,live,,The Biomarkers for Evaluating Spine Treatments (BEST) Trial,2021,Yes,,75.0,"Vivli, Database of Genotypes and Phenotypes (dbGaP)",", https://doi.org/10.25934/PR00010917",No,No,Back Pain Consortium Research Program,https://reporter.nih.gov/project-details/10400459,"Matthew Mauck, Daniel J Clauw, Gwendolyn A Sowa, Kevin J Anstrom",10.60490/HDP01341
HDP01342,7R34DA057639-02,live,,"Leveraging Parents and Peer Recovery Supports to Increase Recovery Capital in Emerging Adults with Polysubstance Use: Feasibility, Acceptability, and Scaling Up of Launch",2022,Yes,NCT06414993,86.5,,,No,No,,https://reporter.nih.gov/project-details/10876784,Tess K. Drazdowski,10.60490/HDP01342
HDP01343,1R33DA062346-01,live,,"Reversing Overdose Epidemics through Simulation, Collaboration, and Unified Efforts (RESCUE)",2024,Yes,,61.5,"GitHub, ICPSR, Zenodo",,No,No,"Optimizing the Quality, Reach, and Impact of Addiction Services",https://reporter.nih.gov/project-details/11059402,"Brandon David Lewis Marshall, Xiao  Zang",10.60490/HDP01343
HDP01344,1R61NS131303-01A1,live,,Topical Neurokinin-1 Receptor Antagonist as an Effective Non-addictive Analgesic for Ocular Pain,2024,Yes,,40.4,Harvard Dataverse,,Yes,No,Development and Optimization of Non-Addictive Therapies to Treat Pain,https://reporter.nih.gov/project-details/10946971,"YIHE  CHEN, Reza  Dana",
HDP01345,1DP2NS140735-01,live,,Psychophysical distillation of pure pain by nociceptive-specific heating,2024,Yes,,73.1,OpenNEURO,,Yes,No,,https://reporter.nih.gov/project-details/10846260,Daniel Elliott Harper,10.60490/HDP01345
HDP01346,3UG3NS115637-03S1,live,,Clinical Translation of Ultrasonic Ketamine Uncaging for Non-Opioid Therapy of Chronic Pain,2024,No,,11.5,,,No,No,,https://reporter.nih.gov/project-details/11090278,"Raag D Airan, Nolan R. Williams",
HDP01347,1K99DA060895-01,live,,Mapping the Functional and Anatomical Pathways from the Anterior and Posterior Paraventricular Nucleus of the Thalamus to the Nucleus Accumbens: Implications for Opioid Use,2024,No,,11.5,,,No,No,,https://reporter.nih.gov/project-details/10947461,Yanaira  Alonso Caraballo,
HDP01348,1R18EB036591-01,live,,Transspinal Magnetic Stimulation for the Treatment of Neuropathic Pain,2024,Yes,,59.6,Harvard Dataverse,,No,No,Translating Discoveries into Effective Devices to Treat Pain,https://reporter.nih.gov/project-details/11037147,GIORGIO  BONMASSAR,
HDP01349,1R61DA059893-01A1,live,,Staffing and Supports for Implementing Cross-System Interventions with Peer Mentors,2024,Yes,,55.8,Dryad,https://doi.org/10.5061/dryad.1g1jwsv88,Yes,No,"Optimizing the Quality, Reach, and Impact of Addiction Services",https://reporter.nih.gov/project-details/10986678,"ALICIA C BUNGER, Lisa  Saldana",10.60490/HDP01349
HDP01350,3U24DA055325-04S2,archived,2025-05-21T12:23:59.197683,The Healthy Brain and Child Development National Consortium Administrative Core,2024,No,,11.5,,,No,No,HEALthy Brain and Child Development Study (HBCD),https://reporter.nih.gov/project-details/11169303,"CHRISTINA  CHAMBERS, CHARLES Alexander NELSON",
HDP01351,1R61AT012275-01A1,live,,Development of diagnostic and prognostic ultrasound imaging biomarkers for plantar heel pain,2024,Yes,NCT06803056,71.2,,,Yes,Yes,"Discovery and Validation of Biomarkers, Endpoints, and Signatures for Pain Conditions",https://reporter.nih.gov/project-details/10953166,"Ruth Louise Porter Chimenti, James H Holmes, KATHLEEN A SLUKA",10.60490/HDP01351
HDP01352,3UG1DA015831-23S2,archived,2025-04-28T11:24:24.107859,CTN145: Standard versus High Dose ED-Initiated Buprenorphine Induction Administrative Supplement 1,2024,No,,11.5,,,No,No,"Optimizing the Quality, Reach, and Impact of Addiction Services",https://reporter.nih.gov/project-details/11094445,"Gail  D'Onofrio, Kathryn  Hawk, Andrew  Herring",
HDP01353,1R43DA059315-01A1,archived,2026-02-20T15:04:58.403361,Extending duration of an injectable long-acting local anesthetic formulation using novel salts,2024,No,,11.5,,,No,No,Small Business Programs,https://reporter.nih.gov/project-details/10922483,Brett  Davis,
HDP01354,1U01DA059994-01,live,,"Efficacy, safety, and pharmacokinetic study of BICX104 naltrexone subcutaneous implant alone and in combination with bupropion for the treatment of Methamphetamine Use Disorder (MUD).",2024,No,,11.5,,,No,No,Focusing Medication Development to Prevent and Treat Opioid Use Disorder and Overdose,https://reporter.nih.gov/project-details/10829770,Kate Beebe DeVarney,
HDP01355,1R43DA060033-01A1,live,,"Xylazine and opioid overdose mitigation therapy using decoy receptor biomimetic nanoparticles, NarcoBond platform",2024,No,,11.5,,,No,No,Small Business Programs,https://reporter.nih.gov/project-details/10920983,Babak  Esmaeli-Azad,
HDP01356,1R34AA031870-01,live,,Cultivating Recovery: A Pilot Study of Digital Contingency Management for Co-occurring Opioid and Alcohol Use Disorder,2024,Yes,,80.8,NIMH Data Archive,,No,No,,https://reporter.nih.gov/project-details/10996795,"Lara Nicole Coughlin, Anne Christie Fernandez",10.60490/HDP01356
HDP01357,1R43HL172316-01,archived,2026-02-20T15:05:06.438657,A Novel Aerosolization and Inhalation Platform for the Pulmonary Delivery of Anti-inflammatory Agents to Distal Airways for the Enhanced Pain Management in Chronic Obstructive Pulmonary Disease (COPD),2024,No,,11.5,,,No,No,"Discovery and Validation of Biomarkers, Endpoints, and Signatures for Pain Conditions",https://reporter.nih.gov/project-details/10819739,Xiang  Gao,
HDP01358,1U24HD116261-01,archived,2026-02-23T15:05:23.765452,Duke-Utah HEAL KIDS Pain Resource and Data Center,2024,No,,11.5,,,No,No,,https://reporter.nih.gov/project-details/10990605,"DANIEL K. BENJAMIN, Rachel G Greenberg, KATHERINE ANN SWARD, Kevin M Watt",
HDP01359,1R21AG086147-01,live,,Binding NF-B essential modulator (NEMO) to Treat Surgical Pain,2024,Yes,,53.8,Dryad,,No,No,Discovery and Validation of Novel Targets for Safe and Effective Treatment of Pain,https://reporter.nih.gov/project-details/10846174,Eric Richard Gross,10.60490/HDP01359
HDP01360,1R01AR085335-01,live,,Innovative modeling of the biopsychosocial model in animals: Validation of outcomes for assessing emotional and cognitive domains affected by naturally-occurring chronic pain in dogs,2024,Yes,,59.6,Dryad,,No,No,,https://reporter.nih.gov/project-details/11050788,"Margaret Elizabeth Gruen, Brian  Hare, Duncan  Lascelles",10.60490/HDP01360
HDP01361,3U24TR004316-03S1,archived,2025-01-29T16:17:30.466998,Johns Hopkins Statistical and Safety Resource Center-HEAL PAIN ERN,2024,No,,11.5,,,No,No,Pain Management Effectiveness Research Network (ERN),https://reporter.nih.gov/project-details/11076851,DANIEL F HANLEY,
HDP01362,1RM1NS135283-01A1,live,,"IMPETUS: Integrated Mechanisms, Phenotypes, and Translational Underpinnings of Chronic Pain after Surgery",2024,Yes,,75.0,"Database of Genotypes and Phenotypes (dbGaP), Protocols.io",,Yes,Yes,Integrated Basic and Clinical Team-Based Research in Pain,https://reporter.nih.gov/project-details/11043819,"Meaghan C Creed, Simon  Haroutounian, Chenyang  Lu, THOMAS L RODEBAUGH, Andrew John Shepherd, Pratik  Sinha",10.60490/HDP01362
HDP01363,5R33AT010619-04,live,,Adapting Web-based CBT to improve adherence and outcome for individuals with opioid use disorder and chronic pain treated with opioid agonists,2024,Yes,NCT05204576,38.5,,,No,No,,https://reporter.nih.gov/project-details/10818411,Alicia  Heapy,
HDP01364,1R01HD116714-01,live,,Targeting Interindividual Variability in NSAID Responses to Mitigate Chronic Pelvic Pain Risk in Dysmenorrhea,2024,Yes,NCT06861920,90.4,"OpenNEURO, Open Science Framework",,No,No,,https://reporter.nih.gov/project-details/11023728,Kevin  Hellman,10.60490/HDP01364
HDP01365,3R34DA057604-01S1,live,,Research supplement to promote diversity within the context of research involving recovery community centers,2024,No,,11.5,,,No,No,,https://reporter.nih.gov/project-details/11087847,Bettina B. Hoeppner,
HDP01366,1U01DA060708-01,live,,"Phase III double-blind, randomized controlled trial of suvorexant versus placebo to treat insomnia in persons with opioid use disorder",2024,No,,11.5,,,No,No,Focusing Medication Development to Prevent and Treat Opioid Use Disorder and Overdose,https://reporter.nih.gov/project-details/10916717,Andrew S Huhn,
HDP01367,1DP2DA062283-01,live,,Novel Econometric Research Designs (NERD) to Help End Addiction Long-term,2024,No,,11.5,,,No,No,,https://reporter.nih.gov/project-details/10846091,Ali  Jalali,
HDP01368,1UG3AT012728-01,live,,Personalized Auricular Point Acupressure for Chronic Pain Self-Management in Rural Populations,2024,Yes,NCT07179016,82.7,openICPSR,https://doi.org/10.3886/E224301V1,Yes,Yes,Development and Optimization of Non-Addictive Therapies to Treat Pain,https://reporter.nih.gov/project-details/10748756,"Jane N Bolin, Jennifer  Kawi, Hulin  Wu",10.60490/HDP01368
HDP01369,1R43DA058603-01A1,archived,2026-02-20T15:05:05.291057,Developing a novel epigenetic regulator as a treatment for opioid use disorder,2024,No,,11.5,,,No,No,Small Business Programs,https://reporter.nih.gov/project-details/10822300,Thomas  Kim,
HDP01370,3R01DA057670-01S1,archived,2025-01-24T14:04:38.539172,PEER-CM Peripartum Supplement,2024,No,,11.5,,,No,No,Harm Reduction Approaches to Reduce Overdose Deaths,https://reporter.nih.gov/project-details/11096428,Philip Todd Korthuis,
HDP01371,3UC2AR082200-01S1,archived,2025-05-21T12:23:56.330965,"Neuronal anatomy, connectivity, and phenotypic innervation of the knee joint",2024,No,,11.5,,,No,No,Restoring Joint Health and Function to Reduce Pain (RE-JOIN),https://reporter.nih.gov/project-details/11093668,"Benjamin R Arenkiel, Brendan  Lee, Russell S Ray, Joshua D. Wythe",
HDP01372,1R61DA062351-01,live,,A Bundled Intervention to End Opioid Overdoses by Increasing Treatment Uptake Post Emergency Department Discharge,2024,Yes,NCT06593093,88.5,NAHDAP,,No,No,"Optimizing the Quality, Reach, and Impact of Addiction Services",https://reporter.nih.gov/project-details/11059450,Li  Li,10.60490/HDP01372
HDP01373,1UG3NS139014-01,live,,An innovative device for management of neuropathic pain after spinal cord injury,2024,Yes,,55.8,,,Yes,Yes,Translating Discoveries into Effective Devices to Treat Pain,https://reporter.nih.gov/project-details/10954466,Sheng  Li,10.60490/HDP01373
HDP01374,1R61NS133083-01A1,archived,2026-03-09T13:46:49.652892,Establishment and Validation of a Novel Animal Model of Fibromyalgia,2024,Yes,,7.7,Harvard Dataverse,,No,No,,https://reporter.nih.gov/project-details/10868792,JIANREN  MAO,
HDP01375,3U01DA050442-05S2,archived,2025-04-30T13:39:11.845045,Using Implementation Interventions and Peer Recovery Support to Improve Opioid Treatment Outcomes in Community Supervision,2024,No,,11.5,,,No,No,Justice Community Opioid Innovation Network (JCOIN),https://reporter.nih.gov/project-details/11021693,"Lauren  Brinkley-Rubinstein, ROSEMARIE A MARTIN, Damaris J. Rohsenow",
HDP01376,1DP2AR085223-01,live,,Regulation of inflammation by nociception,2024,Yes,,69.2,"GitHub, Gene Expression Omnibus (GEO)","https://www.ncbi.nlm.nih.gov/geo/query/acc.cgi?acc=GSE301586, https://github.com/mendozaalejandra/Image-analysis",No,No,,https://reporter.nih.gov/project-details/10844800,Alejandra  Mendoza,10.60490/HDP01376
HDP01377,2UG1HD104254-02,archived,2025-01-10T15:59:16.790440,Outcomes of Babies with Opioid Exposure -- Cincinnati site renewal,2024,No,,11.5,,,No,No,Advancing Clinical Trials in Neonatal Opioid Withdrawal (ACT NOW),https://reporter.nih.gov/project-details/11001622,STEPHANIE L MERHAR,
HDP01378,3R01AI145910-06S1,live,,Dysregulation of maternal immunity during pregnancy by pregravid obesity,2024,No,,11.5,,,No,No,,https://reporter.nih.gov/project-details/10950495,Ilhem  Messaoudi,
HDP01379,1R61NS136307-01,live,,Development of PAC1 receptor antagonists for the treatment of Headache Disorders,2024,Yes,,69.2,Figshare,,No,No,Development and Optimization of Non-Addictive Therapies to Treat Pain,https://reporter.nih.gov/project-details/10864662,"VSEVOLOD  KATRITCH, Susruta  Majumdar, Amynah Amir Ali Pradhan",10.60490/HDP01379
HDP01380,1R01AA031890-01,live,,Advancing Integrated Treatment for Co-Occurring Opioid and Alcohol Use Disorders: A Comprehensive Analysis of GLP-1 Receptor Agonists and Traditional Pharmacotherapies in Real-World Settings,2024,No,,11.5,,,No,No,,https://reporter.nih.gov/project-details/11001407,Fares  Qeadan,
HDP01381,1R43MH135524-01A1,archived,2026-02-20T15:05:02.069969,Training Psychologists and Nurse Practitioners in the Use of an Evidence-Based Online Pain Self-Management Program: Leveraging the Power of Expert Guidance and Telehealth,2024,No,,11.5,,,No,No,"Discovery and Validation of Biomarkers, Endpoints, and Signatures for Pain Conditions",https://reporter.nih.gov/project-details/11005478,Linda Sue Ruehlman,
HDP01382,1U01HD116257-01,archived,2026-03-09T13:41:48.479617,Implementing and Personalizing Best-In-Class Opioid-sparing Pain Management for Major Inpatient Surgeries in Children,2024,Yes,NCT06626035,86.5,NICHD DASH,,Yes,Yes,,https://reporter.nih.gov/project-details/10990745,"Vidya  Chidambaran, Senthilkumar  Sadhasivam",10.60490/HDP01382
HDP01383,1R61NS138976-01,live,,Development of selective GPR34 antagonists for the treatment of neuropathic pain,2024,No,,11.5,,,No,No,Development and Optimization of Non-Addictive Therapies to Treat Pain,https://reporter.nih.gov/project-details/10973496,"Christopher K Arnatt, DANIELA  SALVEMINI, John K. Walker",
HDP01384,1U19NS138975-01,live,,Developing small molecules to engage an analgesic GPCR in pain unpleasantness neural circuits,2024,Yes,,65.4,,,No,No,Development and Optimization of Non-Addictive Therapies to Treat Pain,https://reporter.nih.gov/project-details/10974392,"Jeffrey  Aube, MARK J SCHNITZER, Gregory  Scherrer",10.60490/HDP01384
HDP01385,1U01DA061643-01,live,,"Select Late-Stage CMC, Non-clinical Studies, and Quality Programs to Accelerate NRS-033 Towards Pivotal Studies and Registration in Opioid Use Disorder",2024,Yes,,67.3,,,No,No,Focusing Medication Development to Prevent and Treat Opioid Use Disorder and Overdose,https://reporter.nih.gov/project-details/11005551,"Nikej  Shah, Mark  Sorenson",
HDP01386,1R44AR084998-01,live,,Neural Ice Technology for Treatment of Pain,2024,No,,11.5,,,No,No,"Discovery and Validation of Biomarkers, Endpoints, and Signatures for Pain Conditions",https://reporter.nih.gov/project-details/11006862,Charles  Sidoti,
HDP01387,3R01DA057605-01S3,live,,Enhancing opioid surveillance in RADOR-KY using social media,2024,No,,11.5,,,No,No,Leveraging Existing and Real-Time Opioid and Pain Management Data,https://reporter.nih.gov/project-details/11104947,"Svetla Stefanova Slavova, Jeffery C Talbert",
HDP01388,1R01DA061773-01,live,,Neurotensin receptor 1 as a novel target for opioid use disorder and discovery of new small molecule probes,2024,Yes,,7.7,Harvard Dataverse,https://dataverse.harvard.edu/dataset.xhtml?persistentId=doi:10.7910/DVN/J10DSJ,No,No,Focusing Medication Development to Prevent and Treat Opioid Use Disorder and Overdose,https://reporter.nih.gov/project-details/11020050,"Steven H Olson, Lauren M Slosky",
HDP01389,3U01DA055363-04S1,archived,2025-05-21T12:23:56.969863,The Transgenerational Influence of Discrimination on Mental Health,2024,No,,11.5,,,No,No,,https://reporter.nih.gov/project-details/10987256,"Alice M Graham, Elinor L. Sullivan",
HDP01390,1RF1AG088052-01,live,,Validation of neuronal senescence as a target for chronic pain in aging,2024,Yes,,61.5,Dryad,,No,No,Discovery and Validation of Novel Targets for Safe and Effective Treatment of Pain,https://reporter.nih.gov/project-details/10941246,Vivianne L Tawfik,10.60490/HDP01390
HDP01391,2R42DA056254-02,live,,Development of negative allosteric modulators of the mu-opioid receptor for the management of opioid use disorder,2024,No,,11.5,,,No,No,Small Business Programs,https://reporter.nih.gov/project-details/10918505,John R. Traynor,
HDP01392,1U01HD116253-01,live,,Efficacy of intravenous sub-dissociative ketamine versus intravenous morphine in children with acute pain.,2024,Yes,NCT06835504,86.5,NICHD DASH,,Yes,Yes,,https://reporter.nih.gov/project-details/10990856,"Amy L Drendel, Daniel Sing-Kwong Tsze",10.60490/HDP01392
HDP01393,3U01DA055355-04S1,archived,2025-05-21T12:23:57.538310,9/24- Healthy Brain and Child Development National Consortium,2024,No,,11.5,,,No,No,,https://reporter.nih.gov/project-details/11090079,"Elizabeth Spencer Norton, LAUREN S WAKSCHLAG",
HDP01394,3UG1DA050072-05S1,archived,2025-04-30T13:39:11.415155,TCN PATHS Supplemental funding,2024,No,,11.5,,,No,No,Justice Community Opioid Innovation Network (JCOIN),https://reporter.nih.gov/project-details/11019307,Emily Ai-hua Wang,
HDP01395,2UG1HD104253-02,archived,2025-01-10T15:59:16.236679,CWRU Clinical Center - Outcomes of Babies with Opioid Exposure (OBOE) Study,2024,No,,11.5,,,No,No,Advancing Clinical Trials in Neonatal Opioid Withdrawal (ACT NOW),https://reporter.nih.gov/project-details/11002034,"Anna Maria  Hibbs, DEANNE E WILSON-COSTELLO",
HDP01396,1R01AR085334-01,live,,Psychometric Reliability and Validity for Behavioral Metrics of Osteoarthritic Pain in Horses,2024,Yes,,51.9,Zenodo,,No,No,,https://reporter.nih.gov/project-details/11051315,"Kyle D Allen, Adam H Biedrzycki, Samantha A Brooks, Yenisel  Cruz-Almeida",10.60490/HDP01396
HDP01397,3UC2AR082196-01S3,archived,2025-05-21T12:23:55.697506,"Comparing pain phenotypes across lower back, knee, and TMJ",2024,No,,11.5,,,No,No,Restoring Joint Health and Function to Reduce Pain (RE-JOIN),https://reporter.nih.gov/project-details/11091770,"Kyle D Allen, Alejandro Jose Almarza, Yenisel  Cruz-Almeida",
HDP01398,2UG1HD104251-02,archived,2025-01-10T15:59:15.138909,UAB Outcomes of Babies with Opioid Exposure (OBOE study),2024,No,,11.5,,,No,No,Advancing Clinical Trials in Neonatal Opioid Withdrawal (ACT NOW),https://reporter.nih.gov/project-details/10999598,"Namasivayam  Ambalavanan, Ada Myriam Peralta-Carcelen",
HDP01399,1R61DA059035-01A1,live,,"Together Against Overdose: community developed technology to encourage drug checking, distribution of harm reduction supplies, and linkage to services",2024,Yes,,69.2,,,No,No,"Optimizing the Quality, Reach, and Impact of Addiction Services",https://reporter.nih.gov/project-details/10986354,Ian David Aronson,10.60490/HDP01399
HDP01400,1R21DE033639-01,live,,Role of Understudied aGPCRs in Orofacial Neuropathic Pain,2024,Yes,,71.2,Sequence Read Archive (SRA),,No,No,Discovery and Validation of Novel Targets for Safe and Effective Treatment of Pain,https://reporter.nih.gov/project-details/10844733,"Basak  Ayaz, ROBERT M CAUDLE",10.60490/HDP01400
HDP01401,1R61NS133274-01A1,live,,A novel platform for the discovery and characterization of migraine therapies,2024,No,,11.5,,,No,No,,https://reporter.nih.gov/project-details/10973532,"ANDREW C CHARLES, Amynah Amir Ali Pradhan",
HDP01402,1K01DA061078-01,live,,Reducing opioid misuse among urban Indigenous young adults in Montana using a culturally centered intervention,2024,Yes,,75.0,NAHDAP,,No,No,,https://reporter.nih.gov/project-details/10949331,Damian M Chase-Begay,10.60490/HDP01402
HDP01403,1R21NS136077-01,live,,The involvement of GPR37L1 on a chronic migraine-like state,2024,Yes,,63.5,Zenodo,,No,No,Discovery and Validation of Novel Targets for Safe and Effective Treatment of Pain,https://reporter.nih.gov/project-details/10845955,"Andrea  Cippitelli, JANET D ROBISHAW",
HDP01404,1R21DA061784-01,live,,Preclinical Trial: Targeting the Neuropeptide S Receptor to Curb Opioid Taking and Seeking,2024,Yes,,59.6,Figshare,,No,No,Focusing Medication Development to Prevent and Treat Opioid Use Disorder and Overdose,https://reporter.nih.gov/project-details/11020387,Stewart Donaldson Clark,10.60490/HDP01404
HDP01405,3R24NS132283-01S1,live,,"PURPOSE: Positively Uniting Researchers of Pain to Opine, Synthesize, and Engage",2024,No,,11.5,,,No,No,,https://reporter.nih.gov/project-details/10999479,Jacob Sutton Coverstone,
HDP01406,3U01DA055349-04S1,archived,2025-05-21T12:23:58.090498,10/24 Healthy Brain and Child Development National Consortium,2024,No,,11.5,,,No,No,,https://reporter.nih.gov/project-details/10982945,"Julie May Croff, Jennifer  Hays-Grudo, AMANDA S MORRIS",
HDP01407,2UG1HD104252-02,archived,2025-01-10T15:59:15.683135,HEAL Initiative: Antenatal Opioid Exposure Longitudinal Study Consortium,2024,No,,11.5,,,No,No,Advancing Clinical Trials in Neonatal Opioid Withdrawal (ACT NOW),https://reporter.nih.gov/project-details/11001685,"Sara Bonamo DeMauro, Scott A Lorch",
HDP01408,3R34DA057639-02S1,live,,"Diversity Supplement: Leveraging Parents and Peer Recovery Supports to Increase Recovery Capital in Emerging Adults with Polysubstance Use: Feasibility, Acceptability, and Scaling Up of Launch",2024,No,,11.5,,,No,No,,https://reporter.nih.gov/project-details/10984364,Tess K. Drazdowski,
HDP01409,1R61NS131246-01A1,live,,Development of CNS-Active 5-HT3R Antagonists for the Treatment of Neuropathic Pain,2024,Yes,,61.5,"Mendeley Data, Protocols.io",,No,No,Development and Optimization of Non-Addictive Therapies to Treat Pain,https://reporter.nih.gov/project-details/10861511,"Bahaa  Elgendy, Simon  Haroutounian, Lamees  Hegazy",10.60490/HDP01409
HDP01410,1K99HD115239-01,live,,Neuroimmune communication as a driver of lesion formation and macrophage colonization of the omentum in endometriosis-associated pain,2024,No,,11.5,,,No,No,,https://reporter.nih.gov/project-details/10864635,Victor  Fattori,
HDP01411,1U01DA060704-01A1,live,,Development of the novel mu-opioid receptor antagonist methocinnamox (MCAM) for preventing relapse and overdose,2024,No,,11.5,,,No,No,Focusing Medication Development to Prevent and Treat Opioid Use Disorder and Overdose,https://reporter.nih.gov/project-details/11004905,CHARLES P FRANCE,
HDP01412,1R61EB036967-01,live,,Imaging of pain sources in myofascial pain syndrome,2024,Yes,,86.5,NIMH Data Archive,,Yes,Yes,"Discovery and Validation of Biomarkers, Endpoints, and Signatures for Pain Conditions",https://reporter.nih.gov/project-details/10954517,"Garry E Gold, Feliks  Kogan",10.60490/HDP01412
HDP01413,1R44DA060643-01,archived,2026-02-20T15:04:57.122990,Developing a wearable medical device to detect opioid overdose,2024,No,,9.6,,,No,No,Small Business Programs,https://reporter.nih.gov/project-details/10908083,Bradford A Holden,
HDP01414,1K23DA060310-01,live,,Behavior Change Components to Enhance Opioid Disposal After Surgery,2024,Yes,,75.0,NAHDAP,,No,No,,https://reporter.nih.gov/project-details/10865431,Lyen Camille Huang,10.60490/HDP01414
HDP01415,1R61DA062321-01,live,,Substance Use in Pregnant People - Optimizing Retention in Treatment by Maximizing Opportunities for Management (SUPPORT-MOM),2024,Yes,NCT07104123,98.1,NICHD DASH,,Yes,No,"Optimizing the Quality, Reach, and Impact of Addiction Services",https://reporter.nih.gov/project-details/11058100,"Ana  Baumann Walker, Jeannie Chen Kelly",10.60490/HDP01415
HDP01416,1R61AT012270-01A1,live,,Development and Clinical Translation of RPBM for Quantitative Assessment of Myofascial Pain,2024,Yes,NCT06892041,75.0,"OpenNEURO, Harvard Dataverse",,Yes,Yes,"Discovery and Validation of Biomarkers, Endpoints, and Signatures for Pain Conditions",https://reporter.nih.gov/project-details/10954557,"Els  Fieremans, Sungheon Gene  Kim, Dmitry S Novikov, Gwendolyn  Reeve",10.60490/HDP01416
HDP01417,3R01DA057613-01S1,archived,2025-01-24T14:04:38.142764,"Assessing the Reach, Effectiveness, and Implementation of Multiple Harm Reduction Interventions.",2024,No,,11.5,,,No,No,Harm Reduction Approaches to Reduce Overdose Deaths,https://reporter.nih.gov/project-details/11090103,ALEXANDER H KRAL,
HDP01418,1R61DA061377-01,live,,Impact of collaborative care for pregnant persons with opioid use disorder in low-resource obstetric settings,2024,Yes,NCT06956352,82.7,NAHDAP,https://doi.org/10.3886/ICPSR39771,Yes,No,"Optimizing the Quality, Reach, and Impact of Addiction Services",https://reporter.nih.gov/project-details/10987934,"Marian Patricia Jarlenski, Elizabeth E Krans",10.60490/HDP01418
HDP01419,1R61NS138215-01,live,,Developing equilibrative nucleoside transporter inhibitors as non-opioid pain therapeutics,2024,Yes,,51.9,Mendeley Data,https://data.mendeley.com/datasets/rmm4jtxmpp,No,No,Development and Optimization of Non-Addictive Therapies to Treat Pain,https://reporter.nih.gov/project-details/10946923,"Jiyong  Hong, RU-RONG  JI, Seok-Yong  Lee",10.60490/HDP01419
HDP01420,1R61DA061296-01,live,,'A friend in my pocket': mHealth intervention to reduce overdose risk among people who engage in polysubstance use,2024,Yes,,75.0,NIDA Data Share,,No,No,"Optimizing the Quality, Reach, and Impact of Addiction Services",https://reporter.nih.gov/project-details/10985510,Jennifer  Lorvick,10.60490/HDP01420
HDP01421,1K23DA061045-01,live,,Implementing a Digital Therapeutic to Address Substance Use Disorders among People who Are Incarcerated,2024,No,,11.5,,,No,No,,https://reporter.nih.gov/project-details/10949076,Jennifer M Loya,
HDP01422,1R21NS136075-01,live,,Role of Scn1b in Susceptibility to Neuropathic Pain,2024,No,,11.5,,,No,No,Discovery and Validation of Novel Targets for Safe and Effective Treatment of Pain,https://reporter.nih.gov/project-details/10846155,"Diana Michele Bautista, Ellen A Lumpkin",
HDP01423,3R33DA057747-04S1,live,,The influence of neighborhood factors and social determinants of health on OUD treatment outcomes,2024,No,,11.5,,,No,No,,https://reporter.nih.gov/project-details/11036822,Jessica F Magidson,
HDP01424,5R33DA057747-04,live,,"Peer-Delivered Behavioral Activation Intervention to Improve Adherence to MAT Among Low-Income, Minority Individuals With OUD",2024,No,,11.5,,,No,No,,https://reporter.nih.gov/project-details/10893370,Jessica F Magidson,
HDP01425,1R43NS135863-01A1,archived,2026-02-20T15:04:59.580027,"Thin, Softening Epidural Leads for Chronic Arm and Neck Pain",2024,No,,11.5,,,No,No,"Discovery and Validation of Biomarkers, Endpoints, and Signatures for Pain Conditions",https://reporter.nih.gov/project-details/11006736,Connie  Manz,
HDP01426,1UG3DA060053-01,live,,Development of a Safer and More Effective Ibogaine Analog for the Treatment of Opioid Use Disorder,2024,No,,11.5,,,No,No,Focusing Medication Development to Prevent and Treat Opioid Use Disorder and Overdose,https://reporter.nih.gov/project-details/10835278,GERARD JOSEPH MAREK,
HDP01427,1R01DA061771-01,live,,Pharmacological targeting of nascent modulators of opioid signaling,2024,Yes,,61.5,Figshare,,No,No,Focusing Medication Development to Prevent and Treat Opioid Use Disorder and Overdose,https://reporter.nih.gov/project-details/11018935,Kirill A. Martemyanov,10.60490/HDP01427
HDP01428,2SB1AT011593-04,live,,Commercialization of a Behavioral Digital Health Program for Individuals with Chronic Pain,2024,No,,11.5,,,No,No,Small Business Programs,https://reporter.nih.gov/project-details/11067610,"Jo  Masterson, Deanna  Waters",
HDP01429,1K99DK142197-01A1,live,,The Role of Tau Phosphorylation in Diabetic Peripheral Neuropathy,2024,No,,11.5,,,No,No,,https://reporter.nih.gov/project-details/10980022,JAMES M NICHOLS,
HDP01430,1K23DA060358-01,live,,Patient Reported Outcome Measures to Individualize Treatment And Improve ReteNtion (ReTAIN) program in primary care-based OUD treatment,2024,Yes,,78.8,NAHDAP,,No,No,,https://reporter.nih.gov/project-details/10865966,Jarratt  Pytell,10.60490/HDP01430
HDP01431,1R61DA062302-01,live,,Treating OUD/PTSD in Residential Care: Written Exposure in Substance Treatment (WEST).,2024,Yes,NCT07108608,78.8,NAHDAP,,No,No,"Optimizing the Quality, Reach, and Impact of Addiction Services",https://reporter.nih.gov/project-details/11056226,"Rebecca L Schacht, Kevin R. Wenzel",10.60490/HDP01431
HDP01432,1RF1NS132920-01A1,live,,Dissecting the role of mPFC dynorphin circuits in the modulation of different pain states,2024,Yes,,57.7,Mendeley Data,,No,No,Discovery and Validation of Novel Targets for Safe and Effective Treatment of Pain,https://reporter.nih.gov/project-details/10868896,Patrick L Sheets,
HDP01433,1UG3NS139943-01,live,,Targeted Realtime Assessment of Chronic Pain (TRAC-Pain) in Youth,2024,Yes,NCT06867757,61.5,,,Yes,Yes,"Discovery and Validation of Biomarkers, Endpoints, and Signatures for Pain Conditions",https://reporter.nih.gov/project-details/11019526,"Nima  Aghaeepour, LAURA E SIMONS",10.60490/HDP01433
HDP01434,3U24DA055330-04S1,archived,2025-05-21T12:23:58.565126,Healthy Brain and Child Development National Consortium Data Coordinating Center,2024,No,,11.5,,,No,No,HEALthy Brain and Child Development Study (HBCD),https://reporter.nih.gov/project-details/11171073,"ANDERS M DALE, Damien A Fair, Christopher Daniel Smyser",
HDP01435,1R33DA061260-01,live,,Efficacy and implementation considerations for a peer-led motivational interviewing intervention to promote uptake of drug checking services and safer drug use behaviors to reduce overdose,2024,Yes,NCT06855836,65.4,ICPSR,,No,No,"Optimizing the Quality, Reach, and Impact of Addiction Services",https://reporter.nih.gov/project-details/10984098,"Annick  Borquez, STEFFANIE A. STRATHDEE",10.60490/HDP01435
HDP01436,3U24NS113844-05S2,archived,2025-01-14T11:37:24.948993,EPPIC-NET DCC - Supplement,2024,No,,11.5,,,No,No,Early Phase Pain Investigation Clinical Network (EPPIC-Net),https://reporter.nih.gov/project-details/11075499,"Andrea B Troxel, Chang  Yu",
HDP01437,1R21DA062022-01,live,,Neuropeptide S Receptor 1 as a Novel Target for Reducing Opioid Self-Administration and Opioid Relapse,2024,Yes,,61.5,Zenodo,,No,No,Focusing Medication Development to Prevent and Treat Opioid Use Disorder and Overdose,https://reporter.nih.gov/project-details/11036641,Brendan  Tunstall,10.60490/HDP01437
HDP01438,1R44DA061722-01,live,,NX90: A Treatment for Overdose Caused by High Potency Opioids,2024,No,,11.5,,,No,No,Small Business Programs,https://reporter.nih.gov/project-details/11008545,Michael V. Voronkov,
HDP01439,3R44DA049685-03S1,live,,Noninvasive Brain Stimulation for Treating Addiction (Supplement),2024,No,,11.5,,,No,No,Small Business Programs,https://reporter.nih.gov/project-details/10999342,"Laura  Dipietro, Timothy Andrew Wagner",
HDP01440,3UH3CA261067-05S1,archived,2025-03-24T11:56:42.338693,Optimizing the use of ketamine to reduce chronic postsurgical pain,2024,No,,11.5,,,No,No,Pain Management Effectiveness Research Network (ERN),https://reporter.nih.gov/project-details/11092570,"Lisa  Doan, Jing  Wang",
HDP01441,1R61DA061340-01A1,live,,PATH to reducing burnout among peers who deliver harm reduction services: Improving workforce and service system outcomes through a combined eLearning and group consultation intervention,2024,Yes,,82.7,"Open Science Framework, Qualitative Data Repository at Syracuse University",,No,No,"Optimizing the Quality, Reach, and Impact of Addiction Services",https://reporter.nih.gov/project-details/11056224,Dennis Paul Watson,10.60490/HDP01441
HDP01442,1R61DA061335-01,live,,Development and Evaluation of a Mobile Health Intervention for Co-Morbid Opioid Use Disorder and Posttraumatic Stress Disorder During Community Re-entry,2024,Yes,,61.5,NIMH Data Archive,,No,No,"Optimizing the Quality, Reach, and Impact of Addiction Services",https://reporter.nih.gov/project-details/10986679,Nicole Holland Weiss,10.60490/HDP01442
HDP01443,3UG1DA013732-25S1,archived,2025-04-28T11:24:22.827532,CTN -  Evaluation of SeMaglutide as an Adjunct to buprenorphine treatment for the treatment of opioid use disorder: A pragmatic Randomized placebo-controlled Trial (SMART),2024,No,,11.5,,,No,No,Enhancing the National Drug Abuse Treatment Clinical Trials Network to Address Opioids,https://reporter.nih.gov/project-details/11121294,T John WINHUSEN,
HDP01444,1R21NS136065-01,live,,Exploring the unknown function of LRRC55 in pain,2024,No,,11.5,,,No,No,Discovery and Validation of Novel Targets for Safe and Effective Treatment of Pain,https://reporter.nih.gov/project-details/10841957,"Yong  Chen, Huanghe  Yang",
HDP01445,1UG3NS135350-01A1,live,,A novel oral immunotherapy for chronic visceral pain of irritable bowel syndrome,2024,Yes,,71.2,,,No,No,Development and Optimization of Non-Addictive Therapies to Treat Pain,https://reporter.nih.gov/project-details/10976389,"Hanping  Feng, Feng  Wei, Zhiyong  Yang",10.60490/HDP01445
HDP01446,1R61AT013008-01,live,,Quantitative Assessment of Pelvic Floor Muscle Fitness in Myofascial Pelvic Pain,2024,Yes,,80.8,Harvard Dataverse,,Yes,Yes,"Discovery and Validation of Biomarkers, Endpoints, and Signatures for Pain Conditions",https://reporter.nih.gov/project-details/10954686,A. Lenore  Ackerman,10.60490/HDP01446
HDP01447,3U24AR076730-02S1,archived,2025-01-08T15:36:39.065215,"Back Pain Consortium (BACPAC) Research Program Data Integration, Algorithm Development and Operations Management Center",2024,No,,11.5,,,No,No,Back Pain Consortium Research Program,https://reporter.nih.gov/project-details/11078484,"Kevin J Anstrom, ANASTASIA  IVANOVA, Matthew Christopher Mauck",
HDP01448,1RF1NS136108-01,live,,Cellular Mechanisms and Therapeutic Potential of NR4A1 in Pain Resolution,2024,No,,11.5,,,No,No,Discovery and Validation of Novel Targets for Safe and Effective Treatment of Pain,https://reporter.nih.gov/project-details/10851275,Temugin  Berta,
HDP01449,1R01DE032676-01A1,live,,Identification and validation of LPA/LPAR signaling as a target for the treatment of temporomandibular disorder pain,2024,No,,11.5,,,No,No,,https://reporter.nih.gov/project-details/10853981,"Yong  Chen, Andrea G Nackley",
HDP01450,3UG1DA015831-23S1,archived,2025-04-28T11:24:23.667716,EMS initiated Buprenorphine for Opioid Use Disorder,2024,No,,11.5,,,No,No,Enhancing the National Drug Abuse Treatment Clinical Trials Network to Address Opioids,https://reporter.nih.gov/project-details/11126377,"Gerard  Carroll, Gail  D'Onofrio, YIH-ING  HSER, Elizabeth  Keating",
HDP01451,3R01DA057668-01S1,live,,Enhancing Precision in Overdose Mortality Prediction through Data Linkage: A Heterogeneous Capture-Recapture Approach to Estimating Opioid Use Disorder Prevalence in Ohio,2024,No,,11.5,,,No,No,Leveraging Existing and Real-Time Opioid and Pain Management Data,https://reporter.nih.gov/project-details/11118244,"Naleef  Fareed, Soledad A Fernandez",
HDP01452,3U01DA055316-04S2,archived,2025-05-21T12:23:59.733647,16/24 Healthy Brain and Child Development National Consortium HEAL Diversity Supplement,2024,No,,11.5,,,No,No,,https://reporter.nih.gov/project-details/11090117,"Nathan A Fox, Brenda J Harden, TRACY L. RIGGINS",
HDP01453,1R34DA061589-01,live,,Brief Digitally-Enhanced Intervention for Managing Emotional Pain and Reducing Alcohol Use during Medication for OUD,2024,Yes,NCT06718491,75.0,NIMH Data Archive,,No,No,,https://reporter.nih.gov/project-details/11001353,"Nicholas Paul Allan, Stephanie  Gorka",10.60490/HDP01453
HDP01454,3OT2OD031940-01S3,live,,A Strategy for Heal Federated Data Ecosystem,2024,No,,11.5,,,No,No,,https://reporter.nih.gov/project-details/11041494,Suparna  Goswami,
HDP01455,1DP2NS140734-01,live,,Developing Human Pluripotent Stem Cell Tools for Region-Specific Pain Circuits,2024,Yes,,59.6,"GitHub, Gene Expression Omnibus (GEO), Harvard Dataverse",,No,No,,https://reporter.nih.gov/project-details/10844852,Nisha  Iyer,10.60490/HDP01455
HDP01456,1R61DA061371-01,live,,A Digital Toolkit to Address Intimate Partner Violence in Opioid Use Disorder,2024,Yes,,75.0,NAHDAP,,Yes,No,"Optimizing the Quality, Reach, and Impact of Addiction Services",https://reporter.nih.gov/project-details/10987640,"Amber  Jarnecke, Tanya Chandresh Saraiya",10.60490/HDP01456
HDP01457,1U01DA059791-01A1,archived,2024-12-11T15:23:26.599410,PF614-MPAR: clinical development of opioid with oral overdose protection,2024,No,,11.5,,,No,No,Focusing Medication Development to Prevent and Treat Opioid Use Disorder and Overdose,https://reporter.nih.gov/project-details/11001851,Lynn  Kirkpatrick,
HDP01458,1R21DA060111-01,live,,The potential benefits of autophagy activator TFEB in opioid use disorder in mice,2024,Yes,,59.6,Figshare,,No,No,,https://reporter.nih.gov/project-details/10844150,Madepalli Krishnappa Lakshmana,10.60490/HDP01458
HDP01459,1RM1NS140200-01,live,,Neural Mechanisms of Colored Light Driven Analgeisa,2024,Yes,,53.8,Open Science Framework,,No,No,Integrated Basic and Clinical Team-Based Research in Pain,https://reporter.nih.gov/project-details/11032610,"James A Kuchenbecker, Matthew Christopher Mauck, Jay  Neitz, Norman  Taylor",10.60490/HDP01459
HDP01460,3U2CDA057717-03S1,live,,Use of topic modeling and stakeholderengagement to map determinants of implementation disparities in addiction and pain research,2024,Yes,,7.7,,,No,No,,https://reporter.nih.gov/project-details/10987451,"WILLIAM C BECKER, C. HENDRICKS BROWN, Sara  Becker, Mark P McGovern",
HDP01461,1K23DA060314-01,live,,Implementation of Contingency Management in a Mobile Low-Threshold Buprenorphine Clinic,2024,Yes,,51.9,NAHDAP,,No,No,,https://reporter.nih.gov/project-details/10863223,Sarah  Messmer,10.60490/HDP01461
HDP01462,1R21DE033640-01,live,,Targeting GTP Cyclohydrolase 1 for treating chronic orofacial pain,2024,No,,11.5,,,No,No,Discovery and Validation of Novel Targets for Safe and Effective Treatment of Pain,https://reporter.nih.gov/project-details/10844705,"Basak  Ayaz, Niall P Murphy",
HDP01463,3R24DA057611-03S1,archived,2025-01-24T14:04:37.748699,RTI HEAL Harm Reduction Network Coordination Center,2024,No,,11.5,,,No,No,Harm Reduction Approaches to Reduce Overdose Deaths,https://reporter.nih.gov/project-details/11106828,"Jessica Duncan Cance, Emmanuel Aja Oga",
HDP01464,1R61DA062335-01,live,,Families left behind: Addressing prolonged grief and substance use disorders among people bereaved by drug overdose deaths,2024,Yes,NCT06854757,57.7,NIMH Data Archive,,No,Yes,"Optimizing the Quality, Reach, and Impact of Addiction Services",https://reporter.nih.gov/project-details/11059008,"Alison  Athey, Karen Chan Osilla",10.60490/HDP01464
HDP01465,1UG3DA059278-01A1,live,,"Development of SBS-226, a MOR agonist / DOR antagonist, for OUD",2024,No,,11.5,,,No,No,Focusing Medication Development to Prevent and Treat Opioid Use Disorder and Overdose,https://reporter.nih.gov/project-details/10915840,Jeffrey  Reich,
HDP01466,1R43DA060717-01,live,,"Integration of an opioid dispensing, monitoring, and disposal platform with a hospital pharmacy to reduce opioid use by discharged emergency department patients",2024,No,,11.5,,,No,No,Small Business Programs,https://reporter.nih.gov/project-details/10919085,Stanislav  Roslyakov,
HDP01467,3R01DA056675-01S1,live,,Domain-specific inhibition of angiotensin-converting enzyme as a therapeutic strategy for opioid use disorders,2024,No,,11.5,,,No,No,,https://reporter.nih.gov/project-details/10985415,"Swati S More, Patrick  Rothwell",
HDP01468,3R01DA057599-01S1,live,,Diversity Supplement for Mining Social Media Big Data for Toxicovigilance,2024,No,,11.5,,,No,No,,https://reporter.nih.gov/project-details/11053091,Abeed H Sarker,
HDP01469,3U54EB033664-03S5,archived,2026-02-23T13:12:18.177717,NeuroTech Harbor: Our nation's first equitech ecosystem for neuromedical technologies,2024,No,,11.5,,,No,No,Translating Discoveries into Effective Devices to Treat Pain,https://reporter.nih.gov/project-details/11114113,"Ralph  Etienne-Cummings, KEBRETEN F MANAYE, Evaristus A Nwulia, Sridevi V. Sarma, NITISH VYOMESH THAKOR, Youseph  Yazdi",
HDP01470,1UG3DA061620-01,archived,2025-09-10T13:01:11.149781,Registration Development Program for LUCEMYRA (Lofexidine) Label Expansion for Opioid Withdrawal Treatment in Adolescents,2024,Yes,NCT06711640,67.3,,,No,No,Focusing Medication Development to Prevent and Treat Opioid Use Disorder and Overdose,https://reporter.nih.gov/project-details/11003568,"Veronica Lynch Massey, Lee  Schmidt",
HDP01471,1R43DA061400-01,live,,Remote and Non-Invasive Opioid Use Screening to Lower Barriers to Substance Use Disorder Diagnosis and Treatment,2024,Yes,,65.4,,,No,No,Small Business Programs,https://reporter.nih.gov/project-details/10983723,Rima  Seiilova-Olson,10.60490/HDP01471
HDP01472,1R61DA061365-01,live,,"An innovative, trauma-informed approach for reducing overdose risk among women re-entering the community from prison",2024,No,,11.5,,,No,No,"Optimizing the Quality, Reach, and Impact of Addiction Services",https://reporter.nih.gov/project-details/10987454,"KEVIN  KNIGHT, Michele  Staton",
HDP01473,1R61NS136569-01A1,live,,Development and Validation of a Mouse Model of Intervertebral Disc Degeneration-Induced Low Back Pain to Facilitate Non-Addictive Analgesic Discovery,2024,Yes,,7.7,,,No,No,,https://reporter.nih.gov/project-details/11040422,LAURA S STONE,
HDP01474,1UG3NS138882-01,live,,Developing AI-Driven Pain Intensity and Pain Sensitization Biomarker Signatures to Optimize Neonatal Pain Management,2024,Yes,,69.2,,,Yes,Yes,"Discovery and Validation of Biomarkers, Endpoints, and Signatures for Pain Conditions",https://reporter.nih.gov/project-details/10973901,"KANWALJEET S ANAND, Thao  Ho, Stephanie  Prescott, Yu  Sun",10.60490/HDP01474
HDP01475,3UG1DA013720-25S2,archived,2025-04-28T11:24:22.393094,Low-threshold buprenorphine treatment at syringe services programs: a Type I hybrid effectiveness-implementation trial (CTN concept under development),2024,No,,11.5,,,No,No,Enhancing the National Drug Abuse Treatment Clinical Trials Network to Address Opioids,https://reporter.nih.gov/project-details/11127166,"Daniel J Feaster, Lisa R Metsch, Jose  Szapocznik",
HDP01476,1U01HD116260-01,live,,Optimizing Pain Treatment In Children On Mechanical ventilation (OPTICOM),2024,Yes,NCT06994442,80.8,NICHD DASH,,Yes,Yes,,https://reporter.nih.gov/project-details/10990648,"MICHAEL J BELL, Richard  Holubkov, Chani  Traube",10.60490/HDP01476
HDP01477,1R61NS133264-01A1,live,,Validation of a Translational Model of Chronic Discogenic Low Back Pain,2024,Yes,,50.0,Harvard Dataverse,,No,No,,https://reporter.nih.gov/project-details/10872767,"TAMARA E KING, Rebecca Ann Wachs",10.60490/HDP01477
HDP01478,3U24TR004315-03S1,archived,2025-03-05T13:01:05.187829,HEAL ERN: Data Coordinating Resource Center,2024,No,,11.5,,,No,No,Pain Management Effectiveness Research Network (ERN),https://reporter.nih.gov/project-details/11088654,"Jamie P. Dwyer, KATHERINE ANN SWARD, Kevin M Watt",
HDP01479,3K12NS130673-02S1,live,,University of Michigan (UM) HEAL Initiative National K12 Clinical Pain Career Development Program (UM-HCPDP),2024,No,,11.5,,,Yes,Yes,,https://reporter.nih.gov/project-details/11141490,"Daniel J Clauw, Steven Edward Harte, David A Williams",
HDP01480,3UG1DA013732-25S2,archived,2025-04-28T11:24:23.251210,"CTN - Effects of semaglutide (Ozempic, Wegovy) and tirzepatide (Mounjaro and Zepbound) on incidence and outcomes of stimulant use disorders and opioid use disorder in real-world populations: target tr",2024,No,,11.5,,,No,No,Enhancing the National Drug Abuse Treatment Clinical Trials Network to Address Opioids,https://reporter.nih.gov/project-details/11124992,T John WINHUSEN,
HDP01481,1R01DE033674-01,live,,Targeting Schwann cell dysfunction and repair signaling in chemotherapy induced painful peripheral neuropathy,2024,Yes,,38.5,,,No,No,,https://reporter.nih.gov/project-details/10856514,"WENDY M. CAMPANA, Yi  Ye",
HDP01482,5R33AT010118-03,live,,Comprehensive CBT via reSET for a Hub and Spoke MAT System of Care,2020,Yes,,86.5,Vivli,https://doi.org/10.25934/PR00011546,Yes,No,,https://reporter.nih.gov/project-details/10020311,"Aimee N Campbell, Denise Michelle Holden, Sarah Sharfstein Kawasaki, Edward V. Nunes",10.60490/HDP01482
HDP01483,4R33DA059163-02,live,,Supporting data-driven decision-making to support substance use service expansion policies and to prevent overdoses,2024,Yes,NCT06852170,73.1,NAHDAP,,No,No,Translating Data 2 Action to Prevent Overdose,https://reporter.nih.gov/project-details/11122953,Gracelyn  Cruden,10.60490/HDP01483
HDP01484,1R24DA051974-01A1,live,,A Formative Assessment of Mobile Pharmacy Services for Recovery Housing and Medication for Opioid Use Disorder (MOUD) Integration,2022,Yes,,7.7,NAHDAP,,No,No,,https://reporter.nih.gov/project-details/10590474,"Adati Tarfa, Sandra Springer, Amy Adale Mericle, Carmen L Masson",
HDP01485,1R24DA051974-01A1,live,,Medication for opioid use disorder utilization among Philadelphia Recovery Home residents with opioid use disorder: A feasibility study of resident and house-level factors,2022,Yes,,7.7,NAHDAP,,No,No,,https://reporter.nih.gov/project-details/10590474,"Jennifer Miles, Amy Adale Mericle, Carmen L Masson",
HDP01486,4R33DA057610-02,archived,2025-02-25T17:03:31.571854,"Improving pain management and opioid safety through a systemwide, data driven evaluation of the CDC opioid prescribing guideline best practices and the use of Clinical Decision Support",2024,Yes,,7.7,NAHDAP,,No,No,Translating Data 2 Action to Prevent Overdose,https://reporter.nih.gov/project-details/11137512,Jason  Hoppe,
HDP01487,4R33DA057660-02,live,,Fatal Overdose Review Teams - Research to Enhance Surveillance Systems (FORTRESS),2024,Yes,NCT06084221,76.9,NAHDAP,,No,No,Translating Data 2 Action to Prevent Overdose,https://reporter.nih.gov/project-details/11123046,"Matthew  Aalsma, Bradley  Ray, Khairi  Reda",10.60490/HDP01487
HDP01488,4UH3AR077360-02,live,,A sequenced-strategy for improving outcomes in patients with knee osteoarthritis pain,2020,Yes,NCT04504812,76.9,Vivli,,Yes,Yes,,https://reporter.nih.gov/project-details/10258492,"Claudia Michelle Campbell, Renan C Castillo, Steven P Cohen",10.60490/HDP01488
HDP01489,4UH3AG067493-02,live,,Tailored Non-Pharmacotherapy Services for Chronic Pain: Testing Scalable and Pragmatic Approaches,2020,Yes,NCT04523714,69.2,NIMH Data Archive,,Yes,Yes,,https://reporter.nih.gov/project-details/10236607,LYNN L. DeBar,10.60490/HDP01489
HDP01490,4UH3HD102038-02,live,,Effectiveness of an mHealth psychosocial intervention to prevent transition from acute to chronic postsurgical pain in adolescents,2020,Yes,NCT04637802,80.8,NICHD DASH,,Yes,Yes,,https://reporter.nih.gov/project-details/10262845,"Tonya M Palermo, Jennifer  Rabbitts",10.60490/HDP01490
HDP01491,4UH3CA261067-02,live,,Optimizing the use of ketamine to reduce chronic postsurgical pain,2021,Yes,NCT05037123,90.4,NIMH Data Archive,,Yes,Yes,,https://reporter.nih.gov/project-details/10486286,"Lisa  Doan, Jing  Wang",10.60490/HDP01491
HDP01492,4UH3DA051241-02,live,,Integrated Treatment for Veterans with Co-Occurring Chronic Pain and Opioid Use Disorder,2020,Yes,NCT04648228,88.5,NIDA Data Share,,Yes,Yes,,https://reporter.nih.gov/project-details/10250682,"KEVIN E VOWLES, Katie A Witkiewitz",10.60490/HDP01492
HDP01493,4UH3AG067593-02,live,,Non-pharmacological Options in postoperative Hospital-based And Rehabilitation pain Management (NOHARM) pragmatic clinical trial,2020,Yes,,90.4,ICPSR,,Yes,Yes,,https://reporter.nih.gov/project-details/10210513,"Andrea Lynne Cheville, Jon C Tilburt",10.60490/HDP01493
HDP01494,5UH3AT010739-04,live,,Pragmatic Trial of Acupuncture for Chronic Low Back Pain in Older Adults,2022,Yes,NCT04906447,88.5,NIMH Data Archive,,Yes,Yes,Pragmatic and Implementation Studies for the Management of Pain to Reduce Opioid Prescribing (PRISM),https://reporter.nih.gov/project-details/10470916,"Andrea Jean Cook, LYNN L. DeBar",10.60490/HDP01494
HDP01495,4UH3AT011265-02,live,,Hybrid Effectiveness-Implementation Trial of Guided Relaxation and Acupuncture for Chronic Sickle Cell Disease Pain,2021,Yes,NCT04906447,96.2,ICPSR,,Yes,Yes,,https://reporter.nih.gov/project-details/10473047,"Ardith Z Doorenbos, Miriam Omelebele Ezenwa, Mitchell Robert Knisely, ROBERT E MOLOKIE, Judith Michelle Schlaeger, Nirmish R Shah, DIANA J WILKIE",10.60490/HDP01495
HDP01496,4UH3NR019943-02,live,,Nonpharmacologic Pain Management in FQHC primary care clinics,2021,Yes,,7.7,NIMH Data Archive,,No,No,,https://reporter.nih.gov/project-details/10471577,Julie M Fritz,
HDP01497,4UH3AT010621-02,live,,Group-Based Mindfulness for Patients with Chronic Low Back Pain in the Primary Care,2020,Yes,NCT04982315,84.6,NIMH Data Archive,,Yes,Yes,,https://reporter.nih.gov/project-details/10239279,Natalia E. Morone,10.60490/HDP01497
HDP01498,4UH3AR076387-02,live,,Fibromyalgia TENS in Physical Therapy Study (TIPS):an embedded pragmatic clinical trial,2020,Yes,NCT04683042,92.3,ICPSR,,Yes,Yes,,https://reporter.nih.gov/project-details/10253306,"Leslie J Crofford, KATHLEEN A SLUKA",10.60490/HDP01498
HDP01499,4UH3HL165839-02,live,,Peer suppoRt for adolescents and Emerging adults with Sickle cell pain: promoting ENgagement in Cognitive behavioral thErapy,2024,Yes,NCT06374238,90.4,,,Yes,Yes,,https://reporter.nih.gov/project-details/10951592,"Alicia  Colvin, Charles Richard Jonassaint, Ana  Radovic-Stakic",10.60490/HDP01499
HDP01500,4R33DA057610-02,live,,Clinical Decision Support to Improve Emergency Department Naloxone Co-prescribing,2024,Yes,NCT06271668,71.2,NAHDAP,,No,No,Translating Data 2 Action to Prevent Overdose,https://reporter.nih.gov/project-details/11137512,Jason Hoppe,10.60490/HDP01500
HDP01501,4R33DA057610-02,live,,Clinical Decision Support to Increase use of Medications for Opioid Use Disorder,2024,Yes,NCT06526286,73.1,NAHDAP,,No,No,Translating Data 2 Action to Prevent Overdose,https://reporter.nih.gov/project-details/11137512,Jason Hoppe,10.60490/HDP01501
HDP01502,4R33DA057610-02,live,,Clinical Decision Support for Safety of Opioid Transitions,2024,Yes,NCT06527040,69.2,NAHDAP,,No,No,Translating Data 2 Action to Prevent Overdose,https://reporter.nih.gov/project-details/11137512,Jason Hoppe,10.60490/HDP01502
HDP01503,4R33DA057610-02,live,,Evaluation of Clinical Decision Support in Opioid Tapering,2024,Yes,NCT06527079,69.2,NAHDAP,,No,No,Translating Data 2 Action to Prevent Overdose,https://reporter.nih.gov/project-details/11137512,Jason Hoppe,10.60490/HDP01503
HDP01504,CTN-0153,live,,Effects of Semaglutide and Tirzepatide on Incidence and Outcomes of Stimulant Use Disorders and Opioid Use Disorder in Real-world Populations: Target Trial Emulation Using Patient Electronic Health Records (GLP-SUD),,No,,7.7,,,No,No,,,Rong Xu,
HDP01505,CTN-0155,live,,Low-threshold Buprenorphine Treatment at Syringe Services Programs: a Type I Hybrid Effectiveness-implementation Trial,,No,,7.7,,,No,No,,,"Aaron Fox, Aimee Campbell, Hansel Tookes",
HDP01506,CTN-0152,live,,"Evaluation of Tirzepatide as an Adjunct to Buprenorphine for the treatment of opioid use disorder: A pragmatic, multi-site, double-blind, Randomized, placebo-controlled, trial (TAB)",,No,,7.7,,,No,No,,,T. John Winhusen,
HDP01507,CTN-0154,live,,EMS initiated Buprenorphine for Opioid Use Disorder,,No,,7.7,,,No,No,,,Gail D'Onofrio,
HDP01508,4R33MD018333-02,live,,Group-based Integrative Pain Management: A multi-level approach to address intersectional stigma and social isolation in diverse primary care safety net patients with chronic pain,2024,Yes,NCT05906784,84.6,ICPSR,,Yes,Yes,Advancing Health Equity in Pain Management,https://reporter.nih.gov/project-details/10939620,MARIA T CHAO,10.60490/HDP01508
HDP01509,1R01DA056045-01,live,,Randomized Clinical Trial Intervention to Treat Chronic Pain Among Persons Maintained on Methadone for Opioid Use Disorder,2022,No,,11.5,,,Yes,Yes,Integrative Management of chronic Pain and OUD for Whole Recovery (IMPOWR),https://reporter.nih.gov/project-details/10458799,Kelly E Dunn,
HDP01510,1R03DA062754-01,live,,Adult Drug Treatment Courts and Their Communities:  A Rigorous Examination of Drug Court Impact on Community Overdose Rates and How Social and Structural Determinants of Health Play a Role,2025,Yes,,61.5,,,No,No,,https://reporter.nih.gov/project-details/11117976,Patrick  Hibbard,10.60490/HDP01510
HDP01511,5RM1DA055311-03,live,,Pain Self-Management and Patient-Oriented Dosing for Pain and Retention in Office-based Addiction Treatment: a Randomized Trial,2024,Yes,NCT06367387,86.5,,,No,No,Integrative Management of chronic Pain and OUD for Whole Recovery (IMPOWR),https://reporter.nih.gov/project-details/10904796,"Erin L Winstanley, Jessica S Merlin",10.60490/HDP01511
HDP01512,4R33CA278594-02,live,,"Achieving Equity through SocioCulturally-informed, Digitally-Enabled Cancer Pain managemeNT (ASCENT) Clinical Trial",2023,Yes,NCT06198010,84.6,,,No,No,,https://reporter.nih.gov/project-details/10931166,"Jessica Danielle Austin, Andrea Lynne Cheville",10.60490/HDP01512
HDP01513,ICPSR-4256,live,,"National Survey of Substance Abuse Treatment Services (N-SSATS), 2004",,No,,7.7,NAHDAP,https://www.icpsr.umich.edu/web/NAHDAP/studies/4256,No,No,,,United States Department of Health and Human Services. Substance Abuse and Mental Health Services Administration. Office of Applied Studies,
HDP01514,ICPSR-30122,live,,"Treatment Episode Data Set -- Discharges (TEDS-D) -- Concatenated, 2006 to 2011",,No,,7.7,NAHDAP,https://www.icpsr.umich.edu/web/NAHDAP/studies/30122,No,No,,,United States Department of Health and Human Services. Substance Abuse and Mental Health Services Administration. Office of Applied Studies,
HDP01515,ICPSR-34945,live,,"National Mental Health Services Survey (N-MHSS), 2010",,No,,7.7,NAHDAP,https://www.icpsr.umich.edu/web/NAHDAP/studies/34945,No,No,,,United States Department of Health and Human Services. Substance Abuse and Mental Health Services Administration. Center for Behavioral Health Statistics and Quality,
HDP01516,ICPSR-38503,live,,"Monitoring the Future: A Continuing Study of American Youth (12th-Grade Survey), 2021",,No,,7.7,NAHDAP,https://www.icpsr.umich.edu/web/NAHDAP/studies/38503,No,No,,,"Richard A. Miech, Lloyd D. Johnston, Jerald G. Bachman, Patrick M. O'Malley, John E. Schulenberg, Megan E. Patrick",
HDP01517,ICPSR-38502,live,,"Monitoring the Future: A Continuing Study of American Youth (8th- and 10th-Grade Surveys), 2021",,No,,7.7,NAHDAP,https://www.icpsr.umich.edu/web/NAHDAP/studies/38502,No,No,,,"Richard A. Miech, Lloyd D. Johnston, Jerald G. Bachman, Patrick M. O'Malley, John E. Schulenberg, Megan E. Patrick",
HDP01518,1U2CDA050098-01,live,,Amerispeak Opioid Public Attitude Surveys,2019,Yes,,7.7,"JCOIN, NAHDAP",,No,No,Justice Community Opioid Innovation Network,https://reporter.nih.gov/project-details/9882806,"John Schneider, Harold Pollack, Bruce Taylor",
HDP01519,1U2CDA050098-01,live,,Opioid Environment Policy Scan (OEPS),2019,No,,7.7,"JCOIN, NAHDAP",,No,No,Justice Community Opioid Innovation Network,https://reporter.nih.gov/project-details/9882806,"John Schneider, Harold Pollack, Marynia Kolak",
HDP01520,1K01DA060309-01A1,live,,Using Implementation Science to Advance Evidence-Based Treatment for Stimulant Use,2025,Yes,,75.0,"Open Science Framework, NAHDAP",,No,No,,https://reporter.nih.gov/project-details/11055020,Tyler George Erath,10.60490/HDP01520
HDP01521,1R34DA062260-01,live,,Expanding the Youth Opioid Recovery Support (YORS) Intervention for MOUD adherence to adolescents with OUD,2024,Yes,NCT06774248,82.7,NAHDAP,,No,No,,https://reporter.nih.gov/project-details/11055197,"MARC  FISHMAN, Kevin R. Wenzel",10.60490/HDP01521
HDP01522,4U24DA050182-02,live,,HEAL Initiative: Coordinating Center to Support NIDA Preventing Opioid Use Disorder in Older Adolescents and Young Adults,2024,Yes,,78.8,NAHDAP,,No,No,Preventing Opioid Use Disorder,https://reporter.nih.gov/project-details/11041209,PHILLIP W GRAHAM,10.60490/HDP01522
HDP01523,4R33DA057667-02,live,,CADENCE - Continuous And Data-drivEN CarE,2024,Yes,NCT05609669,7.7,,,No,No,HEAL Data2Action (HD2A),https://reporter.nih.gov/project-details/11128237,"Jennifer  Marshall, Tanner  Wright",
HDP01524,4R33DA059169-02,live,,Leveraging Data to Action: Accelerating Emergency Department OUD Care by Improving Data Access and Infrastructure,2024,Yes,,75.0,,,No,No,HEAL Data2Action (HD2A),https://reporter.nih.gov/project-details/11122992,"Kathryn  Hawk, Richard Andrew Taylor, Arjun Krishna Venkatesh",10.60490/HDP01524
HDP01525,1R41HD115418-01,live,,"Validating SER-014, a TRPV1 antagonist, to treat endometriosis",2024,No,,11.5,,,No,No,,https://reporter.nih.gov/project-details/10916997,Kumaril  Bhargava,
HDP01526,1UG3NS140971-01,live,,Gastric Electrical Stimulation for Pain in Gastroparesis,2025,No,,11.5,,,No,No,,https://reporter.nih.gov/project-details/11040506,"Thomas Lyman Abell, Jiande  Chen",
HDP01527,1UG3DA062112-01,live,,Psilocybin-Assisted Treatment of Cocaine Use Disorder,2025,No,,11.5,,,No,No,,https://reporter.nih.gov/project-details/11045456,ALBERT JOSEPH ARIAS,
HDP01528,1UG3DA064392-01,live,,Clinical Development of SBS-147: First-in-class Oral Arylepoxamide Agonist for Pain,2025,No,,11.5,,,No,No,,https://reporter.nih.gov/project-details/11251458,"Judy  Ashworth, Anna  Pasternak",
HDP01529,1R01DA060857-01A1,live,,OUTREACH: Opioid Use TReatment via telehEAlth in CHCs,2025,Yes,,71.2,Harvard Dataverse,,No,No,,https://reporter.nih.gov/project-details/11128272,Steffani R Bailey,10.60490/HDP01529
HDP01530,2R01DA031927-11A1,live,,"Novel Probes of the Kappa Opioid Receptor: Chemistry, Pharmacology, and Biology",2025,No,,11.5,,,No,No,,https://reporter.nih.gov/project-details/11049753,"Jeffrey  Aube, Laura M. Bohn",
HDP01531,1UG3DA062907-01,live,,Developing an FDA-Qualified Clinical Outcomes Assessment for Opioid Withdrawal,2025,No,,11.5,,,No,No,,https://reporter.nih.gov/project-details/11134972,"Laura  Brandt, Kelly E Dunn",
HDP01532,3K99AR083486-01S1,live,,Novel models to study dorsal root ganglion neurons in knee osteoarthritis pain,2025,No,,11.5,,,No,No,,https://reporter.nih.gov/project-details/11193276,Chelsie L Brewer,
HDP01533,1R01DA060889-01A1,live,,Increasing naloxone availability and use in high-risk settings: public libraries as partners for reducing opioid overdose mortality,2025,No,,11.5,,,No,No,,https://reporter.nih.gov/project-details/11131382,Carolyn Christa Cannuscio,
HDP01534,5R01DA059640-02,live,,Craving-based Digital Phenotyping During MOUD Treatment,2025,No,,11.5,,,No,No,,https://reporter.nih.gov/project-details/11195115,STEPHANIE P CARREIRO,
HDP01535,5R90DE034698-02,live,,University of Michigan HEAL PAIN Cohort Program,2025,No,,11.5,,,No,No,,https://reporter.nih.gov/project-details/11128634,"Daniel J Clauw, Kelley McLain Kidwell, Jenna  Wiens",
HDP01536,5T90DE034663-02,live,,University of Michigan HEAL PAIN Cohort Program,2025,No,,11.5,,,No,No,,https://reporter.nih.gov/project-details/11128752,"Daniel J Clauw, Kelley McLain Kidwell, Jenna  Wiens",
HDP01537,1UG3DA062511-01,live,,"Development of a bioabsorbable, subcutaneous, extended-release buprenorphine implant for opioid use disorder",2025,No,,11.5,,,No,No,,https://reporter.nih.gov/project-details/11082099,"Jeffrey  Benner, Steven M Cohen",
HDP01538,1UG3DA063084-01,live,,"Preventing Overdose in Supportive Housing: Stepped Wedge Randomized Controlled Trial of a Multi-Sector, Upstream Intervention",2025,Yes,NCT07214519,36.5,,,No,No,,https://reporter.nih.gov/project-details/11161034,Kelly  Doran,
HDP01539,1K23DA061933-01,live,,Promoting positive parenting for mothers with OUD: Implementation of a video-coaching intervention in pediatrics,2025,No,,11.5,,,No,No,,https://reporter.nih.gov/project-details/11032369,Mei  Elansary,
HDP01540,5R90DA062893-02,live,,University of Utah Program to Provide Pain Research Knowledge (UP3RK),2025,No,,11.5,,,No,No,,https://reporter.nih.gov/project-details/11167743,Julie M Fritz,
HDP01541,1R43DA062459-01,live,,iPSC-derived human neurons and OUD medications development,2025,No,,11.5,,,No,No,,https://reporter.nih.gov/project-details/11069507,"Jorge E. Gomez-Galeno, NOBUKI  NAKANISHI",
HDP01542,5T90NR021683-02,live,,PRomoting Excellence through Pain and Addiction Research Enhancement (PREPARE),2025,No,,11.5,,,No,No,,https://reporter.nih.gov/project-details/11167881,Burel R. Goodin,
HDP01543,1R01AR084797-01A1,live,,Investigating Mechanisms of Intra- and Inter-individual Pain Variability in Patients with Comorbid Chronic Pain and Depression,2025,Yes,,71.2,,,No,No,,https://reporter.nih.gov/project-details/11104339,"Matthew  Herbert, Jyoti  Mishra",
HDP01544,1R21DA062508-01,live,,Leveraging a time-limited opportunity to study the impact of an intervention for individuals bereaved by drug overdose,2025,No,,11.5,,,No,No,,https://reporter.nih.gov/project-details/11082066,Karli Rae Hochstatter,
HDP01545,3R24DA051946-02S1,archived,2026-03-17T12:52:44.476642,Family-based Recovery Support Service Network for Youth OUD,2025,No,,11.5,,,No,No,,https://reporter.nih.gov/project-details/11222020,Aaron  Hogue,
HDP01546,3R44DA060643-01S1,live,,Developing a wearable medical device to detect opioid overdose,2025,No,,11.5,,,No,No,,https://reporter.nih.gov/project-details/11268256,Bradford A Holden,
HDP01547,5R01DA048533-06,live,,Telemedicine for Treatment of Opioid Use Disorder,2025,No,,11.5,,,No,No,,https://reporter.nih.gov/project-details/11173855,"HAIDEN A. HUSKAMP, Ateev  Mehrotra",
HDP01548,1K23DA062174-01,live,,Evaluating an Interdisciplinary Intervention to Improve Transitions to Primary Care for Hospitalized Patients with Substance Use Disorders,2025,No,,11.5,,,No,No,,https://reporter.nih.gov/project-details/11032407,Michael  Incze,
HDP01549,1R01DA062589-01,live,,Real-world Assessment of Social Functioning during OUD Treatment: Integrating Reports from Patients and their Concerned Significant Others,2025,Yes,NCT07044466,84.6,NIMH Data Archive,,No,No,,https://reporter.nih.gov/project-details/11097438,"Amber  Jarnecke, Rachel Lynn Tomko",10.60490/HDP01549
HDP01550,1R43HD117450-01,live,,"Innovative Vaginal Girth Adjustable Dilator with Precise Dilation Monitoring, designed to Significantly Improve Patient Pain Management in Pelvic Floor Disorder Treatment",2025,No,,11.5,,,No,No,,https://reporter.nih.gov/project-details/11067421,BENJAMIN  JAYOL,
HDP01551,1UG3DA062919-01,live,,Development and Validation of a Stimulant Use Disorder Severity Scale,2025,No,,11.5,,,No,No,,https://reporter.nih.gov/project-details/11135916,BRIAN D. KILUK,
HDP01552,1UG3DA063357-01,live,,MEB-1170: A New Chemical Entity for the Treatment of Opioid Use Disorder,2025,Yes,,69.2,Vivli,,No,No,,https://reporter.nih.gov/project-details/11180804,"SANDRA D COMER, Kevin B. Freeman, Lawrence C Kuo, Scott A. Reines",
HDP01553,1R43DA063255-01,live,,User-Centric Development of a Detection Module for a Closed-Loop Solution to Opioid Overdose,2025,No,,11.5,,,No,No,,https://reporter.nih.gov/project-details/11169417,"Vy  Le, Hyowon  Lee",
HDP01554,5R01DA059483-02,live,,Neurofunctional phenotyping to investigate the role of the orexin system at the intersection of opioid use disorder and insomnia,2025,No,,11.5,,,No,No,,https://reporter.nih.gov/project-details/11195636,Caitlin Eileen Martin,
HDP01555,1UG3DA062906-01,live,,Development and Validation of a Measure of Substance-Related Consequences: A Novel Clinical Outcome Assessment for Substance Use Disorder Trials,2025,No,,11.5,,,No,No,,https://reporter.nih.gov/project-details/11134942,Rebecca Kathryn McHugh,
HDP01556,3U44NS115111-05S1,live,,"High-Resolution, Spinal Cord Stimulation for Non-Opioid Treatment of Neuropathic Pain",2025,No,,11.5,,,No,No,,https://reporter.nih.gov/project-details/11249777,Bryan L McLaughlin,
HDP01557,1UG3DA062506-01A1,live,,Repurposing FDA-approved oxytocin to treat opioid-induced respiratory depression,2025,No,,11.5,,,No,No,,https://reporter.nih.gov/project-details/11240367,"David  Mendelowitz, Vsevolod Y Polotsky",
HDP01558,5R24DA061190-02,live,,PRIDE-CARES Center: Patient-Responsive Initiatives for Diverse Engagement - LGBTQ+ Community Action in Research to Eliminate Substance Use Disorder,2025,No,,11.5,,,No,No,,https://reporter.nih.gov/project-details/11362779,"Jaime Erin Fivecoat, Ann Blair  Kennedy, Nabil M. Natafgi",
HDP01559,3R41DA055405-01S1,live,,Virtual Reality Facilitation of Recovery from Opioid Use Disorder,2025,No,,11.5,,,No,No,,https://reporter.nih.gov/project-details/11236764,"Andrew  Nelson, Brandon  Oberlin",
HDP01560,3R43DA060717-01S1,live,,"Integration of an opioid dispensing, monitoring, and disposal platform with a hospital pharmacy to reduce opioid use by discharged emergency department patients",2025,No,,11.5,,,No,No,,https://reporter.nih.gov/project-details/11246982,Stanislav  Roslyakov,
HDP01561,1R61DA061718-01A1,live,,BUILD IT: An Implementation Tool to Increase Access to Evidence-based Preventive Interventions for Opioid Use Disorders,2025,No,,11.5,,,No,No,,https://reporter.nih.gov/project-details/11216067,Lisa  Saldana,
HDP01562,1UG3DA061645-01A1,live,,"Advancing a non-addictive, peripherally acting opioid analgesic as a medication strategy to prevent opioid use disorder in patients undergoing treatment for pain",2025,Yes,,36.5,,,No,No,,https://reporter.nih.gov/project-details/11181827,VIRGINIA J SANDERS,
HDP01563,1R44DA060640-01A1,live,,Wireless Wearable with AI Analytics for Monitoring Neonatal Abstinence Syndrome (NAS),2025,No,,11.5,,,No,No,,https://reporter.nih.gov/project-details/11039621,Shiva  Sharareh,
HDP01564,1R61NS140684-01,live,,Development and validation of a tumor-bearing model of oxaliplatin-induced neuropathy,2025,No,,11.5,,,No,No,,https://reporter.nih.gov/project-details/11038882,Andrew John Shepherd,
HDP01565,1UG3DA061709-01,live,,"IND-enabling studies and phase I clinical trials to advance CD74-target, DRhQ, as a treatment for stimulant use disorder",2025,No,,11.5,,,No,No,,https://reporter.nih.gov/project-details/11011421,"JENNIFER M LOFTIS, Kevin Sean Murnane, Renee Lynn Shirley",
HDP01566,1R01DA063069-01,live,,Targeting Immune Inflammation in Cocaine Use Disorder: A Human Laboratory Study with Pentoxifylline,2025,Yes,NCT07086794,84.6,NIMH Data Archive,,No,No,,https://reporter.nih.gov/project-details/11159060,William Walton Stoops,10.60490/HDP01566
HDP01567,1R01DA060632-01A1,live,,Advancing Troriluzole as a Treatment for Methamphetamine Use Disorder: A Human Laboratory Study,2025,Yes,NCT06989853,86.5,NIMH Data Archive,,No,No,,https://reporter.nih.gov/project-details/11073609,William Walton Stoops,10.60490/HDP01567
HDP01568,5R34DA059770-02,live,,Addressing racial disparities in opioid overdose deaths using an open source peer recovery coach training and multimodal mobile health platform,2025,No,,11.5,,,No,No,,https://reporter.nih.gov/project-details/11126614,"CRYSTAL FULLER LEWIS, Helen-Maria  Lekas, Babak  Tofighi",
HDP01569,1K99DA060906-01A1,live,,Harnessing the genetics of chronic pain to inform the development of non-additive analgesic medications,2025,No,,11.5,,,No,No,,https://reporter.nih.gov/project-details/11137460,Sylvanus  Toikumo,
HDP01570,1K23DA062794-01,live,,Implementation of a Digitally Enhanced Intervention to Retain Pregnant and Postpartum People with Opioid Use Disorder in Buprenorphine Treatment,2025,No,,11.5,,,No,No,,https://reporter.nih.gov/project-details/11111530,Sara Michelle Witcraft,
HDP01571,1R01DA062720-01,live,,Repurposing Semaglutide for the Treatment of Cocaine Use Disorder: a Pilot Mechanistic Study,2025,Yes,NCT07227948,38.5,NIDA Data Share,,No,No,,https://reporter.nih.gov/project-details/11104610,"JOY Marie SCHMITZ, Francesco  Versace, Luba  Yammine",
HDP01572,3UG1DA050070-05S1,live,,Alliance to Disseminate Addiction Prevention and Treatment (ADAPT): A Statewide Learning Health System to Reduce Substance Use among Justice-Involved Youth in Rural Communities.,2023,Yes,NCT04499079,51.9,Qualitative Data Repository at Syracuse University,,No,No,,https://reporter.nih.gov/project-details/10747060,Matthew  Aalsma,10.60490/HDP01572
HDP01573,4R33DA057675-02,live,,Using System Dynamics Modeling to Foster Real-time Connections to Care,2025,Yes,NCT07362082,65.4,NAHDAP,,No,No,,https://reporter.nih.gov/project-details/11137206,"Rebekah  Heckmann, Nasim  S. Sabounchi",
HDP01574,1R01DE035179-01,live,,Targeting Succinate Signaling for Innovative Pain Relief in Oral Cancer.,2025,Yes,,7.7,,,No,No,,https://reporter.nih.gov/project-details/11212898,Xin  Li,
HDP01575,1UG3DA063329-01,live,,Glutide for Ending Methamphetamine,2025,Yes,NCT07204249,75.0,NAHDAP,,No,No,,https://reporter.nih.gov/project-details/11178126,PHILLIP O COFFIN,10.60490/HDP01575
HDP01576,4UH3AT012728-02,live,,Personalized Auricular Point Acupressure for Chronic Pain Self-Management in Rural Populations,2025,Yes,NCT07179016,86.5,ICPSR,,No,No,,https://reporter.nih.gov/project-details/11381463,"Jane N Bolin, Jennifer  Kawi, Hulin  Wu",10.60490/HDP01576
HDP01577,1R01DA064510-01,live,,Evaluating a Novel Approach to Dispensing Methadone in Carceral Facilities,2025,No,,11.5,,,No,No,,https://reporter.nih.gov/project-details/11262422,"Sachini  Bandara, BRENDAN K SALONER",
HDP01578,1RM1DA064502-01,live,,JCOIN Phase II TCU Clinical Research Hub,2025,No,,11.5,,,No,No,,https://reporter.nih.gov/project-details/11262073,"Jennifer Renea Becan, KEVIN  KNIGHT",
HDP01579,1UM1DA064499-01,live,,A patient preference trial of sublingual versus extended-release buprenorphine telemedicine and pharmacy linkage for individuals re-entering the community from jail,2025,No,,11.5,,,No,No,,https://reporter.nih.gov/project-details/11261910,"Thomas  Blue, Michael Scott Gordon",
HDP01580,1RM1DA064518-01,live,,The Community Paramedic Response and Overdose Outreach with Supportive Medical-Legal Services (CROSSROADS) Study,2025,Yes,,59.6,,,No,No,,https://reporter.nih.gov/project-details/11262557,"Lauren  Brinkley-Rubinstein, Emily F Dauria, Kathryn M Nowotny, Alysse Gail Wurcel",
HDP01581,1R01DA064519-01,live,,JCOIN phase II innovation hub,2025,No,,11.5,,,No,No,,https://reporter.nih.gov/project-details/11262591,Joseph  Carpenter,
HDP01582,1R01DA064512-01,live,,"Police Pathways to Addiction Treatment, Health, and Safety: The Police PATHS Study",2025,No,,11.5,,,No,No,,https://reporter.nih.gov/project-details/11262452,"Evan  Anderson, Javier  Cepeda, Saba  Rouhani, Brandon  del Pozo",
HDP01583,1UM1DA064526-01,live,,Recovery Management Checkup Scalability and Sustainability (RMC-SS) Hybrid Experiment: Evaluating Comparability of Client and Implementation Outcomes in Community Organizations Post-Arrest,2025,No,,11.5,,,No,No,,https://reporter.nih.gov/project-details/11262651,"MICHAEL L. DENNIS, CHRISTINE E GRELLA, Dennis Paul Watson",
HDP01584,1RM1DA064500-01,live,,Mass JCOIN II Clinical Research Hub,2025,No,,11.5,,,No,No,,https://reporter.nih.gov/project-details/11261921,"Elizabeth A. Evans, Ekaterina  Pivovarova",
HDP01585,1R01DA064495-01,live,,Optimizing Opioid Use Disorder Treatment in Prisons: Strategies for Diagnosis and Shared Decision-Making,2025,No,,11.5,,,No,No,,https://reporter.nih.gov/project-details/11261351,Helen Elizabeth Jack,
HDP01586,1UM1DA064531-01,live,,Strengthening buprenorphine treatment for Individuals in carceral settings (STAND): A hybrid implementation-effectiveness trial of long-acting injectable versus sublingual buprenorphine,2025,No,,11.5,,,No,No,,https://reporter.nih.gov/project-details/11262610,"Jan  Gryczynski, JOSHUA D LEE, Lisa A. Marsch, SANDRA Ann SPRINGER",
HDP01587,1RM1DA064507-01,live,,Improving Jail Response to the Overdose Crisis: A Hybrid Trial of Jail ECHO to Improve MOUD Implementation and Public Health Outcomes,2025,No,,11.5,,,No,No,,https://reporter.nih.gov/project-details/11262360,ROSEMARIE A MARTIN,
HDP01588,1UM1DA064515-01,live,,Testing MOUD Scale-Up Strategies in Criminal Legal Settings,2025,No,,11.5,,,No,No,,https://reporter.nih.gov/project-details/11262469,"ROSEMARIE A MARTIN, Todd David Molfenter",
HDP01589,1R01DA064508-01,live,,Improving Access to MOUD in Drug Courts through Inter-agency Collaboration: COLAAB Study,2025,Yes,,69.2,,,No,No,,https://reporter.nih.gov/project-details/11262365,"Barbara  Andraka-Christou, Ekaterina  Pivovarova",
HDP01590,1R01DA064492-01,live,,Preventing Overdose and Promoting Recovery through Court Navigation,2025,No,,11.5,,,No,No,,https://reporter.nih.gov/project-details/11261302,Bradley  Ray,
HDP01591,1R01DA064493-01,live,,The impact of HB-139 on substance use outcomes: a natural experiment,2025,No,,11.5,,,No,No,,https://reporter.nih.gov/project-details/11261312,"Saba  Rouhani, Diana R Silver",
HDP01592,1RM1DA064527-01,live,,Testing Implementation Strategies to Scale-up a Multicomponent Continuum of Service Intervention for Families Involved in Systems with Parental Opioid and Methamphetamine Use,2025,Yes,NCT07365293,80.8,NAHDAP,,No,No,,https://reporter.nih.gov/project-details/11262661,Lisa  Saldana,
HDP01593,1R01DA064494-01,live,,Supporting Treatment Access and Recovery in Re-entry (STAR-R),2025,No,,11.5,,,No,No,,https://reporter.nih.gov/project-details/11261346,"DAVID A SMELSON, Paige Meredith Shaffer",
HDP01594,1R01DA064497-01,live,,Pathways to Treatment: Assessing Effectiveness and Implementation of Oregon's Deflection Programs for People who Use Drugs,2025,No,,11.5,,,No,No,,https://reporter.nih.gov/project-details/11261477,"ALEXANDER H KRAL, Hope Marie Smiley-McDonald",
HDP01595,1RM1DA064496-01,live,,Kentucky Women's Justice Community Overdose Innovation Network - Phase II,2025,No,,11.5,,,No,No,,https://reporter.nih.gov/project-details/11261387,"CARRIE BETH OSER, Michele  Staton",
HDP01596,1R24DA057632-01,live,,Development of an Intervention to Build Resilience among Emerging Adults with Opioid Use Disorder (OUD),,Yes,,63.5,ICPSR,,No,No,Recovery Research Networks,https://reporter.nih.gov/project-details/10589466,Sarah Miller,10.60490/HDP01596
HDP01597,1R24DA051974-01A1,live,,Enhancing MOUD Access and Outcomes Through Low-Barrier Recovery Housing Models,2022,Yes,,76.9,NAHDAP,,No,No,,https://reporter.nih.gov/project-details/10590474,"Justin Scott Bell, Amy Adale Mericle, Carmen L Masson",10.60490/HDP01597
HDP01598,1R43DA060641-01A1,live,,Building a Contextually Triggered Just-in-Time Intervention for Opioid UseDisorder: Stakeholder Evaluation and User Centered Design,2025,No,,11.5,,,No,No,,https://reporter.nih.gov/project-details/11035041,NICHOLAS B ALLEN,
HDP01599,1R01AR086796-01,live,,Leveraging inter-individual differences in walking pain and impairment to elucidate whole-person mechanisms of knee osteoarthritis,2025,No,,11.5,,,No,No,,https://reporter.nih.gov/project-details/11270857,Benedict J Alter,
HDP01600,1R01DA060240-01A1,live,,Evaluating state policies to facilitate emergency department-based treatment initiation for opioid use disorder,2025,Yes,,30.8,,,No,No,,https://reporter.nih.gov/project-details/11049486,"Barbara  Andraka-Christou, Thuy Dieu Nguyen",
HDP01601,1R43DA064200-01,live,,Neural exosome therapeutics for treating opioid-induced brain hypoxia injuries,2025,No,,11.5,,,No,No,,https://reporter.nih.gov/project-details/11238647,Emily W Baker,
HDP01602,5R01DA058640-02,live,,Improving Perioperative Care for Patients with Opioid Use Disorder,2025,No,,11.5,,,No,No,,https://reporter.nih.gov/project-details/11194319,"Mark  Bicket, Jennifer Filip Waljee",
HDP01603,5UG3DA062088-02,live,,Evaluation of psilocybin as an adjunctive treatment for opioid use disorder in methadone-maintained patients who continue to use illicit opioids,2025,Yes,NCT06796062,38.5,,,No,No,,https://reporter.nih.gov/project-details/11196088,Michael Parks Bogenschutz,
HDP01604,1UC2AR086182-01,live,,A SMART design study using patient-based algorithms for multicomponent therapy in chronic low back pain and beyond,2025,No,,11.5,,,No,No,,https://reporter.nih.gov/project-details/11212319,"Daniel J Clauw, Afton L Hassett",
HDP01605,1K23AT013838-01,live,,Feasibility Trial of a Remotely-Delivered Mindfulness-Based Intervention for Adolescents with Migraine,2025,Yes,,7.7,,,No,No,,https://reporter.nih.gov/project-details/11277517,Michelle Andrea Clementi,
HDP01606,1R15AT013512-01,live,,Modeling mechanisms of interindividual variation in pain modulation by spinal cord stimulation,2025,No,,11.5,,,No,No,,https://reporter.nih.gov/project-details/11232962,Jennifer  Crodelle,
HDP01607,5R90AR085802-02,live,,"University of Florida Partnerships Across Interdisciplinary Networks: Training through Engineering, epidemiology & Addiction Medicine (UF PAIN TEAM)",2025,No,,11.5,,,No,No,,https://reporter.nih.gov/project-details/11159828,"Kyle D Allen, Yenisel  Cruz-Almeida",
HDP01608,5T90AR085527-02,live,,"University of Florida Partnerships Across Interdisciplinary Networks: Training through Engineering, epidemiology & Addiction Medicine (UF PAIN TEAM)",2025,No,,11.5,,,No,No,,https://reporter.nih.gov/project-details/11159657,"Kyle D Allen, Yenisel  Cruz-Almeida",
HDP01609,1R03TR005864-01,live,,Role of PRR14 in Human Sensory Neurons in Oxaliplatin-Induced Peripheral Neuropathy,2025,No,,11.5,,,No,No,,https://reporter.nih.gov/project-details/11216831,"Sascha R Alles, June Bryan  de la Pena",
HDP01610,1UG3NS143749-01,live,,Continuous Monitoring of Pain using Facial Expressions in ICU Environment (COMPANION),2025,No,,11.5,,,No,No,,https://reporter.nih.gov/project-details/11204617,"Hao  Deng, JIANREN  MAO, Alexander  Nagrebetsky",
HDP01611,1R43NS143450-01,live,,Parmodulins without Abuse Potential for the Treatment of Neuropathic Pain,2025,No,,11.5,,,No,No,,https://reporter.nih.gov/project-details/11183315,Christopher  Dockendorff,
HDP01612,5R90NS143074-02,live,,Mass General Brigham Interdisciplinary Clinical Pain Research Training Program,2025,No,,11.5,,,No,No,,https://reporter.nih.gov/project-details/11167860,"ROBERT R EDWARDS, KRISTIN  SCHREIBER",
HDP01613,5T90NS138001-02,live,,Mass General Brigham Interdisciplinary Clinical Pain Research Training Program,2025,No,,11.5,,,No,No,,https://reporter.nih.gov/project-details/11167790,"ROBERT R EDWARDS, KRISTIN  SCHREIBER",
HDP01614,1R61DA063683-01,live,,Reducing Addiction through Prevention Infrastructure Development (RAPID),2025,No,,11.5,,,No,No,,https://reporter.nih.gov/project-details/11218923,Andria B Eisman,
HDP01615,5T90DA062773-02,live,,University of Utah Program to Provide Pain Research Knowledge (UP3RK),2025,No,,11.5,,,No,No,,https://reporter.nih.gov/project-details/11167757,"Julie M Fritz, Adam Joseph Gordon",
HDP01616,4R33DA060426-02,live,,Evaluating Vending Machines providing Naloxone to Prevent Overdose in American Indian Communities,2025,No,,11.5,,,No,No,,https://reporter.nih.gov/project-details/11293021,"Tommi Lynn Gaines, Amy  Knox",
HDP01617,1R61DA061375-01A1,live,,WINGS +++ An effectiveness trial of syndemic mhealth intervention to increase MOUD uptake among women Impacted by Intimate partner Violence and PTSD,2025,No,,11.5,,,No,No,,https://reporter.nih.gov/project-details/11218480,"Nabila  El-Bassel, Louisa  Gilbert, Dawn  Goddard-Eckrich",
HDP01618,1R03NS147020-01,live,,Deciphering the role of dipeptidase 2 (DPEP2) to treat surgical pain,2025,No,,11.5,,,No,No,,https://reporter.nih.gov/project-details/11117799,Eric Richard Gross,
HDP01619,3OT2OD030208-01S4,live,,Helping to End Addiction Long-term (HEAL) Data Platform,2025,No,,11.5,,,No,No,,https://reporter.nih.gov/project-details/11383707,ROBERT L. GROSSMAN,
HDP01620,1R61DA061326-01A1,live,,RESUBMIT_Family-focused Digital Intervention for MOUD Initiation and Retention,2025,No,,11.5,,,No,No,,https://reporter.nih.gov/project-details/11217627,"DAVID H GUSTAFSON, Rachel  Kornfield, Todd David Molfenter",
HDP01621,1RF1NS143697-01,live,,MicroRNA as a Novel Therapeutic Target for Pain in Sickle Cell Disease,2025,No,,11.5,,,No,No,,https://reporter.nih.gov/project-details/11201478,Ying  He,
HDP01622,5U24AT009676-09,archived,2026-03-04T22:27:38.824715,NIH Health Care Systems Research Collaboratory-Coordinating Center (U24),2025,No,,11.5,,,No,No,,https://reporter.nih.gov/project-details/11181668,"LESLEY H CURTIS, Adrian  Hernandez, Kevin P Weinfurt",
HDP01623,1R18EB037607-01,live,,Displacement-guided focused ultrasound for pain modulation.,2025,No,,11.5,,,No,No,,https://reporter.nih.gov/project-details/11216234,Elisa E. Konofagou,
HDP01624,1R01DA061367-01A1,live,,Characterizing Complex OUD Care Trajectories and Outcomes following Acute Service Utilization: A Population-Based Data Linkage Study,2025,No,,11.5,,,No,No,,https://reporter.nih.gov/project-details/11160052,"Noa  Krawczyk, Arthur R Williams",
HDP01625,1UG3NS143758-01,live,,Patient-centered Development of a Composite Digital Endpoint of Mobility and Pain for Knee Osteoarthritis,2025,Yes,,59.6,Open Science Framework,,No,No,,https://reporter.nih.gov/project-details/11206133,"DAVID Tobin FELSON, S. Reza  Jafarzadeh, Deepak  Kumar",10.60490/HDP01625
HDP01626,3UH3DA058439-02S1,live,,Transcutaneous Phrenic Nerve Stimulation for Treating Opioid Overdose,2025,No,,11.5,,,No,No,,https://reporter.nih.gov/project-details/11063619,"SANDRA D COMER, Alonso  Guedes, Howard  Levin, Gebhard  Wagener",
HDP01627,7R01DA062152-02,live,,Disparities in early childhood health outcomes following prenatal opioid exposure and protective health system factors: a population perspective,2025,No,,11.5,,,No,No,,https://reporter.nih.gov/project-details/11377076,JoAnna  Leyenaar,
HDP01628,1UG3DA063363-01,live,,Development of negative allosteric modulators at the mu opioid receptor,2025,No,,11.5,,,No,No,,https://reporter.nih.gov/project-details/11182219,"Brian K Kobilka, Susruta  Majumdar, Jay P. McLaughlin, Bingfa  Sun",
HDP01629,1R01HL178882-01A1,live,,Modeling Inter-individual Differences to Address Pain of Sickle cell disease (MIDAS),2025,No,,11.5,,,No,No,,https://reporter.nih.gov/project-details/11280576,Renee  Manworren,
HDP01630,1R44NS145934-01,live,,FDA Phase 1 Development of a Novel Nonopioid Cell and Tissue Permeable Peptide Therapeutic for Epigenetic Reprogramming of Neuropathic Pain,2025,No,,11.5,,,No,No,,https://reporter.nih.gov/project-details/11255609,Edmund  Nesti,
HDP01631,1UC2AR086516-01,live,,Leveraging a National Pediatric Health Learning System for Phenotyping Pediatric Chronic Primary Pain to Advance Timely Patient-Centered Care,2025,Yes,,65.4,Open Science Framework,,No,No,,https://reporter.nih.gov/project-details/11229138,"Tonya M Palermo, See Wan  Tham",
HDP01632,1R61DA063687-01,live,,Enhancing Delivery of Parenting Support within a Peer Recovery Support Service Model,2025,Yes,,7.7,,,No,No,,https://reporter.nih.gov/project-details/11219040,"Jessica Lauren Borelli, Elizabeth  Peacock-Chambers",
HDP01633,1R61DA063638-01,live,,Supporting and retaining residential addiction treatment providers to improve client care: A cluster-randomized controlled trial of a participatory workplace intervention,2025,No,,11.5,,,No,No,,https://reporter.nih.gov/project-details/11216260,"Susan Elizabeth Peters, Erika Lehr Sabbath",
HDP01634,1RF1NS142703-01,live,,A fully humanized functional genomic screen to identify and validate pain therapeutic targets,2025,No,,11.5,,,No,No,,https://reporter.nih.gov/project-details/11119292,Theodore J. Price,
HDP01635,1RF1NS142103-01A1,live,,MODEL-pain MOdeling Diverse Experiences and Longitudinal trajectories of pain,2025,Yes,,67.3,Dryad,,No,No,,https://reporter.nih.gov/project-details/11272153,"Macarius M. Donneyong, Ai  Ni, Brittany E Punches",10.60490/HDP01635
HDP01636,1R01HL183579-01,live,,Advancing a Holistic Understanding of Variability in Lived Experience with Sickle Cell Pain,2025,No,,11.5,,,No,No,,https://reporter.nih.gov/project-details/11280765,"ALLISON E ASHLEY-KOCH, Mitchell Robert Knisely, CHARLES DAVID PAGE, CHARMAINE DAWN MARIE ROYAL, JOHN J STROUSE",
HDP01637,1R01HD117775-01,live,,Individual differences in brain morphology and connectivity to identify the mechanisms of comorbidities and treatment-refractory disease in females with endometriosis-associated pelvic pain,2025,No,,11.5,,,No,No,,https://reporter.nih.gov/project-details/11103600,"Jason J. Kutch, Andrew  Schrepf",
HDP01638,1UG3DA064403-01,live,,Optimization and Development of Non-Hallucinogenic 5-HT2A/2C Agonists as Opioid Use Disorder Therapeutics,2025,No,,11.5,,,No,No,,https://reporter.nih.gov/project-details/11252251,Glenn  Short III,
HDP01639,1R01AT013603-01,live,,Network modeling as a unified framework to understand inter-individual differences in chronic musculoskeletal pain,2025,No,,11.5,,,No,No,,https://reporter.nih.gov/project-details/11280486,Siddhartha  Sikdar,
HDP01640,5R90HD118650-02,live,,Interdisciplinary research training in maternal and childhood pain,2025,No,,11.5,,,No,No,,https://reporter.nih.gov/project-details/11178717,LAURA E SIMONS,
HDP01641,5T90HD118400-02,live,,Interdisciplinary research training in maternal and childhood pain,2025,No,,11.5,,,No,No,,https://reporter.nih.gov/project-details/11178703,"Nima  Aghaeepour, Jennifer  Rabbitts, LAURA E SIMONS",
HDP01642,1R43NS139719-01A1,live,,PNM-CAP: A novel nerve cap to prevent painful neuroma formation in peripheral nerve injuries and amputations,2025,No,,11.5,,,No,No,,https://reporter.nih.gov/project-details/11260576,"Bryan Nicklaus Brown, Lorenzo  Soletti",
HDP01643,1UG3NS145209-01,live,,Equitable Primary Care for Pain Care (EquiP PC),2025,No,,11.5,,,No,No,,https://reporter.nih.gov/project-details/11227875,"Rodger S. Kessler, Kari A Stephens",
HDP01644,1K99NS138387-01A1,live,,Disentangling the specific contributions of different dorsal root ganglia neuron types to pain representation in the brain.,2025,No,,11.5,,,No,No,,https://reporter.nih.gov/project-details/11137265,Adrien  Tassou,
HDP01645,1R61DA061327-01A1,live,,Adaptive Interventions for Co-Occurring OUD and PTSD,2025,No,,11.5,,,No,No,,https://reporter.nih.gov/project-details/11218894,"Lisa Seidel Meredith, Katherine E Watkins",
HDP01646,1R01CA291906-01A1,live,,Determining the function of medium to large diameter sensory neurons in paclitaxel-induced pain via large-scale in vivo DRG imaging,2025,No,,11.5,,,No,No,,https://reporter.nih.gov/project-details/11102618,Qin  Zheng,
HDP01647,5R01DA059457-02,live,,"A Growing Crisis of Novel Injection-Related Wounds and Skin & Soft Tissue Infections among People Who Inject Drugs: A Community-Based, Longitudinal Investigation in North Carolina",2025,No,,11.5,,,No,No,,https://reporter.nih.gov/project-details/11195152,Jon Eric Zibbell,
HDP01648,1U01DA063352-01,live,,"Development of the anti-fentanyl monoclonal antibody, CSX-1004, for prophylaxis against fentanyl and fentanyl analog overdose",2025,No,,11.5,,,No,No,,https://reporter.nih.gov/project-details/11179758,Andrew  Barrett,
HDP01649,1R01DA062186-01A1,live,,Optimizing methadone treatment strategies for opioid use disorder in the era of fentanyl,2025,No,,11.5,,,No,No,,https://reporter.nih.gov/project-details/11161008,"Francesca  Beaudoin, Rachel  Wightman, Andrew Reis Zullo",
HDP01650,1R18EB037603-01,live,,"Implantable, Degradable Drug Delivery Devices for Non-Opioid Post-Surgical Pain Management",2025,No,,11.5,,,No,No,,https://reporter.nih.gov/project-details/11215368,Kelly Anne Burke,
HDP01651,1K24DA063801-01,live,,Mentoring in Patient Oriented Research for Digital Biomarker-Driven Solutions to prevent and Treat Opioid Use Disorder,2025,No,,11.5,,,No,No,,https://reporter.nih.gov/project-details/11213182,STEPHANIE P CARREIRO,
HDP01652,1UG3NS145203-01,live,,Coordinated cARe paiN mAnagement Technology ImplementatiON (CARNATION),2025,No,,11.5,,,No,No,,https://reporter.nih.gov/project-details/11228701,"Nicole Jill Cook, LYNN L. DeBar, RACHEL  GOLD",
HDP01653,1UG3DA062905-01,live,,Validating an Opioid Craving Assessment for FDA Qualification as a Drug Development Tool,2025,Yes,,46.2,,,No,No,,https://reporter.nih.gov/project-details/11134822,"Cecilia  Bergeria, Jennifer D Ellis",
HDP01654,1R18EB037604-01,live,,"SmartStim, a novel implantable neuromodulation system to cure chronic pain.",2025,No,,11.5,,,No,No,,https://reporter.nih.gov/project-details/11215698,Bin  Feng,
HDP01655,1UG3NS143650-01,live,,Development of MMP-9 inhibitory monoclonal antibodies to relieve neuropathic pain,2025,No,,11.5,,,No,No,,https://reporter.nih.gov/project-details/11196598,"Xin  Ge, RU-RONG  JI",
HDP01656,5R90NR021799-02,live,,PRomoting Excellence through Pain and Addiction Research Enhancement (PREPARE),2025,No,,11.5,,,No,No,,https://reporter.nih.gov/project-details/11167686,Burel R. Goodin,
HDP01657,1RM1NS140316-01,live,,Cannabis Use Impact on Pain and Recovery Post-Surgery - The Role of the Endocannabinoid System,2025,Yes,,7.7,Vivli,,No,No,,https://reporter.nih.gov/project-details/11032984,"Susan L Ingram, Jelena  Klawitter, Jost  Klawitter, Emily  Lindley, Rachael  Rzasa Lynn, Slobodan M. Todorovic",
HDP01658,1R61DA063659-01,live,,PeRsOnlized MethadOne TrEatment (PROMOTE) by implementing shared decision making,2025,No,,11.5,,,No,No,,https://reporter.nih.gov/project-details/11216807,"Paul J Joudrey, Cristina  Murray-Krezan",
HDP01659,5R37DA060183-02,live,,Localize Opioid Use Disorder (LOUD) response to increase medication access,2025,No,,11.5,,,No,No,,https://reporter.nih.gov/project-details/11196073,"Paul J Joudrey, Marynia  Kolak",
HDP01660,1UC2AR086503-01,live,,Biopsychosocial determinants of pediatric-onset chronic musculoskeletal pain,2025,Yes,,7.7,,,No,No,,https://reporter.nih.gov/project-details/11228515,"Michael P Jankowski, Susmita  Kashikar-Zuck, Christopher D King",
HDP01661,5R21DA061660-02,live,,Simulating the Impact of Office-Based Methadone Prescribing and Pharmacy Dispensing on OUD Treatment and Overdose in New York State: An Agent-Based Modeling Approach,2025,No,,11.5,,,No,No,,https://reporter.nih.gov/project-details/11126862,"Ashly Elizabeth Jordan, Noa  Krawczyk",
HDP01662,1R01DA063662-01,live,,Shifting the Landscape in Primary Substance Use Prevention for Rural America: The Integrated Community Engagement (ICE) Collaborative Cluster Trial,2025,No,,11.5,,,No,No,,https://reporter.nih.gov/project-details/11218266,Alfgeir  Kristjansson,
HDP01663,5R42NS129395-03,live,,"Developing Active Stimulation and Monitoring Technologies to Optimize Pain and Nociception Management During Regional Anesthesia, General Anesthesia, and Post-Operative Care",2025,No,,11.5,,,No,No,,https://reporter.nih.gov/project-details/11176849,"Tuan  Le Mau, Patrick L. Purdon",
HDP01664,1R01DA060898-01A1,live,,"HOSPITAL-TO-HOUSING: UNDERSTANDING THE IMPACT AND IMPLEMENTATION OF A MEDICALLY SUPPORTED TRANSITIONAL HOUSING MODEL TO ADDRESS OPIOID USE DISORDER, HOMELESSNESS, AND MEDICAL COMPLEXITY",2025,No,,11.5,,,No,No,,https://reporter.nih.gov/project-details/11132127,Margaret  Lowenstein,
HDP01665,1R34DA060172-01A1,live,,An Adaptive Psychological Intervention to Improve Pain and Reduce Opioid Use following an Injury,2025,No,,11.5,,,No,No,,https://reporter.nih.gov/project-details/11122039,Lisa  Matero,
HDP01666,1K99NS142248-01,live,,Sex-dependent control of nociception by meningeal regulatory T cells,2025,No,,11.5,,,No,No,,https://reporter.nih.gov/project-details/11111101,Elora  Midavaine,
HDP01667,1R01HD117068-01A1,live,,Understanding vulvodynia: Using machine-learning-based modeling to identify factors associated with resolution and persistence of vulvar pain,2025,Yes,,69.2,,,No,No,,https://reporter.nih.gov/project-details/11205895,"Caroline M Mitchell, Laura A Payne",10.60490/HDP01667
HDP01668,1UG3DA063353-01,live,,Novel 5-HT2A/mGluR5 Antagonist for Opioid Use Disorder,2025,No,,11.5,,,No,No,,https://reporter.nih.gov/project-details/11179692,"FREDERICK Gerard MOELLER, Caitlin Eileen Martin",
HDP01669,1R43DA064271-01,live,,Device-Agnostic Hypoxia Detection Software for Overdose Prediction and Positive Reversal Monitoring,2025,No,,11.5,,,No,No,,https://reporter.nih.gov/project-details/11239728,"Anush  Lingamoorthy, Olumuyiwa  Oni",
HDP01670,1R61DA061325-01A1,live,,Addressing violence in the context of opioid use disorder care,2025,Yes,,7.7,,,No,No,,https://reporter.nih.gov/project-details/11217702,Lindsay Marie Orchowski,
HDP01671,1U24DA064498-01,live,,"Community-Engaged Research Resource Center (CERRC): An A.C.T.I.O.N. Framework (Assess, Collaborate, Technical assistance, Implement, Optimize, Nurture)",2025,No,,11.5,,,No,No,,https://reporter.nih.gov/project-details/11261555,ASHLI J SHEIDOW,
HDP01672,1R01AT013489-01,live,,Gut Microbiome and Individual Differences in Lumbosacral Radicular Pain,2025,No,,11.5,,,No,No,,https://reporter.nih.gov/project-details/11210917,"Ping  Chen, Shiqian  Shen",
HDP01673,4R44DA059017-02,live,,Real World Adoption of an OUD Digital Health Therapeutic,2025,No,,11.5,,,No,No,,https://reporter.nih.gov/project-details/11301042,Gregg  Siegel,
HDP01674,1UC2AR086243-01,live,,Whole person experience of pain: Novel integration with low back pain phenotypes,2025,No,,11.5,,,No,No,,https://reporter.nih.gov/project-details/11211579,"Gwendolyn A Sowa, NAM V VO",
HDP01675,1R41DE034604-01A1,live,,Nanodroplet Infused Analgesic-Wafer for Transmucosal Opioid-free Treatment of Subacute Oral Pain,2025,No,,11.5,,,No,No,,https://reporter.nih.gov/project-details/11183456,CHUN  WANG,
HDP01676,1U24DA064520-01,live,,JUSTResearch Community Engaged Research Resource Center (CERRC),2025,No,,11.5,,,No,No,,https://reporter.nih.gov/project-details/11262599,"DEANNA  HOSKINS, Emily Ai-hua Wang",
HDP01677,1UG3AT013497-01,live,,A Pragmatic Trial of Emotional Awareness and Expression Therapy for Veterans with Chronic Pain,2025,No,,11.5,,,No,No,,https://reporter.nih.gov/project-details/11229006,Brandon C Yarns,
HDP01678,3U54EB033650-03S4,live,,Center for Innovative NeuroTech Advancement - CINTA,2024,No,,11.5,,,No,No,,https://reporter.nih.gov/project-details/11181982,"Paolo  Bonato, STEVEN C. SCHACHTER",
HDP01679,1UG3NS137282-01A1,live,,A fully-implanted spinal cord stimulation system to restore sensation and relieve phantom limb pain after lower-limb amputation,2025,No,,11.5,,,No,No,,https://reporter.nih.gov/project-details/11131381,LEE E FISHER,
HDP01680,3U54EB033664-04S9,live,,NeuroTech Harbor: Optimizer #20386,2025,No,,11.5,,,No,No,,https://reporter.nih.gov/project-details/11373422,"Sridevi V. Sarma, NITISH VYOMESH THAKOR, Youseph  Yazdi",
HDP01681,3U54EB033664-04S7,live,,NeuroTech Harbor: Optimizer #18406,2025,No,,11.5,,,No,No,,https://reporter.nih.gov/project-details/11349109,"Sridevi V. Sarma, NITISH VYOMESH THAKOR, Youseph  Yazdi",
HDP01682,3U54EB033664-04S3,live,,NeuroTech Harbor: Optimizer #18677,2025,No,,11.5,,,No,No,,https://reporter.nih.gov/project-details/11348306,"Sridevi V. Sarma, NITISH VYOMESH THAKOR, Youseph  Yazdi",
HDP01683,1R61DA062217-01,live,,A Universal Primary Care Based Intervention to Reduce Youth Overdose Risk,2024,Yes,NCT07022717,30.8,NAHDAP,,No,No,,https://reporter.nih.gov/project-details/11033346,"Sarah M Bagley, Amy  Yule",
HDP01684,1R21DA062256-01,live,,The Youth Empowerment Study (YES),2024,Yes,,7.7,NAHDAP,,No,No,,https://reporter.nih.gov/project-details/11054860,"Sarah M Bagley, TRACI C GREEN",
HDP01685,4R33AT012187-02,live,,Total-body PET for assessing myofascial pain,2025,No,,11.5,,,No,No,,https://reporter.nih.gov/project-details/11369497,"Abhijit J Chaudhari, Lorenzo  Nardo",
HDP01686,CTN-0158,live,,Extended-Release vs Sublingual Buprenorphine for Adolescent Opioid Use Disorder (ERA),,No,,7.7,,,No,No,,,"Mark Fishman, Lisa A. Marsch, Edward V. Nunes, Jr",
HDP01687,CTN-0098,live,,EXHIT ENTRE Implementation Trial of High Intensity Versus Low Intensity Strategy,,Yes,NCT04921787,61.5,NIDA Data Share,,No,No,,,Gavin Bart,
HDP01688,4R33DA059168-02,live,,The Use of Novel Linked Databasesto Reduce Postoperative Opioid Use Among Patients Undergoing Inpatient Surgery,2025,Yes,,7.7,,,No,No,,https://reporter.nih.gov/project-details/11363268,"Douglas Alastair Colquhoun, Eric  Sun",
HDP01689,4R33AT012185-02,live,,MRI-based quantitative characterization of impaired myofascial interface properties in myofascial pain syndrome,2025,Yes,NCT07278570,84.6,,,No,No,,https://reporter.nih.gov/project-details/11363551,"Brent A Bauer, Ziying  Yin",
HDP01690,4R33DA059887-03,live,,Testing an occupational stress intervention for harm reduction workers in substance misuse settings,2026,Yes,NCT07177014,80.8,NAHDAP,,No,No,,https://reporter.nih.gov/project-details/11367034,SUZANNAH K CREECH,
HDP01691,4R33DA059033-02,live,,Implementing a patient navigation intervention across a health system to improve outcomes for patients with opioid use disorder,2025,No,,11.5,,,No,No,,https://reporter.nih.gov/project-details/11360494,"Karen  Alexander, Jan  Gryczynski",
HDP01692,5UH3DA048338-04,live,,A Long-Acting Bioabsorbable Naltrexone Subcutaneous Implant for Opioid Use Disorder,2025,No,,11.5,,,No,No,,https://reporter.nih.gov/project-details/11086785,"Jeffrey  Benner, Steven M Cohen",
HDP01693,4R33NS133083-02,live,,Establishment and Validation of a Novel Animal Model of Fibromyalgia,2025,Yes,,7.7,Harvard Dataverse,,No,No,,https://reporter.nih.gov/project-details/11204761,JIANREN  MAO,
HDP01694,1U01HD116257-01,live,,Implementing and Personalizing Best-In-Class Opioid-sparing Pain Management for Major Inpatient Surgeries in Children - Cardiac,2024,Yes,NCT06626035,86.5,NICHD DASH,,No,No,,https://reporter.nih.gov/project-details/10990745,"Vidya  Chidambaran, Senthilkumar  Sadhasivam",
HDP01695,1U01HD116257-01,live,,Implementing and Personalizing Best-In-Class Opioid-sparing Pain Management for Major Inpatient Surgeries in Children - Spine,2024,Yes,NCT06626035,86.5,NICHD DASH,,No,No,,https://reporter.nih.gov/project-details/10990745,"Vidya  Chidambaran, Senthilkumar  Sadhasivam",
HDP01696,1K23DA063654-01,live,,Prescribe to Prevent HIV,2025,No,,11.5,,,No,No,,https://reporter.nih.gov/project-details/11203717,Raagini  Jawa,
